1	-66.9867139218	10.4847087413	__export__.isp_zone_10_cc081805	post
2	-66.986634881	10.484735347	__export__.isp_zone_10_cc081805	post
3	-66.9864720357	10.4848517089	__export__.isp_zone_10_cc081805	post
4	-66.9863523156	10.4848056189	__export__.isp_zone_10_cc081805	post
5	-66.9861567273	10.4847195216	__export__.isp_zone_10_cc081805	post
6	-66.9858892358	10.484596873	__export__.isp_zone_10_cc081805	post
7	-66.9856457921	10.4844887262	__export__.isp_zone_10_cc081805	post
8	-66.9852873249	10.4844158055	__export__.isp_zone_10_cc081805	post
9	-66.9850572522	10.4844375321	__export__.isp_zone_10_cc081805	post
10	-66.9848009699	10.4844799378	__export__.isp_zone_10_cc081805	post
11	-66.9848459327	10.4845122259	__export__.isp_zone_10_cc081805	post
12	-66.9849570868	10.4846419918	__export__.isp_zone_10_cc081805	post
13	-66.9850306304	10.4847004117	__export__.isp_zone_10_cc081805	post
14	-66.9851850994	10.4848297055	__export__.isp_zone_10_cc081805	post
15	-66.9846715794	10.4843598491	__export__.isp_zone_10_cc081805	post
16	-66.9845000643	10.4841808311	__export__.isp_zone_10_cc081805	post
17	-66.9843007046	10.484023218	__export__.isp_zone_10_cc081805	post
18	-66.9852664487	10.48430094	__export__.isp_zone_10_cc081805	post
19	-66.984937476	10.4843536291	__export__.isp_zone_10_cc081805	post
20	-66.9851741026	10.4841029672	__export__.isp_zone_10_cc081805	post
21	-66.9849471678	10.484175116	__export__.isp_zone_10_cc081805	post
22	-66.9846264331	10.4841825633	__export__.isp_zone_10_cc081805	post
23	-66.9851247211	10.4839763132	__export__.isp_zone_10_cc081805	post
24	-66.9849041651	10.4839356029	__export__.isp_zone_10_cc081805	post
25	-66.9847589885	10.4839550358	__export__.isp_zone_10_cc081805	post
26	-66.9845812533	10.4838118421	__export__.isp_zone_10_cc081805	post
27	-66.9843753438	10.4837843232	__export__.isp_zone_10_cc081805	post
28	-66.9842419162	10.4838657259	__export__.isp_zone_10_cc081805	post
29	-66.9840376193	10.4839492274	__export__.isp_zone_10_cc081805	post
30	-66.9840105084	10.4840623662	__export__.isp_zone_10_cc081805	post
31	-66.9839590471	10.483941395	__export__.isp_zone_10_cc081805	post
32	-66.9838967099	10.4841605919	__export__.isp_zone_10_cc081805	post
33	-66.9838509577	10.4838629246	__export__.isp_zone_10_cc081805	post
34	-66.9836770042	10.4838125002	__export__.isp_zone_10_cc081805	post
35	-66.9836717635	10.4837189882	__export__.isp_zone_10_cc081805	post
36	-66.9835323184	10.4838123405	__export__.isp_zone_10_cc081805	post
37	-66.9838329189	10.4839371871	__export__.isp_zone_10_cc081805	post
38	-66.9837617006	10.4839522893	__export__.isp_zone_10_cc081805	post
39	-66.9837325981	10.484112324	__export__.isp_zone_10_cc081805	post
40	-66.9836208497	10.4840061063	__export__.isp_zone_10_cc081805	post
41	-66.9835846521	10.4841199256	__export__.isp_zone_10_cc081805	post
42	-66.9835278996	10.4840254964	__export__.isp_zone_10_cc081805	post
43	-66.9834664528	10.4841310121	__export__.isp_zone_10_cc081805	post
44	-66.9834298155	10.4840183774	__export__.isp_zone_10_cc081805	post
45	-66.9833487686	10.4841720891	__export__.isp_zone_10_cc081805	post
46	-66.9833422392	10.4840079021	__export__.isp_zone_10_cc081805	post
47	-66.9832796576	10.4841309775	__export__.isp_zone_10_cc081805	post
48	-66.9832014406	10.4838208203	__export__.isp_zone_10_cc081805	post
49	-66.983275833	10.4836640751	__export__.isp_zone_10_cc081805	post
50	-66.9833706532	10.4835159964	__export__.isp_zone_10_cc081805	post
51	-66.9831347112	10.4837882322	__export__.isp_zone_10_cc081805	post
52	-66.9829310849	10.483802257	__export__.isp_zone_10_cc081805	post
53	-66.9826589078	10.4837931632	__export__.isp_zone_10_cc081805	post
54	-66.9825880582	10.4839389432	__export__.isp_zone_10_cc081805	post
55	-66.9824987847	10.4837344172	__export__.isp_zone_10_cc081805	post
56	-66.9824532696	10.4838348625	__export__.isp_zone_10_cc081805	post
57	-66.9824836824	10.4836138342	__export__.isp_zone_10_cc081805	post
58	-66.9823938817	10.4836504067	__export__.isp_zone_10_cc081805	post
59	-66.9823269385	10.4837320111	__export__.isp_zone_10_cc081805	post
60	-66.9823466056	10.483548251	__export__.isp_zone_10_cc081805	post
61	-66.9822919218	10.4835267813	__export__.isp_zone_10_cc081805	post
62	-66.9822342949	10.4835026182	__export__.isp_zone_10_cc081805	post
63	-66.9822999082	10.483349251	__export__.isp_zone_10_cc081805	post
64	-66.9821707681	10.4834696649	__export__.isp_zone_10_cc081805	post
65	-66.9822133521	10.4833618207	__export__.isp_zone_10_cc081805	post
66	-66.9821231843	10.4834600056	__export__.isp_zone_10_cc081805	post
67	-66.982022474	10.4834246358	__export__.isp_zone_10_cc081805	post
68	-66.9819622758	10.4834045987	__export__.isp_zone_10_cc081805	post
69	-66.9818973674	10.4835323408	__export__.isp_zone_10_cc081805	post
70	-66.9817274965	10.4832861003	__export__.isp_zone_10_cc081805	post
71	-66.9815270994	10.4832080555	__export__.isp_zone_10_cc081805	post
72	-66.9814690899	10.4831346826	__export__.isp_zone_10_cc081805	post
73	-66.9814525599	10.4830627764	__export__.isp_zone_10_cc081805	post
74	-66.9821556798	10.4837282474	__export__.isp_zone_10_cc081805	post
75	-66.9819998084	10.4838407209	__export__.isp_zone_10_cc081805	post
76	-66.9819797378	10.4838835396	__export__.isp_zone_10_cc081805	post
77	-66.9819261536	10.4838098232	__export__.isp_zone_10_cc081805	post
78	-66.9818862098	10.4838770371	__export__.isp_zone_10_cc081805	post
79	-66.9818696444	10.4837867821	__export__.isp_zone_10_cc081805	post
80	-66.9816956628	10.4836702772	__export__.isp_zone_10_cc081805	post
81	-66.9816185399	10.4837454511	__export__.isp_zone_10_cc081805	post
82	-66.9815760579	10.4835928351	__export__.isp_zone_10_cc081805	post
83	-66.9815104148	10.4836687348	__export__.isp_zone_10_cc081805	post
84	-66.9815036658	10.4835278145	__export__.isp_zone_10_cc081805	post
85	-66.981380072	10.4836579621	__export__.isp_zone_10_cc081805	post
86	-66.9814450216	10.483484873	__export__.isp_zone_10_cc081805	post
87	-66.9813721559	10.4835846742	__export__.isp_zone_10_cc081805	post
88	-66.9812405587	10.4831767578	__export__.isp_zone_10_cc081805	post
89	-66.9809772532	10.4831731946	__export__.isp_zone_10_cc081805	post
90	-66.9806137238	10.4828350379	__export__.isp_zone_10_cc081805	post
91	-66.9804768791	10.4829114074	__export__.isp_zone_10_cc081805	post
92	-66.9805269873	10.4830886221	__export__.isp_zone_10_cc081805	post
93	-66.9806757016	10.4833201622	__export__.isp_zone_10_cc081805	post
94	-66.9809333461	10.4836195887	__export__.isp_zone_10_cc081805	post
95	-66.9812234105	10.4838912086	__export__.isp_zone_10_cc081805	post
96	-66.981351803	10.4839707729	__export__.isp_zone_10_cc081805	post
97	-66.9814646949	10.4840528048	__export__.isp_zone_10_cc081805	post
98	-66.9803333426	10.4827634536	__export__.isp_zone_10_cc081805	post
99	-66.9803650569	10.4825696136	__export__.isp_zone_10_cc081805	post
100	-66.9800688055	10.4827303521	__export__.isp_zone_10_cc081805	post
101	-66.9798006858	10.4827823571	__export__.isp_zone_10_cc081805	post
102	-66.9794582792	10.4829123273	__export__.isp_zone_10_cc081805	post
103	-66.9792648828	10.4828224784	__export__.isp_zone_10_cc081805	post
104	-66.9790011206	10.4826796268	__export__.isp_zone_10_cc081805	post
105	-66.9789450029	10.4828165118	__export__.isp_zone_10_cc081805	post
106	-66.9788106458	10.4826691213	__export__.isp_zone_10_cc081805	post
107	-66.9789818773	10.4824769767	__export__.isp_zone_10_cc081805	post
108	-66.9787522856	10.482700713	__export__.isp_zone_10_cc081805	post
109	-66.9787298321	10.4824142008	__export__.isp_zone_10_cc081805	post
110	-66.9788178216	10.4823992744	__export__.isp_zone_10_cc081805	post
111	-66.978695159	10.4822500321	__export__.isp_zone_10_cc081805	post
112	-66.9789269757	10.4821791609	__export__.isp_zone_10_cc081805	post
113	-66.9786810188	10.4821756442	__export__.isp_zone_10_cc081805	post
114	-66.9788124281	10.4821212194	__export__.isp_zone_10_cc081805	post
115	-66.9785796856	10.4819729319	__export__.isp_zone_10_cc081805	post
116	-66.9787224215	10.4818463901	__export__.isp_zone_10_cc081805	post
117	-66.9789123394	10.4817220195	__export__.isp_zone_10_cc081805	post
118	-66.9784368116	10.4817926561	__export__.isp_zone_10_cc081805	post
119	-66.9786058501	10.4816738694	__export__.isp_zone_10_cc081805	post
120	-66.9788005114	10.4815386455	__export__.isp_zone_10_cc081805	post
121	-66.9782835598	10.4815230787	__export__.isp_zone_10_cc081805	post
122	-66.9784399491	10.4814120646	__export__.isp_zone_10_cc081805	post
123	-66.9781511839	10.4814883387	__export__.isp_zone_10_cc081805	post
124	-66.9782112366	10.4814275601	__export__.isp_zone_10_cc081805	post
125	-66.9780468939	10.4811975739	__export__.isp_zone_10_cc081805	post
126	-66.9781523746	10.4810844973	__export__.isp_zone_10_cc081805	post
127	-66.9779702034	10.4811143077	__export__.isp_zone_10_cc081805	post
128	-66.9781459542	10.4809776918	__export__.isp_zone_10_cc081805	post
129	-66.9778743507	10.4809705135	__export__.isp_zone_10_cc081805	post
130	-66.9779695567	10.4808697983	__export__.isp_zone_10_cc081805	post
131	-66.9776553043	10.4807745111	__export__.isp_zone_10_cc081805	post
132	-66.9776887486	10.4807159954	__export__.isp_zone_10_cc081805	post
133	-66.9775984688	10.4805455959	__export__.isp_zone_10_cc081805	post
134	-66.9777726341	10.4804031534	__export__.isp_zone_10_cc081805	post
135	-66.9775209598	10.4804711518	__export__.isp_zone_10_cc081805	post
136	-66.9773776441	10.4801821552	__export__.isp_zone_10_cc081805	post
137	-66.977446598	10.480136048	__export__.isp_zone_10_cc081805	post
138	-66.9775174076	10.4801859233	__export__.isp_zone_10_cc081805	post
139	-66.9776185396	10.4802218846	__export__.isp_zone_10_cc081805	post
140	-66.9776662671	10.4801532718	__export__.isp_zone_10_cc081805	post
141	-66.9777631522	10.4800438595	__export__.isp_zone_10_cc081805	post
142	-66.9778415207	10.4804267068	__export__.isp_zone_10_cc081805	post
143	-66.9779246718	10.4805892355	__export__.isp_zone_10_cc081805	post
144	-66.9780045059	10.4806399598	__export__.isp_zone_10_cc081805	post
145	-66.978119372	10.4805352519	__export__.isp_zone_10_cc081805	post
146	-66.9781963759	10.4804038793	__export__.isp_zone_10_cc081805	post
147	-66.9783311955	10.4809102792	__export__.isp_zone_10_cc081805	post
148	-66.9772849404	10.4804626629	__export__.isp_zone_10_cc081805	post
149	-66.977175499	10.4804284154	__export__.isp_zone_10_cc081805	post
150	-66.9774030119	10.4807602053	__export__.isp_zone_10_cc081805	post
151	-66.9772413471	10.4807765447	__export__.isp_zone_10_cc081805	post
152	-66.9774602887	10.4809592672	__export__.isp_zone_10_cc081805	post
153	-66.9772890726	10.4809830766	__export__.isp_zone_10_cc081805	post
154	-66.9775316357	10.4811936683	__export__.isp_zone_10_cc081805	post
155	-66.9775509624	10.4812593363	__export__.isp_zone_10_cc081805	post
156	-66.9774237097	10.4813195832	__export__.isp_zone_10_cc081805	post
157	-66.9776190927	10.4814122188	__export__.isp_zone_10_cc081805	post
158	-66.9772251327	10.4800896856	__export__.isp_zone_10_cc081805	post
159	-66.9770136075	10.4799111243	__export__.isp_zone_10_cc081805	post
160	-66.9769280577	10.4798228923	__export__.isp_zone_10_cc081805	post
161	-66.9769274777	10.4799348421	__export__.isp_zone_10_cc081805	post
162	-66.9768098685	10.479859457	__export__.isp_zone_10_cc081805	post
163	-66.9768246173	10.480059736	__export__.isp_zone_10_cc081805	post
164	-66.9766769384	10.4799675514	__export__.isp_zone_10_cc081805	post
165	-66.9768474115	10.4801595999	__export__.isp_zone_10_cc081805	post
166	-66.9769958908	10.4802308565	__export__.isp_zone_10_cc081805	post
167	-66.9767653518	10.4803175165	__export__.isp_zone_10_cc081805	post
168	-66.976705508	10.4803776807	__export__.isp_zone_10_cc081805	post
169	-66.9767075231	10.4806250509	__export__.isp_zone_10_cc081805	post
170	-66.9765430115	10.4806703432	__export__.isp_zone_10_cc081805	post
171	-66.9764238488	10.4807030609	__export__.isp_zone_10_cc081805	post
172	-66.9767682581	10.4806664857	__export__.isp_zone_10_cc081805	post
173	-66.9768803479	10.4809154518	__export__.isp_zone_10_cc081805	post
174	-66.9765159077	10.4802412759	__export__.isp_zone_10_cc081805	post
175	-66.9764739713	10.4801475047	__export__.isp_zone_10_cc081805	post
176	-66.976379173	10.4803005198	__export__.isp_zone_10_cc081805	post
177	-66.9764520777	10.4799921085	__export__.isp_zone_10_cc081805	post
178	-66.9764018092	10.4797642007	__export__.isp_zone_10_cc081805	post
179	-66.9764160068	10.4796251671	__export__.isp_zone_10_cc081805	post
180	-66.976481046	10.4795443605	__export__.isp_zone_10_cc081805	post
181	-66.9763982571	10.4794449634	__export__.isp_zone_10_cc081805	post
182	-66.9763050237	10.4793725371	__export__.isp_zone_10_cc081805	post
183	-66.9762053567	10.4789901851	__export__.isp_zone_10_cc081805	post
184	-66.9761309741	10.4789086002	__export__.isp_zone_10_cc081805	post
185	-66.9761879451	10.4788678908	__export__.isp_zone_10_cc081805	post
186	-66.9760609291	10.4788629931	__export__.isp_zone_10_cc081805	post
187	-66.9758792127	10.4787497482	__export__.isp_zone_10_cc081805	post
188	-66.9756089737	10.4785273551	__export__.isp_zone_10_cc081805	post
189	-66.975503285	10.4784402357	__export__.isp_zone_10_cc081805	post
190	-66.975284749	10.4783177956	__export__.isp_zone_10_cc081805	post
191	-66.9749834009	10.4781893806	__export__.isp_zone_10_cc081805	post
192	-66.9748337023	10.4783097133	__export__.isp_zone_10_cc081805	post
193	-66.9747016003	10.4784111758	__export__.isp_zone_10_cc081805	post
194	-66.9746197584	10.4785657887	__export__.isp_zone_10_cc081805	post
195	-66.9747987185	10.4787262794	__export__.isp_zone_10_cc081805	post
196	-66.9749016576	10.4789258699	__export__.isp_zone_10_cc081805	post
197	-66.9749322141	10.4790392373	__export__.isp_zone_10_cc081805	post
198	-66.9748555753	10.4788336859	__export__.isp_zone_10_cc081805	post
199	-66.9748510154	10.4789359033	__export__.isp_zone_10_cc081805	post
200	-66.9745165468	10.478553236	__export__.isp_zone_10_cc081805	post
201	-66.9744080386	10.4784562219	__export__.isp_zone_10_cc081805	post
202	-66.9742159324	10.4783748717	__export__.isp_zone_10_cc081805	post
203	-66.9740837069	10.4781288047	__export__.isp_zone_10_cc081805	post
204	-66.9740788848	10.4779738547	__export__.isp_zone_10_cc081805	post
205	-66.9739950952	10.4778498828	__export__.isp_zone_10_cc081805	post
206	-66.9748060415	10.4781052921	__export__.isp_zone_10_cc081805	post
207	-66.9747746004	10.4779993761	__export__.isp_zone_10_cc081805	post
208	-66.9746686861	10.4777951903	__export__.isp_zone_10_cc081805	post
209	-66.9745721553	10.4777227765	__export__.isp_zone_10_cc081805	post
210	-66.9747856231	10.4775773946	__export__.isp_zone_10_cc081805	post
211	-66.9742993793	10.4775493761	__export__.isp_zone_10_cc081805	post
212	-66.9743676115	10.4774685765	__export__.isp_zone_10_cc081805	post
213	-66.9742062174	10.4774908	__export__.isp_zone_10_cc081805	post
214	-66.9742599171	10.4774303811	__export__.isp_zone_10_cc081805	post
215	-66.9741446779	10.4769608959	__export__.isp_zone_10_cc081805	post
216	-66.9740901318	10.4769685493	__export__.isp_zone_10_cc081805	post
217	-66.9740648778	10.4767922592	__export__.isp_zone_10_cc081805	post
218	-66.9740035688	10.4765684058	__export__.isp_zone_10_cc081805	post
219	-66.9741897652	10.4764481657	__export__.isp_zone_10_cc081805	post
220	-66.9742768366	10.4764501127	__export__.isp_zone_10_cc081805	post
221	-66.9743867787	10.47630543	__export__.isp_zone_10_cc081805	post
222	-66.9745483884	10.4766332446	__export__.isp_zone_10_cc081805	post
223	-66.9747977865	10.4770226183	__export__.isp_zone_10_cc081805	post
224	-66.9750347013	10.4770581881	__export__.isp_zone_10_cc081805	post
225	-66.9750372304	10.4771416606	__export__.isp_zone_10_cc081805	post
226	-66.9750628705	10.4772734893	__export__.isp_zone_10_cc081805	post
227	-66.9739625978	10.4768666598	__export__.isp_zone_10_cc081805	post
228	-66.9738897333	10.4769469138	__export__.isp_zone_10_cc081805	post
229	-66.9737317544	10.4772304031	__export__.isp_zone_10_cc081805	post
230	-66.9736820346	10.4773669157	__export__.isp_zone_10_cc081805	post
231	-66.9738207559	10.4775465497	__export__.isp_zone_10_cc081805	post
232	-66.9738886643	10.476519559	__export__.isp_zone_10_cc081805	post
233	-66.9736934829	10.4766286855	__export__.isp_zone_10_cc081805	post
234	-66.9738284803	10.4763220289	__export__.isp_zone_10_cc081805	post
235	-66.9737272738	10.4760828723	__export__.isp_zone_10_cc081805	post
236	-66.9736739556	10.4761239259	__export__.isp_zone_10_cc081805	post
237	-66.973392749	10.4760368533	__export__.isp_zone_10_cc081805	post
238	-66.9733006926	10.4758732501	__export__.isp_zone_10_cc081805	post
239	-66.9733816924	10.475776394	__export__.isp_zone_10_cc081805	post
240	-66.9732419555	10.4755689518	__export__.isp_zone_10_cc081805	post
241	-66.9734016643	10.4753549602	__export__.isp_zone_10_cc081805	post
242	-66.9733822944	10.4751477373	__export__.isp_zone_10_cc081805	post
243	-66.9735336323	10.4750855309	__export__.isp_zone_10_cc081805	post
244	-66.9732816254	10.4748770619	__export__.isp_zone_10_cc081805	post
245	-66.9730476967	10.474608164	__export__.isp_zone_10_cc081805	post
246	-66.9727076556	10.4741951318	__export__.isp_zone_10_cc081805	post
247	-66.9728458611	10.474317325	__export__.isp_zone_10_cc081805	post
248	-66.9733214982	10.4746133844	__export__.isp_zone_10_cc081805	post
249	-66.9736736577	10.4746206919	__export__.isp_zone_10_cc081805	post
250	-66.973783472	10.4749180018	__export__.isp_zone_10_cc081805	post
251	-66.9739386052	10.4752241987	__export__.isp_zone_10_cc081805	post
252	-66.9746260091	10.4757905546	__export__.isp_zone_10_cc081805	post
253	-66.9749246335	10.4760714573	__export__.isp_zone_10_cc081805	post
254	-66.9726246604	10.4742606588	__export__.isp_zone_10_cc081805	post
255	-66.9727286903	10.4746639596	__export__.isp_zone_10_cc081805	post
256	-66.9728451884	10.4749891113	__export__.isp_zone_10_cc081805	post
257	-66.9728364929	10.4751260052	__export__.isp_zone_10_cc081805	post
258	-66.972583078	10.4750957689	__export__.isp_zone_10_cc081805	post
259	-66.9721690405	10.4752784488	__export__.isp_zone_10_cc081805	post
260	-66.9722790969	10.4756733003	__export__.isp_zone_10_cc081805	post
261	-66.9725832674	10.4759856148	__export__.isp_zone_10_cc081805	post
262	-66.9727888458	10.4762658507	__export__.isp_zone_10_cc081805	post
263	-66.9725550295	10.4763648176	__export__.isp_zone_10_cc081805	post
264	-66.9724290276	10.4764293136	__export__.isp_zone_10_cc081805	post
265	-66.9722846087	10.476404435	__export__.isp_zone_10_cc081805	post
266	-66.9721525682	10.4764320699	__export__.isp_zone_10_cc081805	post
267	-66.9719375568	10.4765718293	__export__.isp_zone_10_cc081805	post
268	-66.9726148616	10.4741079602	__export__.isp_zone_10_cc081805	post
269	-66.972453346	10.4739323965	__export__.isp_zone_10_cc081805	post
270	-66.9722558108	10.473737484	__export__.isp_zone_10_cc081805	post
271	-66.9721996978	10.4737861341	__export__.isp_zone_10_cc081805	post
272	-66.9721554292	10.4735679567	__export__.isp_zone_10_cc081805	post
273	-66.9720812718	10.4733182036	__export__.isp_zone_10_cc081805	post
274	-66.9720178239	10.472991375	__export__.isp_zone_10_cc081805	post
275	-66.9720007414	10.4727398934	__export__.isp_zone_10_cc081805	post
276	-66.9719748683	10.4724598067	__export__.isp_zone_10_cc081805	post
277	-66.9719241146	10.4720605378	__export__.isp_zone_10_cc081805	post
278	-66.9717838758	10.4721744575	__export__.isp_zone_10_cc081805	post
279	-66.9715192875	10.4723361682	__export__.isp_zone_10_cc081805	post
280	-66.9718215639	10.4719107205	__export__.isp_zone_10_cc081805	post
281	-66.9722458417	10.47198609	__export__.isp_zone_10_cc081805	post
282	-66.9723607609	10.4721268411	__export__.isp_zone_10_cc081805	post
283	-66.9723733643	10.4723798108	__export__.isp_zone_10_cc081805	post
284	-66.9723655756	10.4727054561	__export__.isp_zone_10_cc081805	post
285	-66.9727466974	10.4729211992	__export__.isp_zone_10_cc081805	post
286	-66.9727018131	10.4730013909	__export__.isp_zone_10_cc081805	post
287	-66.973923349	10.4781675392	__export__.isp_zone_10_cc081805	post
288	-66.973963957	10.4784671912	__export__.isp_zone_10_cc081805	post
289	-66.9740374504	10.4786949077	__export__.isp_zone_10_cc081805	post
290	-66.9742902707	10.4788004757	__export__.isp_zone_10_cc081805	post
291	-66.9745023202	10.4790856877	__export__.isp_zone_10_cc081805	post
292	-66.9745409903	10.4793329688	__export__.isp_zone_10_cc081805	post
Marcador 133	-66.9772367924	10.476734278	__export__.isp_zone_10_cc081805	post
Marcador 134	-66.9783090055	10.477732238	__export__.isp_zone_10_cc081805	post
Marcador 135	-66.9789443538	10.4779689522	__export__.isp_zone_10_cc081805	post
Marcador 136	-66.9791166857	10.4779580726	__export__.isp_zone_10_cc081805	post
Marcador 137	-66.9794174284	10.4780767593	__export__.isp_zone_10_cc081805	post
Marcador 138	-66.9795354456	10.4784516112	__export__.isp_zone_10_cc081805	post
Marcador 139	-66.9795035943	10.4786952482	__export__.isp_zone_10_cc081805	post
Marcador 140	-66.9796058536	10.4788980041	__export__.isp_zone_10_cc081805	post
Marcador 141	-66.9797644392	10.4791660374	__export__.isp_zone_10_cc081805	post
Marcador 142	-66.9797748327	10.4787381072	__export__.isp_zone_10_cc081805	post
Marcador 143	-66.9798931852	10.4788525077	__export__.isp_zone_10_cc081805	post
Marcador 144	-66.9800504297	10.4791179035	__export__.isp_zone_10_cc081805	post
Marcador 145	-66.9802180678	10.4793905522	__export__.isp_zone_10_cc081805	post
Marcador 146	-66.9800883159	10.4787044794	__export__.isp_zone_10_cc081805	post
Marcador 147	-66.9802002981	10.4784796344	__export__.isp_zone_10_cc081805	post
Marcador 148	-66.9804433733	10.4787509649	__export__.isp_zone_10_cc081805	post
Marcador 149	-66.9805825129	10.478994272	__export__.isp_zone_10_cc081805	post
Marcador 150	-66.9807179645	10.4793743977	__export__.isp_zone_10_cc081805	post
Marcador 151	-66.9805087522	10.4796579257	__export__.isp_zone_10_cc081805	post
Marcador 152	-66.9807786494	10.4799510143	__export__.isp_zone_10_cc081805	post
Marcador 153	-66.9810317829	10.4802764115	__export__.isp_zone_10_cc081805	post
Marcador 154	-66.9806757197	10.480429714	__export__.isp_zone_10_cc081805	post
Marcador 155	-66.9803102687	10.4805546637	__export__.isp_zone_10_cc081805	post
Marcador 156	-66.9802894816	10.480853356	__export__.isp_zone_10_cc081805	post
Marcador 157	-66.9803293794	10.4811184205	__export__.isp_zone_10_cc081805	post
Marcador 158	-66.9805516675	10.481194577	__export__.isp_zone_10_cc081805	post
Marcador 159	-66.9808651507	10.4812535901	__export__.isp_zone_10_cc081805	post
Marcador 160	-66.9811568409	10.4811978738	__export__.isp_zone_10_cc081805	post
Marcador 161	-66.9798780978	10.4808843461	__export__.isp_zone_10_cc081805	post
Marcador 162	-66.9795562327	10.4810778696	__export__.isp_zone_10_cc081805	post
Marcador 163	-66.9791552424	10.4813508462	__export__.isp_zone_10_cc081805	post
Marcador 164	-66.9794573262	10.4814059031	__export__.isp_zone_10_cc081805	post
Marcador 165	-66.9797020778	10.4815272259	__export__.isp_zone_10_cc081805	post
Marcador 166	-66.9797272235	10.4818358077	__export__.isp_zone_10_cc081805	post
Marcador 167	-66.9788095728	10.4813076579	__export__.isp_zone_10_cc081805	post
Marcador 168	-66.9787203893	10.4810277579	__export__.isp_zone_10_cc081805	post
Marcador 169	-66.9786493108	10.4808322563	__export__.isp_zone_10_cc081805	post
Marcador 170	-66.978505142	10.4807096145	__export__.isp_zone_10_cc081805	post
Marcador 171	-66.9782620668	10.4804560886	__export__.isp_zone_10_cc081805	post
Marcador 172	-66.9782087579	10.4802108046	__export__.isp_zone_10_cc081805	post
Marcador 173	-66.9779586419	10.4799483768	__export__.isp_zone_10_cc081805	post
Marcador 174	-66.9777229428	10.4797304561	__export__.isp_zone_10_cc081805	post
1	-66.986593423	10.4843407703	__export__.isp_zone_10_cc081805	post
2	-66.9865302728	10.4841856354	__export__.isp_zone_10_cc081805	post
3	-66.9865227388	10.4839729923	__export__.isp_zone_10_cc081805	post
4	-66.9865775263	10.4839122539	__export__.isp_zone_10_cc081805	post
5	-66.9864439087	10.4837417464	__export__.isp_zone_10_cc081805	post
6	-66.9863345738	10.4835703026	__export__.isp_zone_10_cc081805	post
7	-66.9862215893	10.4833939886	__export__.isp_zone_10_cc081805	post
8	-66.9861063794	10.4831723921	__export__.isp_zone_10_cc081805	post
9	-66.9860709418	10.482992898	__export__.isp_zone_10_cc081805	post
10	-66.9860540773	10.4828141211	__export__.isp_zone_10_cc081805	post
11	-66.9848820562	10.4847611845	__export__.isp_zone_10_cc081805	post
12	-66.9847513371	10.4848976297	__export__.isp_zone_10_cc081805	post
13	-66.9836876291	10.4833078731	__export__.isp_zone_10_cc081805	post
14	-66.9849367492	10.4848486904	__export__.isp_zone_10_cc081805	post
15	-66.9849835687	10.4837418041	__export__.isp_zone_10_cc081805	post
16	-66.9851536266	10.4835119145	__export__.isp_zone_10_cc081805	post
18	-66.984078235	10.483345012	__export__.isp_zone_10_cc081805	post
19	-66.9841238866	10.483265862	__export__.isp_zone_10_cc081805	post
20	-66.9843025567	10.4832992167	__export__.isp_zone_10_cc081805	post
21	-66.9843996149	10.483382939	__export__.isp_zone_10_cc081805	post
22	-66.9845729216	10.4833302093	__export__.isp_zone_10_cc081805	post
23	-66.9845334725	10.4833639296	__export__.isp_zone_10_cc081805	post
24	-66.9846847567	10.4834168909	__export__.isp_zone_10_cc081805	post
25	-66.984588915	10.4831720487	__export__.isp_zone_10_cc081805	post
26	-66.9845981006	10.482986254	__export__.isp_zone_10_cc081805	post
27	-66.9846382802	10.4829734701	__export__.isp_zone_10_cc081805	post
31	-66.9846936713	10.4827995337	__export__.isp_zone_10_cc081805	post
32	-66.9847982002	10.4826408157	__export__.isp_zone_10_cc081805	post
33	-66.9851137383	10.4823818565	__export__.isp_zone_10_cc081805	post
34	-66.9858243365	10.4830292864	__export__.isp_zone_10_cc081805	post
35	-66.9858012153	10.4829198158	__export__.isp_zone_10_cc081805	post
36	-66.9862337319	10.4829072673	__export__.isp_zone_10_cc081805	post
37	-66.9860736495	10.4825726175	__export__.isp_zone_10_cc081805	post
38	-66.985957543	10.4823298806	__export__.isp_zone_10_cc081805	post
39	-66.9857244526	10.4823714598	__export__.isp_zone_10_cc081805	post
40	-66.9856380063	10.4823008441	__export__.isp_zone_10_cc081805	post
41	-66.9854350323	10.4822001838	__export__.isp_zone_10_cc081805	post
42	-66.9852345257	10.4824493892	__export__.isp_zone_10_cc081805	post
44	-66.9854991655	10.4820859076	__export__.isp_zone_10_cc081805	post
45	-66.9836958552	10.4830595703	__export__.isp_zone_10_cc081805	post
46	-66.9856202117	10.4819354157	__export__.isp_zone_10_cc081805	post
47	-66.9855405562	10.4818279723	__export__.isp_zone_10_cc081805	post
48	-66.9853392609	10.4817624263	__export__.isp_zone_10_cc081805	post
49	-66.9857194792	10.483087282	__export__.isp_zone_10_cc081805	post
50	-66.9850596462	10.4816219788	__export__.isp_zone_10_cc081805	post
51	-66.9858949978	10.4820279289	__export__.isp_zone_10_cc081805	post
52	-66.9860983742	10.4819743477	__export__.isp_zone_10_cc081805	post
53	-66.9861626071	10.4826844781	__export__.isp_zone_10_cc081805	post
54	-66.986525187	10.482976817	__export__.isp_zone_10_cc081805	post
55	-66.9865680736	10.4830013627	__export__.isp_zone_10_cc081805	post
56	-66.986602216	10.4831143381	__export__.isp_zone_10_cc081805	post
57	-66.9867470745	10.4829359992	__export__.isp_zone_10_cc081805	post
58	-66.9869074104	10.4831087181	__export__.isp_zone_10_cc081805	post
59	-66.9868615208	10.4831597207	__export__.isp_zone_10_cc081805	post
60	-66.9870443353	10.4832730649	__export__.isp_zone_10_cc081805	post
61	-66.9871798944	10.4833328846	__export__.isp_zone_10_cc081805	post
62	-66.9871516462	10.4833973583	__export__.isp_zone_10_cc081805	post
63	-66.9873174225	10.483486277	__export__.isp_zone_10_cc081805	post
64	-66.9873776263	10.483564479	__export__.isp_zone_10_cc081805	post
65	-66.9876019989	10.4839150168	__export__.isp_zone_10_cc081805	post
66	-66.987698493	10.48388005	__export__.isp_zone_10_cc081805	post
67	-66.9877501702	10.4840162878	__export__.isp_zone_10_cc081805	post
68	-66.9868818167	10.4828811921	__export__.isp_zone_10_cc081805	post
69	-66.9870656054	10.4828620804	__export__.isp_zone_10_cc081805	post
70	-66.9872720275	10.4829725996	__export__.isp_zone_10_cc081805	post
71	-66.9849393034	10.4822397236	__export__.isp_zone_10_cc081805	post
72	-66.9848345528	10.481992013	__export__.isp_zone_10_cc081805	post
73	-66.984610406	10.4818378368	__export__.isp_zone_10_cc081805	post
74	-66.9844357584	10.4817990465	__export__.isp_zone_10_cc081805	post
75	-66.9841616856	10.4816595983	__export__.isp_zone_10_cc081805	post
76	-66.984908021	10.4818106709	__export__.isp_zone_10_cc081805	post
77	-66.9848695108	10.4816339032	__export__.isp_zone_10_cc081805	post
78	-66.9845538818	10.4814352123	__export__.isp_zone_10_cc081805	post
79	-66.9845995554	10.4813134707	__export__.isp_zone_10_cc081805	post
80	-66.9839738958	10.4815031393	__export__.isp_zone_10_cc081805	post
81	-66.9841467426	10.4812913774	__export__.isp_zone_10_cc081805	post
82	-66.9842521058	10.481355428	__export__.isp_zone_10_cc081805	post
83	-66.9847343576	10.4811404959	__export__.isp_zone_10_cc081805	post
84	-66.9846337387	10.4811931461	__export__.isp_zone_10_cc081805	post
85	-66.9852685424	10.48278314	__export__.isp_zone_10_cc081805	post
86	-66.9837612572	10.4812464135	__export__.isp_zone_10_cc081805	post
87	-66.9839727215	10.4810193528	__export__.isp_zone_10_cc081805	post
88	-66.9841204311	10.4808577359	__export__.isp_zone_10_cc081805	post
89	-66.9835913721	10.4811194817	__export__.isp_zone_10_cc081805	post
90	-66.9834900305	10.4809847783	__export__.isp_zone_10_cc081805	post
91	-66.9832887267	10.4805818001	__export__.isp_zone_10_cc081805	post
92	-66.9833476097	10.4806927323	__export__.isp_zone_10_cc081805	post
93	-66.9831602551	10.4807391189	__export__.isp_zone_10_cc081805	post
94	-66.9828016444	10.4803536846	__export__.isp_zone_10_cc081805	post
95	-66.9831589476	10.4805530625	__export__.isp_zone_10_cc081805	post
96	-66.98265108	10.4801656449	__export__.isp_zone_10_cc081805	post
97	-66.9822988339	10.4800025219	__export__.isp_zone_10_cc081805	post
98	-66.9827161606	10.4812904874	__export__.isp_zone_10_cc081805	post
99	-66.9823657082	10.4810656492	__export__.isp_zone_10_cc081805	post
100	-66.9828349341	10.4810198833	__export__.isp_zone_10_cc081805	post
101	-66.9828561207	10.4808840095	__export__.isp_zone_10_cc081805	post
102	-66.9829624697	10.4807326065	__export__.isp_zone_10_cc081805	post
103	-66.9830607363	10.4808374327	__export__.isp_zone_10_cc081805	post
104	-66.9831645807	10.4810326963	__export__.isp_zone_10_cc081805	post
105	-66.9831980126	10.4812634357	__export__.isp_zone_10_cc081805	post
106	-66.9828267347	10.4806437102	__export__.isp_zone_10_cc081805	post
107	-66.9826879713	10.4805662639	__export__.isp_zone_10_cc081805	post
108	-66.9827055778	10.480770878	__export__.isp_zone_10_cc081805	post
109	-66.9825470929	10.4804322384	__export__.isp_zone_10_cc081805	post
110	-66.9823665201	10.4802657281	__export__.isp_zone_10_cc081805	post
111	-66.9817636359	10.479917426	__export__.isp_zone_10_cc081805	post
112	-66.9824840445	10.4797870035	__export__.isp_zone_10_cc081805	post
113	-66.9827622032	10.4799650657	__export__.isp_zone_10_cc081805	post
114	-66.9830606681	10.4800304339	__export__.isp_zone_10_cc081805	post
115	-66.9831841781	10.4797306259	__export__.isp_zone_10_cc081805	post
116	-66.9832168373	10.4800797812	__export__.isp_zone_10_cc081805	post
117	-66.9834352502	10.4802210683	__export__.isp_zone_10_cc081805	post
118	-66.9835161968	10.480131986	__export__.isp_zone_10_cc081805	post
119	-66.9835166698	10.4803235294	__export__.isp_zone_10_cc081805	post
120	-66.9836049648	10.4802097033	__export__.isp_zone_10_cc081805	post
121	-66.983804449	10.4800905657	__export__.isp_zone_10_cc081805	post
122	-66.9835827856	10.4804085099	__export__.isp_zone_10_cc081805	post
123	-66.9837206955	10.4805560348	__export__.isp_zone_10_cc081805	post
124	-66.9838517616	10.4805112124	__export__.isp_zone_10_cc081805	post
125	-66.9839450886	10.480356562	__export__.isp_zone_10_cc081805	post
126	-66.9840528571	10.4806350787	__export__.isp_zone_10_cc081805	post
127	-66.9841374852	10.4807707888	__export__.isp_zone_10_cc081805	post
128	-66.9842387727	10.480720263	__export__.isp_zone_10_cc081805	post
129	-66.9841838107	10.4809664807	__export__.isp_zone_10_cc081805	post
130	-66.9846564183	10.4808371593	__export__.isp_zone_10_cc081805	post
131	-66.9847805626	10.4808453414	__export__.isp_zone_10_cc081805	post
132	-66.9824063555	10.4794437912	__export__.isp_zone_10_cc081805	post
133	-66.9822420261	10.4792431102	__export__.isp_zone_10_cc081805	post
134	-66.9820368193	10.4792300315	__export__.isp_zone_10_cc081805	post
135	-66.9819176429	10.4792108585	__export__.isp_zone_10_cc081805	post
136	-66.9819682127	10.4789999858	__export__.isp_zone_10_cc081805	post
137	-66.9821179186	10.478841021	__export__.isp_zone_10_cc081805	post
138	-66.9818408176	10.4794742926	__export__.isp_zone_10_cc081805	post
139	-66.982103782	10.4786412103	__export__.isp_zone_10_cc081805	post
140	-66.9820218087	10.4799745284	__export__.isp_zone_10_cc081805	post
141	-66.9822561434	10.4786700004	__export__.isp_zone_10_cc081805	post
142	-66.9821700733	10.4784987183	__export__.isp_zone_10_cc081805	post
143	-66.9818842327	10.478641281	__export__.isp_zone_10_cc081805	post
144	-66.9818698894	10.4784252455	__export__.isp_zone_10_cc081805	post
145	-66.9815126122	10.4786087407	__export__.isp_zone_10_cc081805	post
146	-66.9823099167	10.47879194	__export__.isp_zone_10_cc081805	post
147	-66.9824540903	10.4787946622	__export__.isp_zone_10_cc081805	post
148	-66.9825735371	10.4788662556	__export__.isp_zone_10_cc081805	post
149	-66.9828006979	10.4789662384	__export__.isp_zone_10_cc081805	post
150	-66.9828662608	10.4790912656	__export__.isp_zone_10_cc081805	post
151	-66.9828165784	10.4792259248	__export__.isp_zone_10_cc081805	post
152	-66.9817222344	10.4796425053	__export__.isp_zone_10_cc081805	post
153	-66.9815459306	10.4797654984	__export__.isp_zone_10_cc081805	post
154	-66.9815086915	10.4799872941	__export__.isp_zone_10_cc081805	post
155	-66.9812932781	10.4798936558	__export__.isp_zone_10_cc081805	post
156	-66.9811293473	10.4797791371	__export__.isp_zone_10_cc081805	post
157	-66.981110109	10.4795660774	__export__.isp_zone_10_cc081805	post
158	-66.9805566998	10.4804860208	__export__.isp_zone_10_cc081805	post
159	-66.9807438874	10.4799707936	__export__.isp_zone_10_cc081805	post
161	-66.9811893165	10.4804168595	__export__.isp_zone_10_cc081805	post
162	-66.9814353609	10.4806245971	__export__.isp_zone_10_cc081805	post
163	-66.981232637	10.480352708	__export__.isp_zone_10_cc081805	post
164	-66.9813922184	10.4802088173	__export__.isp_zone_10_cc081805	post
165	-66.9815797165	10.480062906	__export__.isp_zone_10_cc081805	post
166	-66.9816692302	10.4801481935	__export__.isp_zone_10_cc081805	post
167	-66.9805476019	10.4796075786	__export__.isp_zone_10_cc081805	post
168	-66.9805830385	10.4793486961	__export__.isp_zone_10_cc081805	post
169	-66.9805762955	10.4790043148	__export__.isp_zone_10_cc081805	post
170	-66.9805169207	10.4785903008	__export__.isp_zone_10_cc081805	post
171	-66.9804475167	10.4785128935	__export__.isp_zone_10_cc081805	post
172	-66.9804971	10.4783781069	__export__.isp_zone_10_cc081805	post
173	-66.9804606789	10.4782356977	__export__.isp_zone_10_cc081805	post
174	-66.9804466616	10.4781091657	__export__.isp_zone_10_cc081805	post
175	-66.980643498	10.478247615	__export__.isp_zone_10_cc081805	post
176	-66.9808321314	10.4783477416	__export__.isp_zone_10_cc081805	post
177	-66.9801930432	10.4779562206	__export__.isp_zone_10_cc081805	post
178	-66.980032736	10.4779451106	__export__.isp_zone_10_cc081805	post
179	-66.979941446	10.4778380056	__export__.isp_zone_10_cc081805	post
180	-66.9798592577	10.4776717626	__export__.isp_zone_10_cc081805	post
181	-66.9797977076	10.4774277232	__export__.isp_zone_10_cc081805	post
182	-66.9804295137	10.4783901551	__export__.isp_zone_10_cc081805	post
183	-66.9803202441	10.4785315878	__export__.isp_zone_10_cc081805	post
184	-66.9802346859	10.4786830752	__export__.isp_zone_10_cc081805	post
185	-66.9803829109	10.4788769443	__export__.isp_zone_10_cc081805	post
186	-66.9799989089	10.4770239588	__export__.isp_zone_10_cc081805	post
187	-66.9798488721	10.4767408522	__export__.isp_zone_10_cc081805	post
188	-66.9801688524	10.4784118371	__export__.isp_zone_10_cc081805	post
189	-66.9800682406	10.47845704	__export__.isp_zone_10_cc081805	post
190	-66.9799503377	10.4787746305	__export__.isp_zone_10_cc081805	post
191	-66.9799172915	10.4789313107	__export__.isp_zone_10_cc081805	post
192	-66.9796695922	10.4791351915	__export__.isp_zone_10_cc081805	post
193	-66.9795830141	10.4789042448	__export__.isp_zone_10_cc081805	post
194	-66.9793467303	10.4786888533	__export__.isp_zone_10_cc081805	post
195	-66.9798094272	10.4784969648	__export__.isp_zone_10_cc081805	post
196	-66.9798866727	10.4783710868	__export__.isp_zone_10_cc081805	post
197	-66.9797737222	10.4781477279	__export__.isp_zone_10_cc081805	post
198	-66.9795784543	10.4776763697	__export__.isp_zone_10_cc081805	post
199	-66.9793698736	10.4775131942	__export__.isp_zone_10_cc081805	post
200	-66.9792936787	10.4774264648	__export__.isp_zone_10_cc081805	post
201	-66.9793270891	10.4773029943	__export__.isp_zone_10_cc081805	post
202	-66.9792197114	10.4772193875	__export__.isp_zone_10_cc081805	post
203	-66.9789824967	10.4770152638	__export__.isp_zone_10_cc081805	post
204	-66.9794743148	10.4770548818	__export__.isp_zone_10_cc081805	post
205	-66.9796771389	10.4769011222	__export__.isp_zone_10_cc081805	post
206	-66.9799772385	10.4768198095	__export__.isp_zone_10_cc081805	post
207	-66.9800667527	10.4769693312	__export__.isp_zone_10_cc081805	post
209	-66.9796601029	10.4764798701	__export__.isp_zone_10_cc081805	post
210	-66.9803463393	10.4770571751	__export__.isp_zone_10_cc081805	post
211	-66.9803849419	10.4771662155	__export__.isp_zone_10_cc081805	post
212	-66.980605683	10.477497234	__export__.isp_zone_10_cc081805	post
213	-66.9807152482	10.4774991177	__export__.isp_zone_10_cc081805	post
214	-66.9808940788	10.477449936	__export__.isp_zone_10_cc081805	post
215	-66.9809055834	10.4775767695	__export__.isp_zone_10_cc081805	post
216	-66.9810319625	10.4771931823	__export__.isp_zone_10_cc081805	post
217	-66.9798688773	10.4775388132	__export__.isp_zone_10_cc081805	post
218	-66.979997499	10.477610077	__export__.isp_zone_10_cc081805	post
219	-66.9805484902	10.4780369948	__export__.isp_zone_10_cc081805	post
220	-66.9801878562	10.4778364432	__export__.isp_zone_10_cc081805	post
221	-66.9821935859	10.4782131121	__export__.isp_zone_10_cc081805	post
222	-66.9820789169	10.4782068812	__export__.isp_zone_10_cc081805	post
223	-66.9818584911	10.4782031211	__export__.isp_zone_10_cc081805	post
224	-66.981522978	10.4782820271	__export__.isp_zone_10_cc081805	post
225	-66.981285878	10.4784270261	__export__.isp_zone_10_cc081805	post
226	-66.9809326189	10.4785615199	__export__.isp_zone_10_cc081805	post
227	-66.9812195386	10.4782206547	__export__.isp_zone_10_cc081805	post
228	-66.9813467115	10.4780966191	__export__.isp_zone_10_cc081805	post
229	-66.9813637346	10.4780420842	__export__.isp_zone_10_cc081805	post
230	-66.9810034405	10.4778425193	__export__.isp_zone_10_cc081805	post
232	-66.9810662648	10.4788207752	__export__.isp_zone_10_cc081805	post
233	-66.9813083693	10.4783238736	__export__.isp_zone_10_cc081805	post
234	-66.981577323	10.4787200979	__export__.isp_zone_10_cc081805	post
235	-66.9814366386	10.4787413638	__export__.isp_zone_10_cc081805	post
236	-66.9812579558	10.4788741415	__export__.isp_zone_10_cc081805	post
237	-66.9811556749	10.4790547897	__export__.isp_zone_10_cc081805	post
238	-66.9809169207	10.4790858576	__export__.isp_zone_10_cc081805	post
239	-66.9809103167	10.4792117891	__export__.isp_zone_10_cc081805	post
240	-66.9809818707	10.4792409065	__export__.isp_zone_10_cc081805	post
241	-66.9809828938	10.4794795717	__export__.isp_zone_10_cc081805	post
242	-66.9816012224	10.4789421067	__export__.isp_zone_10_cc081805	post
243	-66.9813824569	10.4790633404	__export__.isp_zone_10_cc081805	post
244	-66.9814071875	10.4792021338	__export__.isp_zone_10_cc081805	post
245	-66.9813887839	10.4792773731	__export__.isp_zone_10_cc081805	post
247	-66.9821982422	10.480803069	__export__.isp_zone_10_cc081805	post
249	-66.9819544635	10.4805448956	__export__.isp_zone_10_cc081805	post
250	-66.9820481739	10.4807017275	__export__.isp_zone_10_cc081805	post
252	-66.9817424915	10.480288243	__export__.isp_zone_10_cc081805	post
253	-66.9815433466	10.4804069071	__export__.isp_zone_10_cc081805	post
255	-66.9854597686	10.4830327365	__export__.isp_zone_10_cc081805	post
256	-66.9854990374	10.4830014811	__export__.isp_zone_10_cc081805	post
257	-66.9840907538	10.4811426988	__export__.isp_zone_10_cc081805	post
PN-01	-66.9853066693	10.4819608214	__export__.isp_zone_10_cc081805	post
PN-02	-66.9800927713	10.4767639474	__export__.isp_zone_10_cc081805	post
PN-03	-66.9801942053	10.4766833969	__export__.isp_zone_10_cc081805	post
1	-66.9729445505	10.469661789	__export__.isp_zone_10_cc081805	post
2	-66.9729478961	10.4699479369	__export__.isp_zone_10_cc081805	post
3	-66.9730705016	10.4700940902	__export__.isp_zone_10_cc081805	post
4	-66.9733036286	10.4699975017	__export__.isp_zone_10_cc081805	post
5	-66.9736474131	10.4699465058	__export__.isp_zone_10_cc081805	post
6	-66.9730982231	10.4702096084	__export__.isp_zone_10_cc081805	post
7	-66.9731053915	10.4703128349	__export__.isp_zone_10_cc081805	post
8	-66.9730734674	10.470410812	__export__.isp_zone_10_cc081805	post
9	-66.972927074	10.4705833949	__export__.isp_zone_10_cc081805	post
10	-66.9732193247	10.4702847181	__export__.isp_zone_10_cc081805	post
11	-66.9733421794	10.4702851564	__export__.isp_zone_10_cc081805	post
12	-66.9731440071	10.4704868565	__export__.isp_zone_10_cc081805	post
13	-66.9731594387	10.4705815872	__export__.isp_zone_10_cc081805	post
14	-66.9730510587	10.4706318817	__export__.isp_zone_10_cc081805	post
15	-66.9729804536	10.470780579	__export__.isp_zone_10_cc081805	post
16	-66.973001319	10.4709365736	__export__.isp_zone_10_cc081805	post
17	-66.9730996766	10.4710459128	__export__.isp_zone_10_cc081805	post
18	-66.9732449599	10.4712967893	__export__.isp_zone_10_cc081805	post
19	-66.973377353	10.4715071824	__export__.isp_zone_10_cc081805	post
20	-66.9734142814	10.4715220962	__export__.isp_zone_10_cc081805	post
21	-66.9736190457	10.4715393349	__export__.isp_zone_10_cc081805	post
22	-66.9737920044	10.4716406197	__export__.isp_zone_10_cc081805	post
23	-66.9740949332	10.4716794727	__export__.isp_zone_10_cc081805	post
24	-66.9741805111	10.4717917619	__export__.isp_zone_10_cc081805	post
25	-66.9742315866	10.4719196844	__export__.isp_zone_10_cc081805	post
26	-66.9740002982	10.4719967778	__export__.isp_zone_10_cc081805	post
27	-66.9740171891	10.4721338154	__export__.isp_zone_10_cc081805	post
28	-66.9739687507	10.4721889573	__export__.isp_zone_10_cc081805	post
29	-66.974042618	10.4723724917	__export__.isp_zone_10_cc081805	post
30	-66.9741080919	10.472613685	__export__.isp_zone_10_cc081805	post
31	-66.9742250635	10.4728287851	__export__.isp_zone_10_cc081805	post
32	-66.9743260466	10.4731304975	__export__.isp_zone_10_cc081805	post
33	-66.9744300083	10.4732776087	__export__.isp_zone_10_cc081805	post
34	-66.9747938536	10.4734386188	__export__.isp_zone_10_cc081805	post
35	-66.9748730085	10.4736925131	__export__.isp_zone_10_cc081805	post
36	-66.9749865035	10.4739362485	__export__.isp_zone_10_cc081805	post
37	-66.97470901	10.4737565781	__export__.isp_zone_10_cc081805	post
38	-66.974925012	10.4742321219	__export__.isp_zone_10_cc081805	post
39	-66.9751507877	10.4745315278	__export__.isp_zone_10_cc081805	post
40	-66.9752096165	10.4747150431	__export__.isp_zone_10_cc081805	post
41	-66.9753580331	10.474892788	__export__.isp_zone_10_cc081805	post
42	-66.9753445971	10.4749718306	__export__.isp_zone_10_cc081805	post
43	-66.975558513	10.4752500369	__export__.isp_zone_10_cc081805	post
44	-66.9757138858	10.4755142712	__export__.isp_zone_10_cc081805	post
45	-66.9760528062	10.4755429093	__export__.isp_zone_10_cc081805	post
46	-66.9763179881	10.4755735858	__export__.isp_zone_10_cc081805	post
47	-66.9765348449	10.4756413936	__export__.isp_zone_10_cc081805	post
48	-66.9769937919	10.4757287058	__export__.isp_zone_10_cc081805	post
49	-66.9772425031	10.4756718004	__export__.isp_zone_10_cc081805	post
50	-66.977460566	10.4755623316	__export__.isp_zone_10_cc081805	post
51	-66.9777063663	10.4758051516	__export__.isp_zone_10_cc081805	post
52	-66.9779021112	10.4760725533	__export__.isp_zone_10_cc081805	post
53	-66.9781443603	10.4762273284	__export__.isp_zone_10_cc081805	post
142	-66.9765627489	10.4725414882	__export__.isp_zone_10_cc081805	post
143	-66.9765763039	10.4726681001	__export__.isp_zone_10_cc081805	post
144	-66.9766083772	10.4728145956	__export__.isp_zone_10_cc081805	post
145	-66.976715553	10.4729406052	__export__.isp_zone_10_cc081805	post
146	-66.9768385731	10.473116015	__export__.isp_zone_10_cc081805	post
147	-66.9769296312	10.4732813657	__export__.isp_zone_10_cc081805	post
148	-66.9770253192	10.4734024268	__export__.isp_zone_10_cc081805	post
149	-66.9770990471	10.4735126	__export__.isp_zone_10_cc081805	post
150	-66.9772139422	10.4737016255	__export__.isp_zone_10_cc081805	post
151	-66.9772114982	10.4737449703	__export__.isp_zone_10_cc081805	post
169	-66.9776196975	10.4762219261	__export__.isp_zone_10_cc081805	post
170	-66.9771621787	10.4759326021	__export__.isp_zone_10_cc081805	post
171	-66.9770270398	10.4761678985	__export__.isp_zone_10_cc081805	post
172	-66.9736213699	10.4692771808	__export__.isp_zone_10_cc081805	post
173	-66.9737247932	10.4694904741	__export__.isp_zone_10_cc081805	post
174	-66.973730283	10.46962791	__export__.isp_zone_10_cc081805	post
175	-66.9738101065	10.4696412689	__export__.isp_zone_10_cc081805	post
176	-66.9738864046	10.4699765981	__export__.isp_zone_10_cc081805	post
177	-66.9739684781	10.4700252296	__export__.isp_zone_10_cc081805	post
178	-66.9740612421	10.4702180972	__export__.isp_zone_10_cc081805	post
179	-66.9740814048	10.4703503498	__export__.isp_zone_10_cc081805	post
180	-66.9741997965	10.4705160007	__export__.isp_zone_10_cc081805	post
181	-66.9741996903	10.4706546369	__export__.isp_zone_10_cc081805	post
182	-66.9741889776	10.4709641659	__export__.isp_zone_10_cc081805	post
183	-66.9743622163	10.471064125	__export__.isp_zone_10_cc081805	post
184	-66.9744750681	10.4710393543	__export__.isp_zone_10_cc081805	post
185	-66.9746453538	10.4710805405	__export__.isp_zone_10_cc081805	post
186	-66.9747880072	10.4710764813	__export__.isp_zone_10_cc081805	post
187	-66.9748461083	10.4711980316	__export__.isp_zone_10_cc081805	post
188	-66.9748038046	10.4713652197	__export__.isp_zone_10_cc081805	post
189	-66.974766025	10.4714644248	__export__.isp_zone_10_cc081805	post
190	-66.9749512369	10.4716113081	__export__.isp_zone_10_cc081805	post
191	-66.9750163349	10.4717427657	__export__.isp_zone_10_cc081805	post
192	-66.9749755839	10.471988731	__export__.isp_zone_10_cc081805	post
193	-66.9750483047	10.4721429801	__export__.isp_zone_10_cc081805	post
194	-66.9750297417	10.4723152476	__export__.isp_zone_10_cc081805	post
195	-66.9751277058	10.472264426	__export__.isp_zone_10_cc081805	post
205	-66.97518792	10.47238924	__export__.isp_zone_10_cc081805	post
196	-66.9751486858	10.4726684219	__export__.isp_zone_10_cc081805	post
197	-66.9753063464	10.4729859898	__export__.isp_zone_10_cc081805	post
198	-66.9752533687	10.473378964	__export__.isp_zone_10_cc081805	post
199	-66.975335656	10.4736818527	__export__.isp_zone_10_cc081805	post
200	-66.9754695519	10.4740760407	__export__.isp_zone_10_cc081805	post
201	-66.9756212241	10.4743853116	__export__.isp_zone_10_cc081805	post
202	-66.9756560402	10.4745226909	__export__.isp_zone_10_cc081805	post
203	-66.9757156636	10.4745910389	__export__.isp_zone_10_cc081805	post
204	-66.9757697616	10.4747260411	__export__.isp_zone_10_cc081805	post
206	-66.9753650845	10.4725596161	__export__.isp_zone_10_cc081805	post
207	-66.9755519396	10.4726376765	__export__.isp_zone_10_cc081805	post
208	-66.9756241689	10.4726929001	__export__.isp_zone_10_cc081805	post
209	-66.9756380181	10.4727835531	__export__.isp_zone_10_cc081805	post
210	-66.975897641	10.4729135646	__export__.isp_zone_10_cc081805	post
211	-66.9760753049	10.4730652874	__export__.isp_zone_10_cc081805	post
212	-66.9762350185	10.4732741612	__export__.isp_zone_10_cc081805	post
213	-66.9763106629	10.4733088209	__export__.isp_zone_10_cc081805	post
214	-66.9764170272	10.4733180436	__export__.isp_zone_10_cc081805	post
215	-66.9766496292	10.4735024206	__export__.isp_zone_10_cc081805	post
216	-66.9768889956	10.4735199042	__export__.isp_zone_10_cc081805	post
217	-66.9769423224	10.4736280896	__export__.isp_zone_10_cc081805	post
54	-66.9784502687	10.4762412453	__export__.isp_zone_10_cc081805	post
55	-66.9786930011	10.4762313865	__export__.isp_zone_10_cc081805	post
56	-66.9787167657	10.4760306801	__export__.isp_zone_10_cc081805	post
57	-66.9785988215	10.4759927788	__export__.isp_zone_10_cc081805	post
58	-66.9784600112	10.4759592478	__export__.isp_zone_10_cc081805	post
59	-66.9783123007	10.4758773759	__export__.isp_zone_10_cc081805	post
60	-66.97823163	10.4757146784	__export__.isp_zone_10_cc081805	post
61	-66.978381485	10.4755302168	__export__.isp_zone_10_cc081805	post
62	-66.97857201	10.4754003721	__export__.isp_zone_10_cc081805	post
63	-66.9788041801	10.4751527784	__export__.isp_zone_10_cc081805	post
64	-66.9789703552	10.4749522515	__export__.isp_zone_10_cc081805	post
65	-66.9787809815	10.4746008277	__export__.isp_zone_10_cc081805	post
66	-66.978523901	10.4743542426	__export__.isp_zone_10_cc081805	post
67	-66.978442621	10.4743283294	__export__.isp_zone_10_cc081805	post
68	-66.9782791914	10.4741725088	__export__.isp_zone_10_cc081805	post
69	-66.9783806906	10.474573038	__export__.isp_zone_10_cc081805	post
70	-66.9784628789	10.4747025141	__export__.isp_zone_10_cc081805	post
71	-66.9783371342	10.4749146891	__export__.isp_zone_10_cc081805	post
72	-66.978312986	10.4750426468	__export__.isp_zone_10_cc081805	post
73	-66.9781639422	10.4751255734	__export__.isp_zone_10_cc081805	post
74	-66.9779630548	10.475218105	__export__.isp_zone_10_cc081805	post
75	-66.9780198551	10.4754164201	__export__.isp_zone_10_cc081805	post
76	-66.9780702814	10.4755678013	__export__.isp_zone_10_cc081805	post
77	-66.9778593159	10.4750135282	__export__.isp_zone_10_cc081805	post
78	-66.9781143708	10.4746542839	__export__.isp_zone_10_cc081805	post
79	-66.9782957608	10.4740804857	__export__.isp_zone_10_cc081805	post
80	-66.9784282049	10.4740616726	__export__.isp_zone_10_cc081805	post
81	-66.9785512442	10.4740449502	__export__.isp_zone_10_cc081805	post
82	-66.9787077415	10.4740190087	__export__.isp_zone_10_cc081805	post
83	-66.9789404389	10.4739607396	__export__.isp_zone_10_cc081805	post
84	-66.9789225472	10.4737025405	__export__.isp_zone_10_cc081805	post
85	-66.9790950201	10.4733180972	__export__.isp_zone_10_cc081805	post
86	-66.9787599495	10.4736082854	__export__.isp_zone_10_cc081805	post
87	-66.9786094609	10.473558081	__export__.isp_zone_10_cc081805	post
88	-66.9782746013	10.4733819053	__export__.isp_zone_10_cc081805	post
89	-66.978032934	10.4731749705	__export__.isp_zone_10_cc081805	post
90	-66.9780190681	10.4729848629	__export__.isp_zone_10_cc081805	post
91	-66.9780514416	10.4727954394	__export__.isp_zone_10_cc081805	post
92	-66.9780863845	10.4726516706	__export__.isp_zone_10_cc081805	post
93	-66.9779983241	10.4725616804	__export__.isp_zone_10_cc081805	post
94	-66.977819682	10.4726132786	__export__.isp_zone_10_cc081805	post
95	-66.9777307453	10.4727380989	__export__.isp_zone_10_cc081805	post
96	-66.9775280599	10.4728721119	__export__.isp_zone_10_cc081805	post
97	-66.9775102421	10.4729910513	__export__.isp_zone_10_cc081805	post
98	-66.9776406005	10.4731695928	__export__.isp_zone_10_cc081805	post
99	-66.9776705107	10.4733605955	__export__.isp_zone_10_cc081805	post
100	-66.9778212274	10.4735873472	__export__.isp_zone_10_cc081805	post
101	-66.9778949274	10.4737805136	__export__.isp_zone_10_cc081805	post
102	-66.9779987168	10.4738111129	__export__.isp_zone_10_cc081805	post
103	-66.9781107922	10.4740181399	__export__.isp_zone_10_cc081805	post
104	-66.9773560805	10.472817369	__export__.isp_zone_10_cc081805	post
105	-66.9770465458	10.4728256292	__export__.isp_zone_10_cc081805	post
106	-66.9768419077	10.4727344064	__export__.isp_zone_10_cc081805	post
107	-66.9765756189	10.4724803495	__export__.isp_zone_10_cc081805	post
108	-66.9763836457	10.4723956675	__export__.isp_zone_10_cc081805	post
109	-66.9764392307	10.4722890722	__export__.isp_zone_10_cc081805	post
110	-66.9762526849	10.4723548944	__export__.isp_zone_10_cc081805	post
111	-66.9761236547	10.4722701371	__export__.isp_zone_10_cc081805	post
112	-66.9761015219	10.4721640844	__export__.isp_zone_10_cc081805	post
113	-66.9759802045	10.4720045568	__export__.isp_zone_10_cc081805	post
114	-66.9759378135	10.4717203044	__export__.isp_zone_10_cc081805	post
115	-66.9757521262	10.4714559549	__export__.isp_zone_10_cc081805	post
116	-66.9756107425	10.4713437899	__export__.isp_zone_10_cc081805	post
117	-66.9755096527	10.4714227279	__export__.isp_zone_10_cc081805	post
118	-66.9754738802	10.4710732904	__export__.isp_zone_10_cc081805	post
119	-66.9756260789	10.4708280262	__export__.isp_zone_10_cc081805	post
120	-66.9755106377	10.4709183662	__export__.isp_zone_10_cc081805	post
121	-66.975453679	10.4709071562	__export__.isp_zone_10_cc081805	post
122	-66.9753698153	10.470990514	__export__.isp_zone_10_cc081805	post
123	-66.9754802471	10.4706083689	__export__.isp_zone_10_cc081805	post
124	-66.9755956811	10.4704343042	__export__.isp_zone_10_cc081805	post
125	-66.975400532	10.4701070431	__export__.isp_zone_10_cc081805	post
126	-66.9750806908	10.4697195636	__export__.isp_zone_10_cc081805	post
127	-66.9750246607	10.469586713	__export__.isp_zone_10_cc081805	post
128	-66.97495322	10.4694883781	__export__.isp_zone_10_cc081805	post
129	-66.9748724014	10.4694001288	__export__.isp_zone_10_cc081805	post
130	-66.9747679777	10.4695561747	__export__.isp_zone_10_cc081805	post
131	-66.9747675469	10.4692620626	__export__.isp_zone_10_cc081805	post
132	-66.9745015606	10.4690816213	__export__.isp_zone_10_cc081805	post
133	-66.9743279474	10.4689282404	__export__.isp_zone_10_cc081805	post
134	-66.9744275062	10.4689115172	__export__.isp_zone_10_cc081805	post
135	-66.9745107968	10.4688036924	__export__.isp_zone_10_cc081805	post
136	-66.9750858801	10.4699109491	__export__.isp_zone_10_cc081805	post
137	-66.9750565338	10.4699452107	__export__.isp_zone_10_cc081805	post
138	-66.9749844287	10.470108466	__export__.isp_zone_10_cc081805	post
139	-66.9748585608	10.4702634518	__export__.isp_zone_10_cc081805	post
140	-66.9749634566	10.4703802551	__export__.isp_zone_10_cc081805	post
141	-66.9746534253	10.4704065696	__export__.isp_zone_10_cc081805	post
152	-66.9771496334	10.4754335409	__export__.isp_zone_10_cc081805	post
153	-66.9771190282	10.4753284149	__export__.isp_zone_10_cc081805	post
154	-66.9773268853	10.4751054681	__export__.isp_zone_10_cc081805	post
155	-66.9772805701	10.4748998311	__export__.isp_zone_10_cc081805	post
156	-66.9771262497	10.4747227073	__export__.isp_zone_10_cc081805	post
157	-66.9769338854	10.4745900423	__export__.isp_zone_10_cc081805	post
158	-66.9767359741	10.4744904452	__export__.isp_zone_10_cc081805	post
159	-66.9765499298	10.4744096815	__export__.isp_zone_10_cc081805	post
160	-66.976346385	10.4742486432	__export__.isp_zone_10_cc081805	post
161	-66.9762529034	10.4743353199	__export__.isp_zone_10_cc081805	post
162	-66.9762947054	10.4741619781	__export__.isp_zone_10_cc081805	post
163	-66.9762263954	10.4741079876	__export__.isp_zone_10_cc081805	post
164	-66.9762071963	10.473979056	__export__.isp_zone_10_cc081805	post
165	-66.9759626239	10.4754803214	__export__.isp_zone_10_cc081805	post
166	-66.9761308117	10.4751767543	__export__.isp_zone_10_cc081805	post
167	-66.9763030888	10.4749645864	__export__.isp_zone_10_cc081805	post
168	-66.9764738653	10.4747387765	__export__.isp_zone_10_cc081805	post
1	-66.9729445505	10.469661789	__export__.isp_zone_10_cc081805	post
2	-66.9729478961	10.4699479369	__export__.isp_zone_10_cc081805	post
3	-66.9730705016	10.4700940902	__export__.isp_zone_10_cc081805	post
4	-66.9733036286	10.4699975017	__export__.isp_zone_10_cc081805	post
5	-66.9736474131	10.4699465058	__export__.isp_zone_10_cc081805	post
6	-66.9730982231	10.4702096084	__export__.isp_zone_10_cc081805	post
7	-66.9731053915	10.4703128349	__export__.isp_zone_10_cc081805	post
8	-66.9730734674	10.470410812	__export__.isp_zone_10_cc081805	post
9	-66.972927074	10.4705833949	__export__.isp_zone_10_cc081805	post
10	-66.9732193247	10.4702847181	__export__.isp_zone_10_cc081805	post
11	-66.9733421794	10.4702851564	__export__.isp_zone_10_cc081805	post
12	-66.9731440071	10.4704868565	__export__.isp_zone_10_cc081805	post
13	-66.9731594387	10.4705815872	__export__.isp_zone_10_cc081805	post
14	-66.9730510587	10.4706318817	__export__.isp_zone_10_cc081805	post
15	-66.9729804536	10.470780579	__export__.isp_zone_10_cc081805	post
16	-66.973001319	10.4709365736	__export__.isp_zone_10_cc081805	post
17	-66.9730996766	10.4710459128	__export__.isp_zone_10_cc081805	post
18	-66.9732449599	10.4712967893	__export__.isp_zone_10_cc081805	post
19	-66.973377353	10.4715071824	__export__.isp_zone_10_cc081805	post
20	-66.9734142814	10.4715220962	__export__.isp_zone_10_cc081805	post
21	-66.9736190457	10.4715393349	__export__.isp_zone_10_cc081805	post
22	-66.9737920044	10.4716406197	__export__.isp_zone_10_cc081805	post
23	-66.9740949332	10.4716794727	__export__.isp_zone_10_cc081805	post
24	-66.9741805111	10.4717917619	__export__.isp_zone_10_cc081805	post
25	-66.9742315866	10.4719196844	__export__.isp_zone_10_cc081805	post
26	-66.9740002982	10.4719967778	__export__.isp_zone_10_cc081805	post
27	-66.9740171891	10.4721338154	__export__.isp_zone_10_cc081805	post
28	-66.9739687507	10.4721889573	__export__.isp_zone_10_cc081805	post
29	-66.974042618	10.4723724917	__export__.isp_zone_10_cc081805	post
30	-66.9741080919	10.472613685	__export__.isp_zone_10_cc081805	post
31	-66.9742250635	10.4728287851	__export__.isp_zone_10_cc081805	post
32	-66.9743260466	10.4731304975	__export__.isp_zone_10_cc081805	post
33	-66.9744300083	10.4732776087	__export__.isp_zone_10_cc081805	post
34	-66.9747938536	10.4734386188	__export__.isp_zone_10_cc081805	post
35	-66.9748730085	10.4736925131	__export__.isp_zone_10_cc081805	post
36	-66.9749865035	10.4739362485	__export__.isp_zone_10_cc081805	post
37	-66.97470901	10.4737565781	__export__.isp_zone_10_cc081805	post
38	-66.974925012	10.4742321219	__export__.isp_zone_10_cc081805	post
39	-66.9751507877	10.4745315278	__export__.isp_zone_10_cc081805	post
40	-66.9752096165	10.4747150431	__export__.isp_zone_10_cc081805	post
41	-66.9753580331	10.474892788	__export__.isp_zone_10_cc081805	post
42	-66.9753445971	10.4749718306	__export__.isp_zone_10_cc081805	post
172	-66.9736213699	10.4692771808	__export__.isp_zone_10_cc081805	post
173	-66.9737247932	10.4694904741	__export__.isp_zone_10_cc081805	post
174	-66.973730283	10.46962791	__export__.isp_zone_10_cc081805	post
P - 1	-66.9702700018	10.4746311435	__export__.isp_zone_10_cc081805	post
P - 2	-66.9703523498	10.4740486383	__export__.isp_zone_10_cc081805	post
P-3 NUEVA RUTA PROPUESTA	-66.9708485671	10.4751059513	__export__.isp_zone_10_cc081805	post
P-4 NUEVA RUTA PROPUESTA	-66.9711278095	10.4747425373	__export__.isp_zone_10_cc081805	post
P-5 NUEVA RUTA PROPUESTA	-66.9711966063	10.4743394235	__export__.isp_zone_10_cc081805	post
P-6 NUEVA RUTA PROPUESTA	-66.9708291538	10.4739401064	__export__.isp_zone_10_cc081805	post
P-7 hex NUEVA RUTA PROPUESTA	-66.9707770288	10.4735514654	__export__.isp_zone_10_cc081805	post
P-8 NUEVA RUTA PROPUESTA	-66.9707922127	10.473236252	__export__.isp_zone_10_cc081805	post
P-9 NUEVA RUTA PROPUESTA	-66.9705477095	10.4729789521	__export__.isp_zone_10_cc081805	post
P-10 NUEVA RUTA PROPUESTA	-66.9703425957	10.472857935	__export__.isp_zone_10_cc081805	post
P-11 hexagonal NUEVA RUTA PROPUESTA	-66.9702793763	10.4727800105	__export__.isp_zone_10_cc081805	post
P-12 dentro de casa NUEVA RUTA PROPUESTA	-66.9703206452	10.4724538635	__export__.isp_zone_10_cc081805	post
P-13 NUEVA RUTA PROPUESTA	-66.9709491296	10.4719782447	__export__.isp_zone_10_cc081805	post
P-14 NUEVA RUTA PROPUESTA	-66.9713385807	10.4718357646	__export__.isp_zone_10_cc081805	post
P-15 NUEVA RUTA PROPUESTA	-66.9714992075	10.4717090124	__export__.isp_zone_10_cc081805	post
P-76	-66.9757222	10.4755	__export__.isp_zone_10_cc081805	post
P-75	-66.9759722	10.4758333	__export__.isp_zone_10_cc081805	post
P-74	-66.9762222	10.4759167	__export__.isp_zone_10_cc081805	post
P-73	-66.9764444	10.4759167	__export__.isp_zone_10_cc081805	post
P-72	-66.9760278	10.4761389	__export__.isp_zone_10_cc081805	post
P-71	-66.9762590969	10.4763830821	__export__.isp_zone_10_cc081805	post
P-70	-66.9763889	10.4765833	__export__.isp_zone_10_cc081805	post
P-69	-66.9765278	10.4767778	__export__.isp_zone_10_cc081805	post
P-68	-66.9766111	10.4768889	__export__.isp_zone_10_cc081805	post
P67	-66.9767222	10.4770556	__export__.isp_zone_10_cc081805	post
P-66	-66.9768333	10.4771389	__export__.isp_zone_10_cc081805	post
P-62	-66.9773889	10.4770556	__export__.isp_zone_10_cc081805	post
P-63	-66.9776111	10.4771389	__export__.isp_zone_10_cc081805	post
P-64	-66.9779167	10.4773333	__export__.isp_zone_10_cc081805	post
P-65	-66.97825	10.4775278	__export__.isp_zone_10_cc081805	post
P-61	-66.9768889	10.4771944	__export__.isp_zone_10_cc081805	post
P-60	-66.9767222	10.4772778	__export__.isp_zone_10_cc081805	post
P-59	-66.9766111	10.4771944	__export__.isp_zone_10_cc081805	post
P-58	-66.9763056	10.477	__export__.isp_zone_10_cc081805	post
P-57	-66.9756111	10.4766944	__export__.isp_zone_10_cc081805	post
P-56	-66.97575	10.4765833	__export__.isp_zone_10_cc081805	post
P-55	-66.9754965828	10.476449948	__export__.isp_zone_10_cc081805	post
P-54	-66.9752778	10.47625	__export__.isp_zone_10_cc081805	post
P-53	-66.9756111	10.4759722	__export__.isp_zone_10_cc081805	post
P-52	-66.9748635102	10.4758574872	__export__.isp_zone_10_cc081805	post
P-51	-66.9746148587	10.4756352692	__export__.isp_zone_10_cc081805	post
P-50	-66.9743611	10.4753611	__export__.isp_zone_10_cc081805	post
P-49	-66.9742603383	10.4751468023	__export__.isp_zone_10_cc081805	post
P-48	-66.9740556	10.47475	__export__.isp_zone_10_cc081805	post
P-47	-66.974	10.4744167	__export__.isp_zone_10_cc081805	post
P-46	-66.9740344583	10.4743747396	__export__.isp_zone_10_cc081805	post
P-45	-66.9738388258	10.4742009297	__export__.isp_zone_10_cc081805	post
P-44	-66.9736944	10.474	__export__.isp_zone_10_cc081805	post
P-43	-66.9734722	10.4738889	__export__.isp_zone_10_cc081805	post
P-42	-66.9732778	10.4737222	__export__.isp_zone_10_cc081805	post
P-41	-66.9732778	10.4733889	__export__.isp_zone_10_cc081805	post
P-40	-66.9731389	10.4730833	__export__.isp_zone_10_cc081805	post
P-39	-66.9728056	10.4729722	__export__.isp_zone_10_cc081805	post
P-38	-66.9724444	10.47275	__export__.isp_zone_10_cc081805	post
P-37	-66.9731944	10.47275	__export__.isp_zone_10_cc081805	post
P-36	-66.9732222	10.4725556	__export__.isp_zone_10_cc081805	post
P-35	-66.9731944	10.4723611	__export__.isp_zone_10_cc081805	post
P-34	-66.9730556	10.4722222	__export__.isp_zone_10_cc081805	post
P-33	-66.97275	10.4723611	__export__.isp_zone_10_cc081805	post
P-30	-66.9726111	10.4717222	__export__.isp_zone_10_cc081805	post
P-32	-66.9727222	10.4721944	__export__.isp_zone_10_cc081805	post
P-31	-66.9726944	10.4718611	__export__.isp_zone_10_cc081805	post
P-29	-66.9725278	10.4715278	__export__.isp_zone_10_cc081805	post
P-28	-66.9724722	10.4713889	__export__.isp_zone_10_cc081805	post
P-22	-66.9723056	10.47125	__export__.isp_zone_10_cc081805	post
P-23	-66.9721111	10.4714167	__export__.isp_zone_10_cc081805	post
P-24	-66.9719444	10.4714722	__export__.isp_zone_10_cc081805	post
P-25	-66.9718889	10.4716389	__export__.isp_zone_10_cc081805	post
P-26	-66.9717778	10.4716944	__export__.isp_zone_10_cc081805	post
P-27	-66.9715556	10.4717778	__export__.isp_zone_10_cc081805	post
P-76	-66.9722659331	10.4710001354	__export__.isp_zone_10_cc081805	post
P-77	-66.9723680647	10.470830859	__export__.isp_zone_10_cc081805	post
P-78	-66.9724961545	10.4707836444	__export__.isp_zone_10_cc081805	post
P-79	-66.9763332268	10.4755714459	__export__.isp_zone_10_cc081805	post
P-80	-66.9765404159	10.4756470609	__export__.isp_zone_10_cc081805	post
P-81	-66.9770407144	10.4756594387	__export__.isp_zone_10_cc081805	post
P-82	-66.977263354	10.4756316164	__export__.isp_zone_10_cc081805	post
P-83	-66.9774617906	10.4755668603	__export__.isp_zone_10_cc081805	post
P-84	-66.977742551	10.4757789283	__export__.isp_zone_10_cc081805	post
P-85	-66.977918772	10.4760854238	__export__.isp_zone_10_cc081805	post
P-86	-66.9782314081	10.4762704406	__export__.isp_zone_10_cc081805	post
P-87	-66.9783787473	10.4764835862	__export__.isp_zone_10_cc081805	post
P-88	-66.9787457444	10.4767353435	__export__.isp_zone_10_cc081805	post
P-89	-66.9790397017	10.476970506	__export__.isp_zone_10_cc081805	post
P-90	-66.9792357428	10.4771440033	__export__.isp_zone_10_cc081805	post
P-91	-66.9795366238	10.4770653756	__export__.isp_zone_10_cc081805	post
P-92	-66.9797079826	10.4769022297	__export__.isp_zone_10_cc081805	post
P-93	-66.9799617321	10.4768038405	__export__.isp_zone_10_cc081805	post
P-94	-66.9799827032	10.4770223635	__export__.isp_zone_10_cc081805	post
P-95	-66.976036982	10.4755313249	__export__.isp_zone_10_cc081805	post
