2	-66.9218197479	10.4530777873	__export__.isp_zone_8_d70ed9f2	post
3	-66.9220183	10.452685	__export__.isp_zone_8_d70ed9f2	post
4	-66.9218945703	10.4533910692	__export__.isp_zone_8_d70ed9f2	post
5	-66.9219038749	10.4534624435	__export__.isp_zone_8_d70ed9f2	post
6	-66.9222868047	10.4537790412	__export__.isp_zone_8_d70ed9f2	post
7	-66.9223586622	10.4536034966	__export__.isp_zone_8_d70ed9f2	post
8	-66.9224537	10.4538794	__export__.isp_zone_8_d70ed9f2	post
9	-66.9227676185	10.453896558	__export__.isp_zone_8_d70ed9f2	post
10	-66.9224171117	10.4534515874	__export__.isp_zone_8_d70ed9f2	post
11	-66.9226110036	10.4535737155	__export__.isp_zone_8_d70ed9f2	post
12	-66.9226583025	10.4534158757	__export__.isp_zone_8_d70ed9f2	post
13	-66.9226827418	10.4533217509	__export__.isp_zone_8_d70ed9f2	post
14	-66.9225847965	10.4532213649	__export__.isp_zone_8_d70ed9f2	post
15	-66.9229073602	10.4535533411	__export__.isp_zone_8_d70ed9f2	post
16	-66.9230018495	10.4536754981	__export__.isp_zone_8_d70ed9f2	post
17	-66.9231265526	10.4539854923	__export__.isp_zone_8_d70ed9f2	post
18	-66.9231983055	10.4542723207	__export__.isp_zone_8_d70ed9f2	post
19	-66.923289604	10.4544623475	__export__.isp_zone_8_d70ed9f2	post
20	-66.9229821966	10.4542679829	__export__.isp_zone_8_d70ed9f2	post
21	-66.9228055668	10.4543910388	__export__.isp_zone_8_d70ed9f2	post
22	-66.9233483636	10.4552659996	__export__.isp_zone_8_d70ed9f2	post
23	-66.9234848167	10.4554583759	__export__.isp_zone_8_d70ed9f2	post
24	-66.9236620641	10.4556254396	__export__.isp_zone_8_d70ed9f2	post
25	-66.9240225444	10.4555926407	__export__.isp_zone_8_d70ed9f2	post
26	-66.9241954428	10.4559281114	__export__.isp_zone_8_d70ed9f2	post
27	-66.9244936513	10.4564835992	__export__.isp_zone_8_d70ed9f2	post
28	-66.9242001825	10.4554351832	__export__.isp_zone_8_d70ed9f2	post
29	-66.9243731617	10.4553577204	__export__.isp_zone_8_d70ed9f2	post
30	-66.9241725298	10.4551561247	__export__.isp_zone_8_d70ed9f2	post
31	-66.9243967522	10.4554509703	__export__.isp_zone_8_d70ed9f2	post
32	-66.9245086395	10.4555226243	__export__.isp_zone_8_d70ed9f2	post
33	-66.9248173215	10.4553358582	__export__.isp_zone_8_d70ed9f2	post
34	-66.9248383462	10.4551022919	__export__.isp_zone_8_d70ed9f2	post
35	-66.9246128503	10.4551918713	__export__.isp_zone_8_d70ed9f2	post
36	-66.9244785675	10.455270479	__export__.isp_zone_8_d70ed9f2	post
37	-66.925181692	10.4549660648	__export__.isp_zone_8_d70ed9f2	post
38	-66.9254815355	10.4547681131	__export__.isp_zone_8_d70ed9f2	post
39	-66.9252178529	10.4546454267	__export__.isp_zone_8_d70ed9f2	post
40	-66.9251489034	10.4546918365	__export__.isp_zone_8_d70ed9f2	post
41	-66.9251055591	10.454596175	__export__.isp_zone_8_d70ed9f2	post
42	-66.9248655046	10.454819525	__export__.isp_zone_8_d70ed9f2	post
43	-66.924879612	10.4544710737	__export__.isp_zone_8_d70ed9f2	post
44	-66.9242252227	10.4545239127	__export__.isp_zone_8_d70ed9f2	post
45	-66.9256030475	10.454611036	__export__.isp_zone_8_d70ed9f2	post
46	-66.9257510894	10.4544387104	__export__.isp_zone_8_d70ed9f2	post
47	-66.9253959139	10.4545416332	__export__.isp_zone_8_d70ed9f2	post
48	-66.9255208133	10.4543485696	__export__.isp_zone_8_d70ed9f2	post
49	-66.9252159153	10.4544103281	__export__.isp_zone_8_d70ed9f2	post
50	-66.9253208576	10.4542294016	__export__.isp_zone_8_d70ed9f2	post
51	-66.9250108134	10.4543010414	__export__.isp_zone_8_d70ed9f2	post
52	-66.9251464634	10.4541596677	__export__.isp_zone_8_d70ed9f2	post
53	-66.9263805474	10.4547176236	__export__.isp_zone_8_d70ed9f2	post
54	-66.926293628	10.4545942811	__export__.isp_zone_8_d70ed9f2	post
55	-66.9260307112	10.4545543419	__export__.isp_zone_8_d70ed9f2	post
56	-66.9259769088	10.4542527562	__export__.isp_zone_8_d70ed9f2	post
57	-66.9254488876	10.4540745387	__export__.isp_zone_8_d70ed9f2	post
58	-66.9256935693	10.453819905	__export__.isp_zone_8_d70ed9f2	post
59	-66.9257630488	10.4536308292	__export__.isp_zone_8_d70ed9f2	post
60	-66.9255940226	10.4534824236	__export__.isp_zone_8_d70ed9f2	post
61	-66.9253663607	10.4533848415	__export__.isp_zone_8_d70ed9f2	post
62	-66.9252217925	10.4532553713	__export__.isp_zone_8_d70ed9f2	post
63	-66.9250416285	10.4531783575	__export__.isp_zone_8_d70ed9f2	post
64	-66.9250840301	10.4530286824	__export__.isp_zone_8_d70ed9f2	post
65	-66.9252416064	10.4530021177	__export__.isp_zone_8_d70ed9f2	post
66	-66.9254065327	10.4531491508	__export__.isp_zone_8_d70ed9f2	post
67	-66.9256079901	10.4531343116	__export__.isp_zone_8_d70ed9f2	post
69	-66.9244736601	10.4540174329	__export__.isp_zone_8_d70ed9f2	post
70	-66.9245385845	10.4535443865	__export__.isp_zone_8_d70ed9f2	post
71	-66.9245918568	10.4531706692	__export__.isp_zone_8_d70ed9f2	post
72	-66.9245701605	10.4530834536	__export__.isp_zone_8_d70ed9f2	post
73	-66.9247519739	10.4523922705	__export__.isp_zone_8_d70ed9f2	post
74	-66.9243352721	10.4535551235	__export__.isp_zone_8_d70ed9f2	post
75	-66.9241921434	10.453818076	__export__.isp_zone_8_d70ed9f2	post
76	-66.9241117402	10.4536386415	__export__.isp_zone_8_d70ed9f2	post
77	-66.9239945085	10.453737505	__export__.isp_zone_8_d70ed9f2	post
78	-66.9237782216	10.4539753289	__export__.isp_zone_8_d70ed9f2	post
79	-66.923813342	10.4535298751	__export__.isp_zone_8_d70ed9f2	post
80	-66.9236096141	10.4534342117	__export__.isp_zone_8_d70ed9f2	post
81	-66.9232118556	10.4535121126	__export__.isp_zone_8_d70ed9f2	post
82	-66.9234696524	10.4532226964	__export__.isp_zone_8_d70ed9f2	post
83	-66.9230149799	10.4533740083	__export__.isp_zone_8_d70ed9f2	post
84	-66.9232254812	10.4530879627	__export__.isp_zone_8_d70ed9f2	post
85	-66.9228765057	10.4531874436	__export__.isp_zone_8_d70ed9f2	post
86	-66.9232054034	10.4528356516	__export__.isp_zone_8_d70ed9f2	post
87	-66.9229541712	10.4528407303	__export__.isp_zone_8_d70ed9f2	post
88	-66.9227403329	10.453013777	__export__.isp_zone_8_d70ed9f2	post
89	-66.9228521938	10.4525522962	__export__.isp_zone_8_d70ed9f2	post
90	-66.9227348361	10.4526129982	__export__.isp_zone_8_d70ed9f2	post
91	-66.9225878	10.4524198	__export__.isp_zone_8_d70ed9f2	post
92	-66.9223504488	10.4522749306	__export__.isp_zone_8_d70ed9f2	post
93	-66.9222413	10.4527739	__export__.isp_zone_8_d70ed9f2	post
94	-66.9237414242	10.4533260547	__export__.isp_zone_8_d70ed9f2	post
95	-66.9241213	10.4533045	__export__.isp_zone_8_d70ed9f2	post
96	-66.9241495591	10.4531178691	__export__.isp_zone_8_d70ed9f2	post
97	-66.9242393432	10.452920175	__export__.isp_zone_8_d70ed9f2	post
98	-66.9240579341	10.4528295521	__export__.isp_zone_8_d70ed9f2	post
99	-66.9238996953	10.4530839063	__export__.isp_zone_8_d70ed9f2	post
100	-66.9237463692	10.4529328845	__export__.isp_zone_8_d70ed9f2	post
101	-66.9238285522	10.4528226218	__export__.isp_zone_8_d70ed9f2	post
102	-66.9239303455	10.4526263933	__export__.isp_zone_8_d70ed9f2	post
103	-66.9237495309	10.4525813493	__export__.isp_zone_8_d70ed9f2	post
104	-66.9233981577	10.4526143809	__export__.isp_zone_8_d70ed9f2	post
105	-66.9235354675	10.4524741178	__export__.isp_zone_8_d70ed9f2	post
106	-66.9236806231	10.4524356927	__export__.isp_zone_8_d70ed9f2	post
107	-66.9235585905	10.4522508092	__export__.isp_zone_8_d70ed9f2	post
108	-66.9233743387	10.4520380636	__export__.isp_zone_8_d70ed9f2	post
109	-66.9238344105	10.4520326117	__export__.isp_zone_8_d70ed9f2	post
110	-66.9239447202	10.4522192605	__export__.isp_zone_8_d70ed9f2	post
111	-66.9241022372	10.452430128	__export__.isp_zone_8_d70ed9f2	post
112	-66.9242629579	10.4525698365	__export__.isp_zone_8_d70ed9f2	post
113	-66.9245441251	10.4523562491	__export__.isp_zone_8_d70ed9f2	post
114	-66.9244199649	10.4527547893	__export__.isp_zone_8_d70ed9f2	post
115	-66.9246094384	10.4525667432	__export__.isp_zone_8_d70ed9f2	post
116	-66.9237534844	10.4514239094	__export__.isp_zone_8_d70ed9f2	post
117	-66.9252853402	10.4518605048	__export__.isp_zone_8_d70ed9f2	post
118	-66.925473177	10.4519664992	__export__.isp_zone_8_d70ed9f2	post
119	-66.9255498966	10.4520637406	__export__.isp_zone_8_d70ed9f2	post
120	-66.9256479839	10.4522050639	__export__.isp_zone_8_d70ed9f2	post
121	-66.9256566134	10.4519974046	__export__.isp_zone_8_d70ed9f2	post
122	-66.9260638614	10.4521095321	__export__.isp_zone_8_d70ed9f2	post
123	-66.9251952523	10.4514406388	__export__.isp_zone_8_d70ed9f2	post
124	-66.9252248039	10.4512009963	__export__.isp_zone_8_d70ed9f2	post
125	-66.9252163235	10.4510638067	__export__.isp_zone_8_d70ed9f2	post
126	-66.9252569419	10.4508532942	__export__.isp_zone_8_d70ed9f2	post
127	-66.9253280275	10.4505004192	__export__.isp_zone_8_d70ed9f2	post
128	-66.9254352392	10.4504634146	__export__.isp_zone_8_d70ed9f2	post
129	-66.9255971109	10.4505134727	__export__.isp_zone_8_d70ed9f2	post
130	-66.9258044844	10.4506140439	__export__.isp_zone_8_d70ed9f2	post
131	-66.9256872257	10.4510250035	__export__.isp_zone_8_d70ed9f2	post
132	-66.925353954	10.4503941555	__export__.isp_zone_8_d70ed9f2	post
133	-66.9253688039	10.4502126034	__export__.isp_zone_8_d70ed9f2	post
134	-66.925487308	10.4499928432	__export__.isp_zone_8_d70ed9f2	post
135	-66.9255878098	10.4498001469	__export__.isp_zone_8_d70ed9f2	post
136	-66.9256881771	10.4496295928	__export__.isp_zone_8_d70ed9f2	post
137	-66.9257438653	10.4494290375	__export__.isp_zone_8_d70ed9f2	post
138	-66.9258260388	10.4492714762	__export__.isp_zone_8_d70ed9f2	post
139	-66.9257629585	10.4491247188	__export__.isp_zone_8_d70ed9f2	post
140	-66.9261728284	10.4491376841	__export__.isp_zone_8_d70ed9f2	post
141	-66.9263230914	10.4491667081	__export__.isp_zone_8_d70ed9f2	post
142	-66.9263863027	10.4508351638	__export__.isp_zone_8_d70ed9f2	post
143	-66.926531442	10.4507770223	__export__.isp_zone_8_d70ed9f2	post
144	-66.9264796516	10.4507033608	__export__.isp_zone_8_d70ed9f2	post
145	-66.9265758843	10.4505944416	__export__.isp_zone_8_d70ed9f2	post
146	-66.9266402122	10.4505105737	__export__.isp_zone_8_d70ed9f2	post
147	-66.9266682674	10.450377736	__export__.isp_zone_8_d70ed9f2	post
148	-66.9267830454	10.4501881969	__export__.isp_zone_8_d70ed9f2	post
149	-66.9268661616	10.4500041766	__export__.isp_zone_8_d70ed9f2	post
150	-66.9269795595	10.4498254481	__export__.isp_zone_8_d70ed9f2	post
151	-66.9270752298	10.4496953843	__export__.isp_zone_8_d70ed9f2	post
152	-66.9272026136	10.4496390609	__export__.isp_zone_8_d70ed9f2	post
153	-66.9273434878	10.4495177533	__export__.isp_zone_8_d70ed9f2	post
154	-66.9275553301	10.4493418661	__export__.isp_zone_8_d70ed9f2	post
155	-66.9280778396	10.4496862343	__export__.isp_zone_8_d70ed9f2	post
156	-66.9280680556	10.4500060078	__export__.isp_zone_8_d70ed9f2	post
157	-66.927780093	10.4503512297	__export__.isp_zone_8_d70ed9f2	post
158	-66.9281642987	10.4506069478	__export__.isp_zone_8_d70ed9f2	post
159	-66.9276752195	10.4512328753	__export__.isp_zone_8_d70ed9f2	post
160	-66.9275263131	10.4514466537	__export__.isp_zone_8_d70ed9f2	post
161	-66.9269319528	10.4514683569	__export__.isp_zone_8_d70ed9f2	post
162	-66.9290010532	10.450522092	__export__.isp_zone_8_d70ed9f2	post
163	-66.9300817176	10.4509064623	__export__.isp_zone_8_d70ed9f2	post
164	-66.9297539952	10.4513829395	__export__.isp_zone_8_d70ed9f2	post
165	-66.9295662085	10.4516378469	__export__.isp_zone_8_d70ed9f2	post
166	-66.9293821735	10.4519102909	__export__.isp_zone_8_d70ed9f2	post
167	-66.9294469165	10.4519915796	__export__.isp_zone_8_d70ed9f2	post
168	-66.9296740137	10.4520889541	__export__.isp_zone_8_d70ed9f2	post
169	-66.9292168937	10.4523154318	__export__.isp_zone_8_d70ed9f2	post
170	-66.92974637	10.4524532437	__export__.isp_zone_8_d70ed9f2	post
171	-66.9298008183	10.4525368677	__export__.isp_zone_8_d70ed9f2	post
172	-66.9305490532	10.4501124782	__export__.isp_zone_8_d70ed9f2	post
173	-66.9308337819	10.4504108804	__export__.isp_zone_8_d70ed9f2	post
174	-66.9310542558	10.450384497	__export__.isp_zone_8_d70ed9f2	post
175	-66.9312407398	10.4504678975	__export__.isp_zone_8_d70ed9f2	post
176	-66.9312616203	10.4504010897	__export__.isp_zone_8_d70ed9f2	post
177	-66.93134981	10.4501609708	__export__.isp_zone_8_d70ed9f2	post
178	-66.9314608227	10.4498294004	__export__.isp_zone_8_d70ed9f2	post
179	-66.931825206	10.4503699918	__export__.isp_zone_8_d70ed9f2	post
180	-66.9317849048	10.4500875496	__export__.isp_zone_8_d70ed9f2	post
181	-66.9326378919	10.4502981027	__export__.isp_zone_8_d70ed9f2	post
182	-66.9325988896	10.4497292474	__export__.isp_zone_8_d70ed9f2	post
183	-66.9339984691	10.4494802876	__export__.isp_zone_8_d70ed9f2	post
184	-66.9316025532	10.4495008659	__export__.isp_zone_8_d70ed9f2	post
185	-66.9316989773	10.4492341216	__export__.isp_zone_8_d70ed9f2	post
186	-66.9317971546	10.4490406571	__export__.isp_zone_8_d70ed9f2	post
187	-66.9310487853	10.4499283013	__export__.isp_zone_8_d70ed9f2	post
188	-66.9311216578	10.4497335155	__export__.isp_zone_8_d70ed9f2	post
189	-66.9312879935	10.4493316106	__export__.isp_zone_8_d70ed9f2	post
190	-66.9313915627	10.4490998266	__export__.isp_zone_8_d70ed9f2	post
191	-66.931504677	10.4488764037	__export__.isp_zone_8_d70ed9f2	post
192	-66.9306610993	10.4499388708	__export__.isp_zone_8_d70ed9f2	post
193	-66.9307338446	10.449731427	__export__.isp_zone_8_d70ed9f2	post
194	-66.9308509242	10.4494703139	__export__.isp_zone_8_d70ed9f2	post
195	-66.9309190323	10.4492867771	__export__.isp_zone_8_d70ed9f2	post
196	-66.9310310837	10.4490598454	__export__.isp_zone_8_d70ed9f2	post
197	-66.9310893459	10.4488880996	__export__.isp_zone_8_d70ed9f2	post
198	-66.931174757	10.4487209881	__export__.isp_zone_8_d70ed9f2	post
199	-66.9303037606	10.4497195774	__export__.isp_zone_8_d70ed9f2	post
200	-66.9303930714	10.449488203	__export__.isp_zone_8_d70ed9f2	post
201	-66.9304721217	10.4493174524	__export__.isp_zone_8_d70ed9f2	post
202	-66.9305489441	10.4491213055	__export__.isp_zone_8_d70ed9f2	post
203	-66.9306068754	10.4488970604	__export__.isp_zone_8_d70ed9f2	post
204	-66.9306963164	10.4487369279	__export__.isp_zone_8_d70ed9f2	post
205	-66.930781007	10.4485848604	__export__.isp_zone_8_d70ed9f2	post
206	-66.9298107033	10.449905813	__export__.isp_zone_8_d70ed9f2	post
207	-66.9300000562	10.4494561764	__export__.isp_zone_8_d70ed9f2	post
208	-66.9301592185	10.4490978727	__export__.isp_zone_8_d70ed9f2	post
209	-66.9302980554	10.448730626	__export__.isp_zone_8_d70ed9f2	post
210	-66.9303826616	10.4485255383	__export__.isp_zone_8_d70ed9f2	post
211	-66.9295375075	10.4497756273	__export__.isp_zone_8_d70ed9f2	post
212	-66.929482314	10.4497483842	__export__.isp_zone_8_d70ed9f2	post
213	-66.9295301946	10.449552699	__export__.isp_zone_8_d70ed9f2	post
214	-66.9296969206	10.4491813157	__export__.isp_zone_8_d70ed9f2	post
215	-66.9298680208	10.4487885327	__export__.isp_zone_8_d70ed9f2	post
216	-66.9291863594	10.4497100345	__export__.isp_zone_8_d70ed9f2	post
217	-66.9291826044	10.4493277688	__export__.isp_zone_8_d70ed9f2	post
218	-66.9293772598	10.4489459329	__export__.isp_zone_8_d70ed9f2	post
219	-66.9295241127	10.4484880571	__export__.isp_zone_8_d70ed9f2	post
220	-66.9290166567	10.4489291767	__export__.isp_zone_8_d70ed9f2	post
221	-66.928631699	10.4487241552	__export__.isp_zone_8_d70ed9f2	post
222	-66.9288355623	10.4482029592	__export__.isp_zone_8_d70ed9f2	post
223	-66.9265642022	10.4530298382	__export__.isp_zone_8_d70ed9f2	post
224	-66.9267153512	10.4528049364	__export__.isp_zone_8_d70ed9f2	post
225	-66.927280724	10.4526312357	__export__.isp_zone_8_d70ed9f2	post
226	-66.9274543782	10.4529018038	__export__.isp_zone_8_d70ed9f2	post
227	-66.9238746417	10.4542252718	__export__.isp_zone_8_d70ed9f2	post
228	-66.9243035653	10.4556403736	__export__.isp_zone_8_d70ed9f2	post
229	-66.9245208711	10.4562364916	__export__.isp_zone_8_d70ed9f2	post
230	-66.9250388295	10.4550382805	__export__.isp_zone_8_d70ed9f2	post
231	-66.9252049	10.4554712	__export__.isp_zone_8_d70ed9f2	post
232	-66.9207750261	10.4530018751	__export__.isp_zone_8_d70ed9f2	post
233	-66.9210355402	10.4532023153	__export__.isp_zone_8_d70ed9f2	post
234	-66.9214420032	10.4534547816	__export__.isp_zone_8_d70ed9f2	post
235	-66.9214907033	10.4537406217	__export__.isp_zone_8_d70ed9f2	post
236	-66.9216743194	10.4538380779	__export__.isp_zone_8_d70ed9f2	post
237	-66.9218031018	10.45369025	__export__.isp_zone_8_d70ed9f2	post
238	-66.9218712608	10.4539800731	__export__.isp_zone_8_d70ed9f2	post
239	-66.921985321	10.4537918863	__export__.isp_zone_8_d70ed9f2	post
240	-66.9219855313	10.454145019	__export__.isp_zone_8_d70ed9f2	post
241	-66.9221878944	10.4539285366	__export__.isp_zone_8_d70ed9f2	post
242	-66.9222255925	10.4540373369	__export__.isp_zone_8_d70ed9f2	post
243	-66.9224010737	10.4541253299	__export__.isp_zone_8_d70ed9f2	post
244	-66.9222847781	10.4543453	__export__.isp_zone_8_d70ed9f2	post
245	-66.9222231334	10.4545611896	__export__.isp_zone_8_d70ed9f2	post
246	-66.9221954566	10.4547542031	__export__.isp_zone_8_d70ed9f2	post
247	-66.9223607974	10.4549591122	__export__.isp_zone_8_d70ed9f2	post
248	-66.9222555423	10.4551655087	__export__.isp_zone_8_d70ed9f2	post
249	-66.9220949043	10.454633544	__export__.isp_zone_8_d70ed9f2	post
250	-66.9220173327	10.4545597196	__export__.isp_zone_8_d70ed9f2	post
251	-66.9216646778	10.4544214721	__export__.isp_zone_8_d70ed9f2	post
252	-66.9218677456	10.4541783099	__export__.isp_zone_8_d70ed9f2	post
253	-66.9214176012	10.4539753156	__export__.isp_zone_8_d70ed9f2	post
254	-66.9214214284	10.4540815189	__export__.isp_zone_8_d70ed9f2	post
255	-66.921548173	10.4540873951	__export__.isp_zone_8_d70ed9f2	post
256	-66.9225155913	10.4545486421	__export__.isp_zone_8_d70ed9f2	post
257	-66.9226923398	10.4544446919	__export__.isp_zone_8_d70ed9f2	post
258	-66.9227495799	10.4547992824	__export__.isp_zone_8_d70ed9f2	post
259	-66.9230688301	10.4551832172	__export__.isp_zone_8_d70ed9f2	post
260	-66.9236790377	10.4559850703	__export__.isp_zone_8_d70ed9f2	post
261	-66.9239746559	10.4562613076	__export__.isp_zone_8_d70ed9f2	post
262	-66.9457570578	10.4386499565	__export__.isp_zone_8_d70ed9f2	post
263	-66.9249463919	10.4564076843	__export__.isp_zone_8_d70ed9f2	post
264	-66.9252022165	10.4564619701	__export__.isp_zone_8_d70ed9f2	post
265	-66.9253278038	10.4565895355	__export__.isp_zone_8_d70ed9f2	post
266	-66.9245483924	10.4565961624	__export__.isp_zone_8_d70ed9f2	post
267	-66.9244905738	10.4569459358	__export__.isp_zone_8_d70ed9f2	post
268	-66.9250069024	10.4562239115	__export__.isp_zone_8_d70ed9f2	post
269	-66.9254089767	10.4561668126	__export__.isp_zone_8_d70ed9f2	post
270	-66.9253643446	10.4560386202	__export__.isp_zone_8_d70ed9f2	post
271	-66.9257094398	10.4557916416	__export__.isp_zone_8_d70ed9f2	post
272	-66.9259639011	10.4557587782	__export__.isp_zone_8_d70ed9f2	post
273	-66.9259720005	10.4555848108	__export__.isp_zone_8_d70ed9f2	post
274	-66.9264843446	10.455386159	__export__.isp_zone_8_d70ed9f2	post
275	-66.945421256	10.437914058	__export__.isp_zone_8_d70ed9f2	post
276	-66.9267794918	10.4551609461	__export__.isp_zone_8_d70ed9f2	post
277	-66.9270376427	10.4546934214	__export__.isp_zone_8_d70ed9f2	post
278	-66.9267064575	10.4549327606	__export__.isp_zone_8_d70ed9f2	post
279	-66.9266534639	10.4550356145	__export__.isp_zone_8_d70ed9f2	post
280	-66.9264645266	10.4551778245	__export__.isp_zone_8_d70ed9f2	post
281	-66.927316564	10.4545648833	__export__.isp_zone_8_d70ed9f2	post
282	-66.9268773697	10.4545931098	__export__.isp_zone_8_d70ed9f2	post
283	-66.926904951	10.4543911071	__export__.isp_zone_8_d70ed9f2	post
284	-66.92724836	10.4541385951	__export__.isp_zone_8_d70ed9f2	post
285	-66.9269709952	10.4541325014	__export__.isp_zone_8_d70ed9f2	post
286	-66.9271931545	10.4537507983	__export__.isp_zone_8_d70ed9f2	post
287	-66.9269967301	10.4537732648	__export__.isp_zone_8_d70ed9f2	post
288	-66.9270534277	10.4534729818	__export__.isp_zone_8_d70ed9f2	post
289	-66.9271583506	10.4531107472	__export__.isp_zone_8_d70ed9f2	post
290	-66.9279328645	10.4526644833	__export__.isp_zone_8_d70ed9f2	post
291	-66.9284347164	10.4527873672	__export__.isp_zone_8_d70ed9f2	post
292	-66.9285422687	10.4526351678	__export__.isp_zone_8_d70ed9f2	post
293	-66.9290323949	10.452886021	__export__.isp_zone_8_d70ed9f2	post
294	-66.9291398507	10.4529680762	__export__.isp_zone_8_d70ed9f2	post
295	-66.9297092934	10.4528191084	__export__.isp_zone_8_d70ed9f2	post
296	-66.9305628665	10.4531579301	__export__.isp_zone_8_d70ed9f2	post
297	-66.9299916032	10.4525906952	__export__.isp_zone_8_d70ed9f2	post
298	-66.9302411082	10.4523081194	__export__.isp_zone_8_d70ed9f2	post
299	-66.930409649	10.451955202	__export__.isp_zone_8_d70ed9f2	post
300	-66.9300590989	10.4522309782	__export__.isp_zone_8_d70ed9f2	post
301	-66.9302374342	10.4518626877	__export__.isp_zone_8_d70ed9f2	post
302	-66.9303147509	10.4515398054	__export__.isp_zone_8_d70ed9f2	post
303	-66.9306260794	10.4520170595	__export__.isp_zone_8_d70ed9f2	post
304	-66.9305734798	10.4518745471	__export__.isp_zone_8_d70ed9f2	post
305	-66.9307059812	10.4511998071	__export__.isp_zone_8_d70ed9f2	post
306	-66.9314946167	10.4508492295	__export__.isp_zone_8_d70ed9f2	post
307	-66.9318036387	10.4510085705	__export__.isp_zone_8_d70ed9f2	post
308	-66.9319457114	10.4508206956	__export__.isp_zone_8_d70ed9f2	post
309	-66.9324296926	10.4508984732	__export__.isp_zone_8_d70ed9f2	post
310	-66.9324272402	10.4507247572	__export__.isp_zone_8_d70ed9f2	post
311	-66.9330209585	10.4508188901	__export__.isp_zone_8_d70ed9f2	post
312	-66.9332182398	10.450653473	__export__.isp_zone_8_d70ed9f2	post
313	-66.933708059	10.4506825454	__export__.isp_zone_8_d70ed9f2	post
314	-66.9339870423	10.4505917226	__export__.isp_zone_8_d70ed9f2	post
315	-66.9342421624	10.4500943965	__export__.isp_zone_8_d70ed9f2	post
316	-66.9342133403	10.4504402731	__export__.isp_zone_8_d70ed9f2	post
317	-66.9344285096	10.450154019	__export__.isp_zone_8_d70ed9f2	post
318	-66.9345339659	10.4499640684	__export__.isp_zone_8_d70ed9f2	post
319	-66.9345123009	10.4492430101	__export__.isp_zone_8_d70ed9f2	post
320	-66.9342546318	10.4487883923	__export__.isp_zone_8_d70ed9f2	post
321	-66.9338820757	10.4483566995	__export__.isp_zone_8_d70ed9f2	post
322	-66.9336601034	10.4480340386	__export__.isp_zone_8_d70ed9f2	post
323	-66.9339709608	10.4479608845	__export__.isp_zone_8_d70ed9f2	post
324	-66.9335403586	10.447808684	__export__.isp_zone_8_d70ed9f2	post
325	-66.9334669516	10.4473827712	__export__.isp_zone_8_d70ed9f2	post
326	-66.93389312	10.4467158477	__export__.isp_zone_8_d70ed9f2	post
327	-66.9333424477	10.4469104253	__export__.isp_zone_8_d70ed9f2	post
328	-66.9333110229	10.4466128202	__export__.isp_zone_8_d70ed9f2	post
329	-66.9331767493	10.4457997451	__export__.isp_zone_8_d70ed9f2	post
330	-66.9329227921	10.445308833	__export__.isp_zone_8_d70ed9f2	post
331	-66.9328815368	10.4449453153	__export__.isp_zone_8_d70ed9f2	post
332	-66.9330017359	10.4447712918	__export__.isp_zone_8_d70ed9f2	post
333	-66.9339408134	10.4438510772	__export__.isp_zone_8_d70ed9f2	post
334	-66.9344330779	10.4433797164	__export__.isp_zone_8_d70ed9f2	post
335	-66.9348377378	10.4430802339	__export__.isp_zone_8_d70ed9f2	post
336	-66.9354431722	10.4425717976	__export__.isp_zone_8_d70ed9f2	post
337	-66.9374604346	10.4431949073	__export__.isp_zone_8_d70ed9f2	post
338	-66.9380127228	10.443352503	__export__.isp_zone_8_d70ed9f2	post
339	-66.938366105	10.4431014545	__export__.isp_zone_8_d70ed9f2	post
340	-66.9387301738	10.4431046938	__export__.isp_zone_8_d70ed9f2	post
341	-66.9391495807	10.4424254529	__export__.isp_zone_8_d70ed9f2	post
342	-66.9394479423	10.4420677868	__export__.isp_zone_8_d70ed9f2	post
343	-66.9396717812	10.4416232165	__export__.isp_zone_8_d70ed9f2	post
344	-66.9463310421	10.4392310836	__export__.isp_zone_8_d70ed9f2	post
345	-66.9400915842	10.4414862664	__export__.isp_zone_8_d70ed9f2	post
346	-66.9398068023	10.442108786	__export__.isp_zone_8_d70ed9f2	post
347	-66.9407572836	10.4421457011	__export__.isp_zone_8_d70ed9f2	post
348	-66.9413964599	10.4425274095	__export__.isp_zone_8_d70ed9f2	post
349	-66.9428049787	10.4429548315	__export__.isp_zone_8_d70ed9f2	post
350	-66.9435254798	10.4428180726	__export__.isp_zone_8_d70ed9f2	post
351	-66.9440577654	10.442430696	__export__.isp_zone_8_d70ed9f2	post
352	-66.9439112889	10.4421072743	__export__.isp_zone_8_d70ed9f2	post
353	-66.9442938737	10.4418942843	__export__.isp_zone_8_d70ed9f2	post
354	-66.9450683153	10.4415743308	__export__.isp_zone_8_d70ed9f2	post
355	-66.9458725131	10.4412977271	__export__.isp_zone_8_d70ed9f2	post
356	-66.9471054943	10.4404402875	__export__.isp_zone_8_d70ed9f2	post
357	-66.94710623	10.4395906469	__export__.isp_zone_8_d70ed9f2	post
358	-66.9459396052	10.4366681606	__export__.isp_zone_8_d70ed9f2	post
359	-66.9456338135	10.4367541399	__export__.isp_zone_8_d70ed9f2	post
360	-66.9455670888	10.4373054973	__export__.isp_zone_8_d70ed9f2	post
1	-66.9256907471	10.4480319453	__export__.isp_zone_8_d70ed9f2	post
2	-66.925237971	10.447865719	__export__.isp_zone_8_d70ed9f2	post
3	-66.9249536861	10.4477465884	__export__.isp_zone_8_d70ed9f2	post
4	-66.9246438077	10.4476128894	__export__.isp_zone_8_d70ed9f2	post
5	-66.9242717223	10.4474419908	__export__.isp_zone_8_d70ed9f2	post
6	-66.9240052526	10.4472973001	__export__.isp_zone_8_d70ed9f2	post
7	-66.9236085272	10.4472991432	__export__.isp_zone_8_d70ed9f2	post
8	-66.9237167531	10.4469091143	__export__.isp_zone_8_d70ed9f2	post
9	-66.9239422949	10.4464014788	__export__.isp_zone_8_d70ed9f2	post
10	-66.9240168841	10.4458943202	__export__.isp_zone_8_d70ed9f2	post
11	-66.9241234971	10.4455041717	__export__.isp_zone_8_d70ed9f2	post
12	-66.9241900116	10.445014963	__export__.isp_zone_8_d70ed9f2	post
13	-66.9242573948	10.4445781028	__export__.isp_zone_8_d70ed9f2	post
14	-66.9243734416	10.4441238771	__export__.isp_zone_8_d70ed9f2	post
15	-66.9244639119	10.4436693408	__export__.isp_zone_8_d70ed9f2	post
16	-66.9246608623	10.4427225986	__export__.isp_zone_8_d70ed9f2	post
17	-66.9247702002	10.4422668344	__export__.isp_zone_8_d70ed9f2	post
18	-66.9248913129	10.4417810525	__export__.isp_zone_8_d70ed9f2	post
19	-66.9250900548	10.441617508	__export__.isp_zone_8_d70ed9f2	post
20	-66.9253960043	10.4414764615	__export__.isp_zone_8_d70ed9f2	post
21	-66.9259876972	10.4415452716	__export__.isp_zone_8_d70ed9f2	post
22	-66.9258872203	10.4417769681	__export__.isp_zone_8_d70ed9f2	post
23	-66.9260826579	10.4417618562	__export__.isp_zone_8_d70ed9f2	post
24	-66.9264603558	10.4417280854	__export__.isp_zone_8_d70ed9f2	post
25	-66.9266118462	10.4415672416	__export__.isp_zone_8_d70ed9f2	post
26	-66.9267612328	10.4415662442	__export__.isp_zone_8_d70ed9f2	post
27	-66.9268598148	10.4417340351	__export__.isp_zone_8_d70ed9f2	post
28	-66.9275069871	10.4376347158	__export__.isp_zone_8_d70ed9f2	post
29	-66.9276146243	10.4376908985	__export__.isp_zone_8_d70ed9f2	post
30	-66.9286122099	10.4381673539	__export__.isp_zone_8_d70ed9f2	post
31	-66.9288160675	10.4380618599	__export__.isp_zone_8_d70ed9f2	post
32	-66.929058251	10.4383112943	__export__.isp_zone_8_d70ed9f2	post
33	-66.9309749645	10.4388346231	__export__.isp_zone_8_d70ed9f2	post
34	-66.930636003	10.4390251561	__export__.isp_zone_8_d70ed9f2	post
35	-66.9304366786	10.4391030524	__export__.isp_zone_8_d70ed9f2	post
36	-66.9301765	10.4393017	__export__.isp_zone_8_d70ed9f2	post
37	-66.9299813739	10.4396534245	__export__.isp_zone_8_d70ed9f2	post
38	-66.9298192814	10.4399100524	__export__.isp_zone_8_d70ed9f2	post
39	-66.9299985278	10.4400059515	__export__.isp_zone_8_d70ed9f2	post
40	-66.9302328177	10.4402878044	__export__.isp_zone_8_d70ed9f2	post
41	-66.9298869558	10.4399684061	__export__.isp_zone_8_d70ed9f2	post
42	-66.9296193361	10.4402204859	__export__.isp_zone_8_d70ed9f2	post
43	-66.9294477131	10.4404728005	__export__.isp_zone_8_d70ed9f2	post
44	-66.9293603591	10.4407356917	__export__.isp_zone_8_d70ed9f2	post
45	-66.9295120574	10.4405002305	__export__.isp_zone_8_d70ed9f2	post
46	-66.9292179991	10.4409888362	__export__.isp_zone_8_d70ed9f2	post
47	-66.927241999	10.4398714358	__export__.isp_zone_8_d70ed9f2	post
48	-66.9276044447	10.4399038194	__export__.isp_zone_8_d70ed9f2	post
49	-66.9276197917	10.4401551681	__export__.isp_zone_8_d70ed9f2	post
50	-66.9278913285	10.4410303224	__export__.isp_zone_8_d70ed9f2	post
51	-66.9271136715	10.4412073336	__export__.isp_zone_8_d70ed9f2	post
52	-66.9270710719	10.4417136657	__export__.isp_zone_8_d70ed9f2	post
53	-66.9270885058	10.4416053926	__export__.isp_zone_8_d70ed9f2	post
54	-66.9273394	10.4416688	__export__.isp_zone_8_d70ed9f2	post
55	-66.9275684395	10.4415862455	__export__.isp_zone_8_d70ed9f2	post
56	-66.9278292773	10.4416982612	__export__.isp_zone_8_d70ed9f2	post
57	-66.9280518636	10.4416067482	__export__.isp_zone_8_d70ed9f2	post
58	-66.9283637966	10.4417083268	__export__.isp_zone_8_d70ed9f2	post
59	-66.9283793798	10.4415977626	__export__.isp_zone_8_d70ed9f2	post
60	-66.9288661146	10.4416758021	__export__.isp_zone_8_d70ed9f2	post
61	-66.9290818786	10.4415956676	__export__.isp_zone_8_d70ed9f2	post
62	-66.9294429789	10.4416088365	__export__.isp_zone_8_d70ed9f2	post
63	-66.9296888732	10.441606462	__export__.isp_zone_8_d70ed9f2	post
64	-66.9288138318	10.4419256626	__export__.isp_zone_8_d70ed9f2	post
65	-66.9288171018	10.4421355344	__export__.isp_zone_8_d70ed9f2	post
66	-66.9286426455	10.4423259369	__export__.isp_zone_8_d70ed9f2	post
67	-66.9285236154	10.4424850978	__export__.isp_zone_8_d70ed9f2	post
68	-66.9284660113	10.4425867126	__export__.isp_zone_8_d70ed9f2	post
69	-66.9283361163	10.4428297823	__export__.isp_zone_8_d70ed9f2	post
70	-66.9283831559	10.442922023	__export__.isp_zone_8_d70ed9f2	post
71	-66.9285163545	10.4429664968	__export__.isp_zone_8_d70ed9f2	post
72	-66.9285617658	10.4428632946	__export__.isp_zone_8_d70ed9f2	post
73	-66.9286183265	10.4428731477	__export__.isp_zone_8_d70ed9f2	post
74	-66.9286866203	10.4428037939	__export__.isp_zone_8_d70ed9f2	post
75	-66.9286651636	10.4427473589	__export__.isp_zone_8_d70ed9f2	post
76	-66.9287554756	10.4428136124	__export__.isp_zone_8_d70ed9f2	post
77	-66.9288327268	10.4427632014	__export__.isp_zone_8_d70ed9f2	post
78	-66.9289990275	10.4427158791	__export__.isp_zone_8_d70ed9f2	post
79	-66.9290106405	10.4426444704	__export__.isp_zone_8_d70ed9f2	post
80	-66.9290729117	10.442573252	__export__.isp_zone_8_d70ed9f2	post
81	-66.9294458846	10.4423574442	__export__.isp_zone_8_d70ed9f2	post
82	-66.9296249368	10.4424022559	__export__.isp_zone_8_d70ed9f2	post
83	-66.9301311828	10.4418914127	__export__.isp_zone_8_d70ed9f2	post
84	-66.9299190833	10.4416063874	__export__.isp_zone_8_d70ed9f2	post
85	-66.9301574583	10.4416385022	__export__.isp_zone_8_d70ed9f2	post
86	-66.9302907072	10.4415169309	__export__.isp_zone_8_d70ed9f2	post
87	-66.930464857	10.4416123	__export__.isp_zone_8_d70ed9f2	post
88	-66.9306322362	10.4415243341	__export__.isp_zone_8_d70ed9f2	post
89	-66.9306696289	10.4410787171	__export__.isp_zone_8_d70ed9f2	post
90	-66.930843	10.4414362	__export__.isp_zone_8_d70ed9f2	post
91	-66.9310194512	10.4413763116	__export__.isp_zone_8_d70ed9f2	post
92	-66.9310844059	10.4413126918	__export__.isp_zone_8_d70ed9f2	post
93	-66.9312932565	10.4412275374	__export__.isp_zone_8_d70ed9f2	post
94	-66.9313644331	10.4412313103	__export__.isp_zone_8_d70ed9f2	post
95	-66.9313496925	10.4413757571	__export__.isp_zone_8_d70ed9f2	post
96	-66.9313081647	10.4414254796	__export__.isp_zone_8_d70ed9f2	post
97	-66.9312898085	10.4417063104	__export__.isp_zone_8_d70ed9f2	post
98	-66.9312953188	10.441816122	__export__.isp_zone_8_d70ed9f2	post
99	-66.9314417584	10.4418442057	__export__.isp_zone_8_d70ed9f2	post
100	-66.9313462137	10.4419872665	__export__.isp_zone_8_d70ed9f2	post
101	-66.9313564292	10.4421783521	__export__.isp_zone_8_d70ed9f2	post
102	-66.9313954783	10.4423906955	__export__.isp_zone_8_d70ed9f2	post
103	-66.9314178606	10.4425457568	__export__.isp_zone_8_d70ed9f2	post
104	-66.9314724643	10.4425719031	__export__.isp_zone_8_d70ed9f2	post
105	-66.9314825808	10.4427826989	__export__.isp_zone_8_d70ed9f2	post
106	-66.9313980079	10.4428358517	__export__.isp_zone_8_d70ed9f2	post
107	-66.9312872834	10.4426628682	__export__.isp_zone_8_d70ed9f2	post
108	-66.9315116934	10.4421532137	__export__.isp_zone_8_d70ed9f2	post
109	-66.9315248773	10.4422670716	__export__.isp_zone_8_d70ed9f2	post
110	-66.9315157184	10.4429083007	__export__.isp_zone_8_d70ed9f2	post
111	-66.9316224009	10.4426534072	__export__.isp_zone_8_d70ed9f2	post
112	-66.9314370361	10.4430876723	__export__.isp_zone_8_d70ed9f2	post
113	-66.9315393317	10.4431826441	__export__.isp_zone_8_d70ed9f2	post
114	-66.9314658924	10.4433667147	__export__.isp_zone_8_d70ed9f2	post
115	-66.9314393657	10.4435968043	__export__.isp_zone_8_d70ed9f2	post
116	-66.9315483679	10.4437275324	__export__.isp_zone_8_d70ed9f2	post
117	-66.9314459262	10.4438428093	__export__.isp_zone_8_d70ed9f2	post
118	-66.9315175171	10.4440106266	__export__.isp_zone_8_d70ed9f2	post
119	-66.9311563501	10.4437412443	__export__.isp_zone_8_d70ed9f2	post
120	-66.9311258613	10.4435525963	__export__.isp_zone_8_d70ed9f2	post
121	-66.9310896786	10.4432719049	__export__.isp_zone_8_d70ed9f2	post
122	-66.9311174419	10.4430843337	__export__.isp_zone_8_d70ed9f2	post
123	-66.9311656839	10.4429663745	__export__.isp_zone_8_d70ed9f2	post
124	-66.9312599548	10.4429588106	__export__.isp_zone_8_d70ed9f2	post
125	-66.9310985866	10.4426681668	__export__.isp_zone_8_d70ed9f2	post
126	-66.9309804299	10.4426989479	__export__.isp_zone_8_d70ed9f2	post
127	-66.9306860276	10.4428249888	__export__.isp_zone_8_d70ed9f2	post
128	-66.9306547571	10.443027536	__export__.isp_zone_8_d70ed9f2	post
129	-66.9307824603	10.4432281861	__export__.isp_zone_8_d70ed9f2	post
130	-66.9307582984	10.4434234485	__export__.isp_zone_8_d70ed9f2	post
131	-66.9304720065	10.4436058642	__export__.isp_zone_8_d70ed9f2	post
132	-66.9302242735	10.4436024481	__export__.isp_zone_8_d70ed9f2	post
133	-66.9304019371	10.443832309	__export__.isp_zone_8_d70ed9f2	post
134	-66.9306046789	10.4438991251	__export__.isp_zone_8_d70ed9f2	post
135	-66.9308757482	10.4438140431	__export__.isp_zone_8_d70ed9f2	post
136	-66.9299917872	10.4433462425	__export__.isp_zone_8_d70ed9f2	post
137	-66.9297984579	10.4430984545	__export__.isp_zone_8_d70ed9f2	post
138	-66.9295306461	10.443116915	__export__.isp_zone_8_d70ed9f2	post
139	-66.9294758895	10.4431463776	__export__.isp_zone_8_d70ed9f2	post
140	-66.9292742626	10.4432024291	__export__.isp_zone_8_d70ed9f2	post
141	-66.9290130864	10.4432890197	__export__.isp_zone_8_d70ed9f2	post
142	-66.9287958139	10.4433571378	__export__.isp_zone_8_d70ed9f2	post
143	-66.9287463006	10.4433094145	__export__.isp_zone_8_d70ed9f2	post
144	-66.9287221429	10.4431823591	__export__.isp_zone_8_d70ed9f2	post
145	-66.9290551029	10.4428657466	__export__.isp_zone_8_d70ed9f2	post
146	-66.928863504	10.4431464796	__export__.isp_zone_8_d70ed9f2	post
147	-66.9287614491	10.4423913491	__export__.isp_zone_8_d70ed9f2	post
148	-66.9288370055	10.442461241	__export__.isp_zone_8_d70ed9f2	post
149	-66.9289206641	10.4422682626	__export__.isp_zone_8_d70ed9f2	post
150	-66.9292714064	10.4419726204	__export__.isp_zone_8_d70ed9f2	post
151	-66.929467084	10.441980065	__export__.isp_zone_8_d70ed9f2	post
152	-66.9296061497	10.4419457306	__export__.isp_zone_8_d70ed9f2	post
153	-66.929799245	10.4419086112	__export__.isp_zone_8_d70ed9f2	post
154	-66.9301896007	10.4418830503	__export__.isp_zone_8_d70ed9f2	post
155	-66.9305906761	10.4417229399	__export__.isp_zone_8_d70ed9f2	post
156	-66.9309457731	10.4416415391	__export__.isp_zone_8_d70ed9f2	post
157	-66.930936634	10.4417254505	__export__.isp_zone_8_d70ed9f2	post
158	-66.9311012303	10.4416394466	__export__.isp_zone_8_d70ed9f2	post
159	-66.9311465833	10.4421047737	__export__.isp_zone_8_d70ed9f2	post
160	-66.9310227446	10.4419773903	__export__.isp_zone_8_d70ed9f2	post
161	-66.9310010463	10.441912406	__export__.isp_zone_8_d70ed9f2	post
162	-66.9309686342	10.4418907026	__export__.isp_zone_8_d70ed9f2	post
163	-66.9307050062	10.4419294273	__export__.isp_zone_8_d70ed9f2	post
164	-66.9306900653	10.4421182018	__export__.isp_zone_8_d70ed9f2	post
165	-66.9307230098	10.4422729509	__export__.isp_zone_8_d70ed9f2	post
166	-66.9309322216	10.4422425107	__export__.isp_zone_8_d70ed9f2	post
167	-66.9308774553	10.442404957	__export__.isp_zone_8_d70ed9f2	post
168	-66.9311158	10.4422335	__export__.isp_zone_8_d70ed9f2	post
169	-66.9306806952	10.4426228979	__export__.isp_zone_8_d70ed9f2	post
170	-66.9304330697	10.442747012	__export__.isp_zone_8_d70ed9f2	post
171	-66.9300311163	10.4428213481	__export__.isp_zone_8_d70ed9f2	post
172	-66.9300902725	10.4426124489	__export__.isp_zone_8_d70ed9f2	post
173	-66.9299780464	10.4424402017	__export__.isp_zone_8_d70ed9f2	post
174	-66.9300911498	10.4423735332	__export__.isp_zone_8_d70ed9f2	post
175	-66.9291466015	10.4425385984	__export__.isp_zone_8_d70ed9f2	post
176	-66.9292383042	10.4428491234	__export__.isp_zone_8_d70ed9f2	post
177	-66.9294291563	10.442803065	__export__.isp_zone_8_d70ed9f2	post
178	-66.9292943525	10.4429622985	__export__.isp_zone_8_d70ed9f2	post
179	-66.9294215231	10.4430123413	__export__.isp_zone_8_d70ed9f2	post
180	-66.9312402964	10.4442991706	__export__.isp_zone_8_d70ed9f2	post
1	-66.9240668534	10.4464547876	__export__.isp_zone_8_d70ed9f2	post
2	-66.9241337386	10.4462996961	__export__.isp_zone_8_d70ed9f2	post
3	-66.9241899112	10.4459516368	__export__.isp_zone_8_d70ed9f2	post
4	-66.9242384705	10.4456874178	__export__.isp_zone_8_d70ed9f2	post
5	-66.9242982642	10.4454184193	__export__.isp_zone_8_d70ed9f2	post
6	-66.9243656553	10.4451402788	__export__.isp_zone_8_d70ed9f2	post
7	-66.9244303728	10.4447386668	__export__.isp_zone_8_d70ed9f2	post
8	-66.9244684244	10.4445237657	__export__.isp_zone_8_d70ed9f2	post
9	-66.9245569588	10.4441526869	__export__.isp_zone_8_d70ed9f2	post
10	-66.9249154906	10.4442013958	__export__.isp_zone_8_d70ed9f2	post
11	-66.924621203	10.4438601069	__export__.isp_zone_8_d70ed9f2	post
12	-66.9246680624	10.44390335	__export__.isp_zone_8_d70ed9f2	post
13	-66.9246748445	10.4435957416	__export__.isp_zone_8_d70ed9f2	post
14	-66.9249033335	10.4436476095	__export__.isp_zone_8_d70ed9f2	post
15	-66.9249145307	10.443864214	__export__.isp_zone_8_d70ed9f2	post
16	-66.9247903632	10.4446663345	__export__.isp_zone_8_d70ed9f2	post
17	-66.924752406	10.4448673628	__export__.isp_zone_8_d70ed9f2	post
19	-66.9249838475	10.440923095	__export__.isp_zone_8_d70ed9f2	post
20	-66.9251406596	10.44026762	__export__.isp_zone_8_d70ed9f2	post
21	-66.9253267613	10.4394271338	__export__.isp_zone_8_d70ed9f2	post
22	-66.9255134668	10.4386228025	__export__.isp_zone_8_d70ed9f2	post
23	-66.9257034654	10.4377545404	__export__.isp_zone_8_d70ed9f2	post
24	-66.9258381272	10.4370957185	__export__.isp_zone_8_d70ed9f2	post
25	-66.9261430851	10.4367767006	__export__.isp_zone_8_d70ed9f2	post
26	-66.9254306772	10.4412790202	__export__.isp_zone_8_d70ed9f2	post
27	-66.9251191109	10.4412902791	__export__.isp_zone_8_d70ed9f2	post
28	-66.9255341394	10.4410362469	__export__.isp_zone_8_d70ed9f2	post
29	-66.9253531281	10.4409650454	__export__.isp_zone_8_d70ed9f2	post
30	-66.9257120701	10.4405804497	__export__.isp_zone_8_d70ed9f2	post
31	-66.9254690317	10.4404688184	__export__.isp_zone_8_d70ed9f2	post
32	-66.9257962824	10.4403423907	__export__.isp_zone_8_d70ed9f2	post
33	-66.9259140371	10.4400822054	__export__.isp_zone_8_d70ed9f2	post
34	-66.9256815334	10.440020594	__export__.isp_zone_8_d70ed9f2	post
35	-66.9253250723	10.4399100863	__export__.isp_zone_8_d70ed9f2	post
36	-66.926034853	10.4397813261	__export__.isp_zone_8_d70ed9f2	post
37	-66.9261319483	10.4395773039	__export__.isp_zone_8_d70ed9f2	post
38	-66.9261675586	10.439613753	__export__.isp_zone_8_d70ed9f2	post
39	-66.9260372369	10.4395756741	__export__.isp_zone_8_d70ed9f2	post
40	-66.9256559498	10.439464492	__export__.isp_zone_8_d70ed9f2	post
41	-66.9256983952	10.4396984381	__export__.isp_zone_8_d70ed9f2	post
42	-66.9253934394	10.4395472004	__export__.isp_zone_8_d70ed9f2	post
43	-66.9254732052	10.4392720057	__export__.isp_zone_8_d70ed9f2	post
44	-66.9255315107	10.438925414	__export__.isp_zone_8_d70ed9f2	post
45	-66.9256132971	10.4385095041	__export__.isp_zone_8_d70ed9f2	post
46	-66.9256977127	10.438185756	__export__.isp_zone_8_d70ed9f2	post
47	-66.9265898151	10.4383924766	__export__.isp_zone_8_d70ed9f2	post
48	-66.92648642	10.4383323585	__export__.isp_zone_8_d70ed9f2	post
49	-66.9264729562	10.4382023564	__export__.isp_zone_8_d70ed9f2	post
50	-66.9262858939	10.4381592819	__export__.isp_zone_8_d70ed9f2	post
51	-66.9261255938	10.4380513777	__export__.isp_zone_8_d70ed9f2	post
52	-66.9259183694	10.4378616975	__export__.isp_zone_8_d70ed9f2	post
53	-66.9258320646	10.437634651	__export__.isp_zone_8_d70ed9f2	post
54	-66.925852093	10.4374030793	__export__.isp_zone_8_d70ed9f2	post
55	-66.9258826892	10.4372244472	__export__.isp_zone_8_d70ed9f2	post
56	-66.9259104514	10.4369563991	__export__.isp_zone_8_d70ed9f2	post
57	-66.9257677859	10.4366674321	__export__.isp_zone_8_d70ed9f2	post
58	-66.9260260471	10.4363846968	__export__.isp_zone_8_d70ed9f2	post
59	-66.9257229231	10.4362237085	__export__.isp_zone_8_d70ed9f2	post
60	-66.9256982797	10.4358025627	__export__.isp_zone_8_d70ed9f2	post
61	-66.9257752041	10.4353714911	__export__.isp_zone_8_d70ed9f2	post
62	-66.9258292359	10.4350890827	__export__.isp_zone_8_d70ed9f2	post
64	-66.9264882174	10.4359572006	__export__.isp_zone_8_d70ed9f2	post
65	-66.9266346263	10.4364202454	__export__.isp_zone_8_d70ed9f2	post
66	-66.9263639573	10.4359589578	__export__.isp_zone_8_d70ed9f2	post
67	-66.926327672	10.4358472342	__export__.isp_zone_8_d70ed9f2	post
68	-66.9264378194	10.4357189552	__export__.isp_zone_8_d70ed9f2	post
69	-66.926126778	10.4359199895	__export__.isp_zone_8_d70ed9f2	post
70	-66.9260749143	10.4356045183	__export__.isp_zone_8_d70ed9f2	post
71	-66.9269588444	10.4367432895	__export__.isp_zone_8_d70ed9f2	post
73	-66.9267448353	10.4367480486	__export__.isp_zone_8_d70ed9f2	post
74	-66.9266952768	10.4369348895	__export__.isp_zone_8_d70ed9f2	post
75	-66.9266652192	10.4372221874	__export__.isp_zone_8_d70ed9f2	post
76	-66.9266754382	10.4374683592	__export__.isp_zone_8_d70ed9f2	post
77	-66.9264624271	10.4374745451	__export__.isp_zone_8_d70ed9f2	post
78	-66.9265270494	10.436754234	__export__.isp_zone_8_d70ed9f2	post
79	-66.9263585994	10.4364072739	__export__.isp_zone_8_d70ed9f2	post
80	-66.9264392175	10.4376776798	__export__.isp_zone_8_d70ed9f2	post
81	-66.9264369722	10.4378182561	__export__.isp_zone_8_d70ed9f2	post
82	-66.9261452017	10.4376498715	__export__.isp_zone_8_d70ed9f2	post
83	-66.9261477233	10.4374207346	__export__.isp_zone_8_d70ed9f2	post
84	-66.9261494	10.4371729	__export__.isp_zone_8_d70ed9f2	post
85	-66.9263461	10.4373072	__export__.isp_zone_8_d70ed9f2	post
86	-66.9263420207	10.4371057066	__export__.isp_zone_8_d70ed9f2	post
87	-66.9261773061	10.4368954365	__export__.isp_zone_8_d70ed9f2	post
88	-66.926353823	10.436942335	__export__.isp_zone_8_d70ed9f2	post
89	-66.9265095903	10.4370446359	__export__.isp_zone_8_d70ed9f2	post
90	-66.9265864121	10.4369391394	__export__.isp_zone_8_d70ed9f2	post
91	-66.9266329764	10.4373160976	__export__.isp_zone_8_d70ed9f2	post
92	-66.9284364388	10.4417459323	__export__.isp_zone_8_d70ed9f2	post
93	-66.9284233131	10.4419320708	__export__.isp_zone_8_d70ed9f2	post
94	-66.9285458611	10.4419502387	__export__.isp_zone_8_d70ed9f2	post
95	-66.9286798453	10.4419380563	__export__.isp_zone_8_d70ed9f2	post
97	-66.9288243633	10.4443354794	__export__.isp_zone_8_d70ed9f2	post
98	-66.9291886811	10.444438642	__export__.isp_zone_8_d70ed9f2	post
99	-66.9295503858	10.4444420631	__export__.isp_zone_8_d70ed9f2	post
100	-66.9298974668	10.4444321963	__export__.isp_zone_8_d70ed9f2	post
101	-66.9301470256	10.4446237602	__export__.isp_zone_8_d70ed9f2	post
102	-66.9301493101	10.4448230389	__export__.isp_zone_8_d70ed9f2	post
103	-66.9302300577	10.4450136444	__export__.isp_zone_8_d70ed9f2	post
104	-66.9300203527	10.4450579167	__export__.isp_zone_8_d70ed9f2	post
105	-66.9296846354	10.4451582958	__export__.isp_zone_8_d70ed9f2	post
106	-66.9295764394	10.4452001709	__export__.isp_zone_8_d70ed9f2	post
107	-66.9295532463	10.4451257687	__export__.isp_zone_8_d70ed9f2	post
108	-66.9288151311	10.4451971979	__export__.isp_zone_8_d70ed9f2	post
109	-66.928029199	10.4452247777	__export__.isp_zone_8_d70ed9f2	post
110	-66.9287840292	10.4453681022	__export__.isp_zone_8_d70ed9f2	post
111	-66.9293803	10.4457591	__export__.isp_zone_8_d70ed9f2	post
112	-66.9295631571	10.4457853354	__export__.isp_zone_8_d70ed9f2	post
114	-66.9299321857	10.4459058705	__export__.isp_zone_8_d70ed9f2	post
115	-66.9298390476	10.4462262091	__export__.isp_zone_8_d70ed9f2	post
116	-66.9304371704	10.4459920777	__export__.isp_zone_8_d70ed9f2	post
117	-66.9305704414	10.4460856188	__export__.isp_zone_8_d70ed9f2	post
118	-66.9304457765	10.4462020384	__export__.isp_zone_8_d70ed9f2	post
119	-66.9306025333	10.4457914829	__export__.isp_zone_8_d70ed9f2	post
120	-66.9307523554	10.4457561589	__export__.isp_zone_8_d70ed9f2	post
121	-66.931095197	10.4457227932	__export__.isp_zone_8_d70ed9f2	post
122	-66.9312591581	10.4457726641	__export__.isp_zone_8_d70ed9f2	post
123	-66.9314862884	10.4459834551	__export__.isp_zone_8_d70ed9f2	post
124	-66.9317092	10.4460527655	__export__.isp_zone_8_d70ed9f2	post
125	-66.931816625	10.4459473401	__export__.isp_zone_8_d70ed9f2	post
126	-66.9319478263	10.4462184709	__export__.isp_zone_8_d70ed9f2	post
127	-66.9322484322	10.4462603859	__export__.isp_zone_8_d70ed9f2	post
128	-66.9323942829	10.4462833269	__export__.isp_zone_8_d70ed9f2	post
129	-66.9330807472	10.4462626532	__export__.isp_zone_8_d70ed9f2	post
130	-66.9332783152	10.4461549539	__export__.isp_zone_8_d70ed9f2	post
131	-66.933127299	10.4466425696	__export__.isp_zone_8_d70ed9f2	post
132	-66.9329209858	10.4466760246	__export__.isp_zone_8_d70ed9f2	post
133	-66.9331904837	10.4469686298	__export__.isp_zone_8_d70ed9f2	post
134	-66.9332913852	10.4474817419	__export__.isp_zone_8_d70ed9f2	post
135	-66.9334074541	10.4478461587	__export__.isp_zone_8_d70ed9f2	post
136	-66.9335828368	10.4481486143	__export__.isp_zone_8_d70ed9f2	post
137	-66.9334979048	10.4482161125	__export__.isp_zone_8_d70ed9f2	post
138	-66.9337110452	10.4483517309	__export__.isp_zone_8_d70ed9f2	post
139	-66.9338310832	10.4485105304	__export__.isp_zone_8_d70ed9f2	post
140	-66.9341245322	10.4489062633	__export__.isp_zone_8_d70ed9f2	post
141	-66.934197395	10.4492105628	__export__.isp_zone_8_d70ed9f2	post
143	-66.9339861706	10.4491824451	__export__.isp_zone_8_d70ed9f2	post
144	-66.9339293611	10.4489839249	__export__.isp_zone_8_d70ed9f2	post
145	-66.9338062268	10.4490101006	__export__.isp_zone_8_d70ed9f2	post
146	-66.9337430526	10.4488121067	__export__.isp_zone_8_d70ed9f2	post
147	-66.9335760867	10.4489051078	__export__.isp_zone_8_d70ed9f2	post
148	-66.9335567861	10.448745139	__export__.isp_zone_8_d70ed9f2	post
149	-66.9336635804	10.4486392232	__export__.isp_zone_8_d70ed9f2	post
150	-66.9336832531	10.44878644	__export__.isp_zone_8_d70ed9f2	post
151	-66.9337932769	10.448871878	__export__.isp_zone_8_d70ed9f2	post
152	-66.9333620501	10.4489265637	__export__.isp_zone_8_d70ed9f2	post
153	-66.9334269222	10.4488313049	__export__.isp_zone_8_d70ed9f2	post
154	-66.9333741349	10.4484499707	__export__.isp_zone_8_d70ed9f2	post
155	-66.9332298691	10.4484252101	__export__.isp_zone_8_d70ed9f2	post
156	-66.9331326835	10.4482550018	__export__.isp_zone_8_d70ed9f2	post
157	-66.9329977	10.4484815	__export__.isp_zone_8_d70ed9f2	post
158	-66.9330498	10.448608	__export__.isp_zone_8_d70ed9f2	post
159	-66.9330797	10.4488068	__export__.isp_zone_8_d70ed9f2	post
160	-66.9330290133	10.4488459064	__export__.isp_zone_8_d70ed9f2	post
161	-66.932965484	10.4487813383	__export__.isp_zone_8_d70ed9f2	post
162	-66.9328644137	10.4489730484	__export__.isp_zone_8_d70ed9f2	post
163	-66.9328076844	10.4483130848	__export__.isp_zone_8_d70ed9f2	post
164	-66.9330339053	10.4476119598	__export__.isp_zone_8_d70ed9f2	post
165	-66.9328844	10.4471954	__export__.isp_zone_8_d70ed9f2	post
166	-66.9326137	10.4470793	__export__.isp_zone_8_d70ed9f2	post
167	-66.9324916	10.4469843	__export__.isp_zone_8_d70ed9f2	post
168	-66.9323491712	10.4469339284	__export__.isp_zone_8_d70ed9f2	post
169	-66.9323034907	10.4467254437	__export__.isp_zone_8_d70ed9f2	post
170	-66.9321532787	10.4467826989	__export__.isp_zone_8_d70ed9f2	post
171	-66.9320087845	10.4467050926	__export__.isp_zone_8_d70ed9f2	post
172	-66.9322364	10.4463472	__export__.isp_zone_8_d70ed9f2	post
173	-66.9318960763	10.4464373538	__export__.isp_zone_8_d70ed9f2	post
174	-66.9322919919	10.4471047241	__export__.isp_zone_8_d70ed9f2	post
175	-66.9325284595	10.4471932905	__export__.isp_zone_8_d70ed9f2	post
176	-66.9326195376	10.4461218868	__export__.isp_zone_8_d70ed9f2	post
177	-66.932640285	10.4458834569	__export__.isp_zone_8_d70ed9f2	post
178	-66.9327248437	10.4457879569	__export__.isp_zone_8_d70ed9f2	post
179	-66.9329571686	10.4459822892	__export__.isp_zone_8_d70ed9f2	post
180	-66.9326916547	10.4466100488	__export__.isp_zone_8_d70ed9f2	post
181	-66.9319541387	10.446057491	__export__.isp_zone_8_d70ed9f2	post
182	-66.9322	10.4458242	__export__.isp_zone_8_d70ed9f2	post
183	-66.9323786	10.4458675	__export__.isp_zone_8_d70ed9f2	post
184	-66.932527	10.4459304	__export__.isp_zone_8_d70ed9f2	post
185	-66.9324604085	10.4457937762	__export__.isp_zone_8_d70ed9f2	post
186	-66.9323054	10.4453769	__export__.isp_zone_8_d70ed9f2	post
188	-66.9326728	10.4453687	__export__.isp_zone_8_d70ed9f2	post
189	-66.9299048398	10.4442384889	__export__.isp_zone_8_d70ed9f2	post
190	-66.9297358967	10.4441710266	__export__.isp_zone_8_d70ed9f2	post
18	-66.9291691803	10.4451678487	__export__.isp_zone_8_d70ed9f2	post
63	-66.9331534667	10.448652746	__export__.isp_zone_8_d70ed9f2	post
1	-66.9289147634	10.4438931995	__export__.isp_zone_8_d70ed9f2	post
2	-66.92866517	10.4437681243	__export__.isp_zone_8_d70ed9f2	post
3	-66.9290308	10.4437608	__export__.isp_zone_8_d70ed9f2	post
4	-66.9289145	10.4436176	__export__.isp_zone_8_d70ed9f2	post
5	-66.9292177618	10.4438007386	__export__.isp_zone_8_d70ed9f2	post
6	-66.9294469543	10.4437701035	__export__.isp_zone_8_d70ed9f2	post
7	-66.9295918	10.4436607	__export__.isp_zone_8_d70ed9f2	post
8	-66.9296081	10.4435872	__export__.isp_zone_8_d70ed9f2	post
9	-66.9294978	10.4434799	__export__.isp_zone_8_d70ed9f2	post
10	-66.9293692	10.4434129	__export__.isp_zone_8_d70ed9f2	post
11	-66.9303497654	10.4439585147	__export__.isp_zone_8_d70ed9f2	post
12	-66.9302382	10.4441344	__export__.isp_zone_8_d70ed9f2	post
13	-66.9303109	10.4442928	__export__.isp_zone_8_d70ed9f2	post
14	-66.9303974	10.4443134	__export__.isp_zone_8_d70ed9f2	post
15	-66.9306088	10.4442613	__export__.isp_zone_8_d70ed9f2	post
16	-66.9311974053	10.4444838664	__export__.isp_zone_8_d70ed9f2	post
17	-66.9311631512	10.4447425211	__export__.isp_zone_8_d70ed9f2	post
18	-66.9309637416	10.4448700878	__export__.isp_zone_8_d70ed9f2	post
19	-66.9307289607	10.4448983202	__export__.isp_zone_8_d70ed9f2	post
20	-66.9304648394	10.4449531402	__export__.isp_zone_8_d70ed9f2	post
21	-66.9293401275	10.4440595007	__export__.isp_zone_8_d70ed9f2	post
22	-66.9291749718	10.4442782604	__export__.isp_zone_8_d70ed9f2	post
23	-66.9301341	10.443897	__export__.isp_zone_8_d70ed9f2	post
24	-66.9309037777	10.4444759985	__export__.isp_zone_8_d70ed9f2	post
25	-66.9307055985	10.4447424154	__export__.isp_zone_8_d70ed9f2	post
26	-66.9305803	10.4445532	__export__.isp_zone_8_d70ed9f2	post
27	-66.9306875	10.4441051	__export__.isp_zone_8_d70ed9f2	post
28	-66.930659	10.4439554	__export__.isp_zone_8_d70ed9f2	post
29	-66.9290399	10.4435898	__export__.isp_zone_8_d70ed9f2	post
30	-66.9292721639	10.4433437482	__export__.isp_zone_8_d70ed9f2	post
31	-66.9297299	10.443775	__export__.isp_zone_8_d70ed9f2	post
32	-66.9316981896	10.4440695904	__export__.isp_zone_8_d70ed9f2	post
33	-66.9317979951	10.4440086491	__export__.isp_zone_8_d70ed9f2	post
34	-66.9319708474	10.4440020693	__export__.isp_zone_8_d70ed9f2	post
35	-66.9318708422	10.4432673003	__export__.isp_zone_8_d70ed9f2	post
36	-66.9319109328	10.4430918798	__export__.isp_zone_8_d70ed9f2	post
37	-66.9321909016	10.4431937037	__export__.isp_zone_8_d70ed9f2	post
38	-66.9320909043	10.4433878942	__export__.isp_zone_8_d70ed9f2	post
39	-66.9323661641	10.4432620556	__export__.isp_zone_8_d70ed9f2	post
40	-66.9327279298	10.4433347103	__export__.isp_zone_8_d70ed9f2	post
41	-66.9329854854	10.4437886347	__export__.isp_zone_8_d70ed9f2	post
42	-66.9330279664	10.4440127412	__export__.isp_zone_8_d70ed9f2	post
43	-66.933068701	10.4441636566	__export__.isp_zone_8_d70ed9f2	post
44	-66.9332199994	10.4441936127	__export__.isp_zone_8_d70ed9f2	post
45	-66.9334578757	10.4440251123	__export__.isp_zone_8_d70ed9f2	post
46	-66.9336100466	10.4438365255	__export__.isp_zone_8_d70ed9f2	post
47	-66.9340508288	10.443035723	__export__.isp_zone_8_d70ed9f2	post
48	-66.934294766	10.4430377469	__export__.isp_zone_8_d70ed9f2	post
49	-66.9346788343	10.4429343536	__export__.isp_zone_8_d70ed9f2	post
50	-66.9350892187	10.4426367326	__export__.isp_zone_8_d70ed9f2	post
51	-66.9357037082	10.4421993101	__export__.isp_zone_8_d70ed9f2	post
52	-66.9356772317	10.4423044875	__export__.isp_zone_8_d70ed9f2	post
53	-66.9363892292	10.4422260553	__export__.isp_zone_8_d70ed9f2	post
54	-66.9369144903	10.4424535592	__export__.isp_zone_8_d70ed9f2	post
55	-66.9373940741	10.4428521604	__export__.isp_zone_8_d70ed9f2	post
56	-66.9372169772	10.4425114108	__export__.isp_zone_8_d70ed9f2	post
57	-66.9371010576	10.4422917108	__export__.isp_zone_8_d70ed9f2	post
58	-66.936879152	10.4420714772	__export__.isp_zone_8_d70ed9f2	post
59	-66.9366397594	10.4418081634	__export__.isp_zone_8_d70ed9f2	post
60	-66.9363402341	10.4416535785	__export__.isp_zone_8_d70ed9f2	post
61	-66.9358989472	10.4415443331	__export__.isp_zone_8_d70ed9f2	post
62	-66.9330375292	10.4443174155	__export__.isp_zone_8_d70ed9f2	post
63	-66.9326569821	10.4441748487	__export__.isp_zone_8_d70ed9f2	post
64	-66.9326186162	10.444348433	__export__.isp_zone_8_d70ed9f2	post
65	-66.932669802	10.4438771627	__export__.isp_zone_8_d70ed9f2	post
66	-66.9325624446	10.4434962901	__export__.isp_zone_8_d70ed9f2	post
67	-66.9323576277	10.4435937549	__export__.isp_zone_8_d70ed9f2	post
68	-66.9323970849	10.4433508668	__export__.isp_zone_8_d70ed9f2	post
69	-66.9325203053	10.4441506799	__export__.isp_zone_8_d70ed9f2	post
70	-66.9322541768	10.4444534625	__export__.isp_zone_8_d70ed9f2	post
71	-66.9317895156	10.4447030466	__export__.isp_zone_8_d70ed9f2	post
72	-66.931755403	10.4448088225	__export__.isp_zone_8_d70ed9f2	post
73	-66.9316220177	10.4447567891	__export__.isp_zone_8_d70ed9f2	post
74	-66.9313951921	10.4447534658	__export__.isp_zone_8_d70ed9f2	post
75	-66.9318405432	10.4449090414	__export__.isp_zone_8_d70ed9f2	post
76	-66.9317088716	10.4450540012	__export__.isp_zone_8_d70ed9f2	post
77	-66.9312753751	10.4451113256	__export__.isp_zone_8_d70ed9f2	post
78	-66.9311139086	10.4449672523	__export__.isp_zone_8_d70ed9f2	post
79	-66.9308557794	10.4451217005	__export__.isp_zone_8_d70ed9f2	post
80	-66.9318228196	10.445267578	__export__.isp_zone_8_d70ed9f2	post
81	-66.9319511993	10.4454614365	__export__.isp_zone_8_d70ed9f2	post
82	-66.9317814885	10.4454910693	__export__.isp_zone_8_d70ed9f2	post
83	-66.931629084	10.4455313239	__export__.isp_zone_8_d70ed9f2	post
84	-66.9315514254	10.4455157246	__export__.isp_zone_8_d70ed9f2	post
85	-66.9314076074	10.4454168085	__export__.isp_zone_8_d70ed9f2	post
86	-66.9311256243	10.4453067144	__export__.isp_zone_8_d70ed9f2	post
87	-66.930915655	10.4453385849	__export__.isp_zone_8_d70ed9f2	post
88	-66.9307609998	10.4453622528	__export__.isp_zone_8_d70ed9f2	post
89	-66.9305631517	10.4453889133	__export__.isp_zone_8_d70ed9f2	post
1	-66.9410009677	10.4504719507	__export__.isp_zone_8_d70ed9f2	post
2	-66.9327300724	10.4607686661	__export__.isp_zone_8_d70ed9f2	post
3	-66.932609585	10.4610010465	__export__.isp_zone_8_d70ed9f2	post
4	-66.9323792268	10.4613112626	__export__.isp_zone_8_d70ed9f2	post
5	-66.9321725843	10.4616220189	__export__.isp_zone_8_d70ed9f2	post
6	-66.931664784	10.4623059367	__export__.isp_zone_8_d70ed9f2	post
7	-66.9314624528	10.4624005607	__export__.isp_zone_8_d70ed9f2	post
8	-66.9314457396	10.4627442283	__export__.isp_zone_8_d70ed9f2	post
9	-66.9312906604	10.4631236542	__export__.isp_zone_8_d70ed9f2	post
10	-66.9311020197	10.463455937	__export__.isp_zone_8_d70ed9f2	post
11	-66.9310668505	10.4636734142	__export__.isp_zone_8_d70ed9f2	post
12	-66.9309144693	10.4637584369	__export__.isp_zone_8_d70ed9f2	post
13	-66.9306554249	10.4642199143	__export__.isp_zone_8_d70ed9f2	post
14	-66.9303689829	10.4644653988	__export__.isp_zone_8_d70ed9f2	post
15	-66.9299651042	10.4647659983	__export__.isp_zone_8_d70ed9f2	post
16	-66.9297317752	10.4649735366	__export__.isp_zone_8_d70ed9f2	post
17	-66.9294562626	10.4652432839	__export__.isp_zone_8_d70ed9f2	post
18	-66.9293372994	10.4654367574	__export__.isp_zone_8_d70ed9f2	post
19	-66.9292898769	10.4654042001	__export__.isp_zone_8_d70ed9f2	post
20	-66.9467322099	10.4471321972	__export__.isp_zone_8_d70ed9f2	post
21	-66.9470535711	10.4469619126	__export__.isp_zone_8_d70ed9f2	post
22	-66.9473293426	10.4465211287	__export__.isp_zone_8_d70ed9f2	post
23	-66.9476083826	10.4462817189	__export__.isp_zone_8_d70ed9f2	post
24	-66.9480443301	10.4462121183	__export__.isp_zone_8_d70ed9f2	post
25	-66.9483073447	10.4460903574	__export__.isp_zone_8_d70ed9f2	post
26	-66.9486525386	10.4461219982	__export__.isp_zone_8_d70ed9f2	post
27	-66.9489992297	10.446000846	__export__.isp_zone_8_d70ed9f2	post
28	-66.9491024781	10.4459661518	__export__.isp_zone_8_d70ed9f2	post
29	-66.9491430557	10.4459057892	__export__.isp_zone_8_d70ed9f2	post
30	-66.94926047	10.4458733038	__export__.isp_zone_8_d70ed9f2	post
31	-66.9491444153	10.4454327003	__export__.isp_zone_8_d70ed9f2	post
32	-66.9492916713	10.4452330808	__export__.isp_zone_8_d70ed9f2	post
33	-66.9494047187	10.4451099703	__export__.isp_zone_8_d70ed9f2	post
34	-66.9495158323	10.4448787875	__export__.isp_zone_8_d70ed9f2	post
35	-66.9496753748	10.444793677	__export__.isp_zone_8_d70ed9f2	post
36	-66.9503752001	10.4445828943	__export__.isp_zone_8_d70ed9f2	post
37	-66.9507858252	10.4444561481	__export__.isp_zone_8_d70ed9f2	post
38	-66.9509507867	10.4443738315	__export__.isp_zone_8_d70ed9f2	post
39	-66.9511276777	10.4443461789	__export__.isp_zone_8_d70ed9f2	post
40	-66.9512785324	10.4442251361	__export__.isp_zone_8_d70ed9f2	post
41	-66.9514487903	10.444509127	__export__.isp_zone_8_d70ed9f2	post
42	-66.951559409	10.4442575107	__export__.isp_zone_8_d70ed9f2	post
43	-66.9515960665	10.4444716324	__export__.isp_zone_8_d70ed9f2	post
44	-66.9516718276	10.444699151	__export__.isp_zone_8_d70ed9f2	post
45	-66.9517293071	10.4443876171	__export__.isp_zone_8_d70ed9f2	post
46	-66.9520396572	10.4440167165	__export__.isp_zone_8_d70ed9f2	post
47	-66.9521525032	10.4438028032	__export__.isp_zone_8_d70ed9f2	post
48	-66.9526174202	10.4437427514	__export__.isp_zone_8_d70ed9f2	post
49	-66.9528150564	10.4440670832	__export__.isp_zone_8_d70ed9f2	post
50	-66.9530642297	10.4437749402	__export__.isp_zone_8_d70ed9f2	post
51	-66.9532277476	10.4438146743	__export__.isp_zone_8_d70ed9f2	post
52	-66.9529691476	10.4435313607	__export__.isp_zone_8_d70ed9f2	post
53	-66.9531956491	10.4434273112	__export__.isp_zone_8_d70ed9f2	post
54	-66.9529376046	10.4432848275	__export__.isp_zone_8_d70ed9f2	post
55	-66.9526981204	10.4433354576	__export__.isp_zone_8_d70ed9f2	post
56	-66.9526984155	10.4432500002	__export__.isp_zone_8_d70ed9f2	post
57	-66.9524963726	10.4431166105	__export__.isp_zone_8_d70ed9f2	post
58	-66.9522302745	10.4428725158	__export__.isp_zone_8_d70ed9f2	post
59	-66.9521290569	10.4428807152	__export__.isp_zone_8_d70ed9f2	post
60	-66.9521279524	10.4427619228	__export__.isp_zone_8_d70ed9f2	post
61	-66.9520425055	10.4426520613	__export__.isp_zone_8_d70ed9f2	post
62	-66.9519376992	10.4426532086	__export__.isp_zone_8_d70ed9f2	post
63	-66.9518880016	10.4423390957	__export__.isp_zone_8_d70ed9f2	post
64	-66.9517255449	10.4420369092	__export__.isp_zone_8_d70ed9f2	post
65	-66.9518071416	10.4418318064	__export__.isp_zone_8_d70ed9f2	post
66	-66.9517149654	10.4416540646	__export__.isp_zone_8_d70ed9f2	post
67	-66.951433155	10.4412527258	__export__.isp_zone_8_d70ed9f2	post
68	-66.9512654048	10.4411420788	__export__.isp_zone_8_d70ed9f2	post
69	-66.9532943032	10.4433815643	__export__.isp_zone_8_d70ed9f2	post
70	-66.9532527658	10.4431983437	__export__.isp_zone_8_d70ed9f2	post
71	-66.9536526306	10.4433127394	__export__.isp_zone_8_d70ed9f2	post
72	-66.9536952731	10.4431461505	__export__.isp_zone_8_d70ed9f2	post
73	-66.9537766348	10.4428767743	__export__.isp_zone_8_d70ed9f2	post
74	-66.9538777682	10.4433676764	__export__.isp_zone_8_d70ed9f2	post
75	-66.9540716107	10.4434144994	__export__.isp_zone_8_d70ed9f2	post
76	-66.954220616	10.443436465	__export__.isp_zone_8_d70ed9f2	post
77	-66.9541398243	10.4432465878	__export__.isp_zone_8_d70ed9f2	post
78	-66.9541467079	10.4429526225	__export__.isp_zone_8_d70ed9f2	post
79	-66.9542259685	10.4432471969	__export__.isp_zone_8_d70ed9f2	post
80	-66.9543319483	10.4429935465	__export__.isp_zone_8_d70ed9f2	post
81	-66.9544684306	10.4434849241	__export__.isp_zone_8_d70ed9f2	post
82	-66.9546683014	10.4435041147	__export__.isp_zone_8_d70ed9f2	post
83	-66.9547706857	10.4435129206	__export__.isp_zone_8_d70ed9f2	post
84	-66.9549697471	10.4434211958	__export__.isp_zone_8_d70ed9f2	post
85	-66.9552246202	10.4432734717	__export__.isp_zone_8_d70ed9f2	post
86	-66.9554657295	10.4433403941	__export__.isp_zone_8_d70ed9f2	post
87	-66.955789665	10.4433821418	__export__.isp_zone_8_d70ed9f2	post
88	-66.9558152754	10.4432091769	__export__.isp_zone_8_d70ed9f2	post
89	-66.9559844877	10.442905265	__export__.isp_zone_8_d70ed9f2	post
90	-66.9560718572	10.442620293	__export__.isp_zone_8_d70ed9f2	post
91	-66.9561908318	10.4424273425	__export__.isp_zone_8_d70ed9f2	post
92	-66.9560255007	10.4424340347	__export__.isp_zone_8_d70ed9f2	post
93	-66.9563965996	10.4419827283	__export__.isp_zone_8_d70ed9f2	post
94	-66.9564203467	10.4416116857	__export__.isp_zone_8_d70ed9f2	post
95	-66.9562901627	10.4414971513	__export__.isp_zone_8_d70ed9f2	post
96	-66.9561644605	10.4414713973	__export__.isp_zone_8_d70ed9f2	post
97	-66.9559029118	10.4414174176	__export__.isp_zone_8_d70ed9f2	post
98	-66.9562925944	10.4412805067	__export__.isp_zone_8_d70ed9f2	post
99	-66.9563445316	10.4410844768	__export__.isp_zone_8_d70ed9f2	post
100	-66.9561373054	10.4410470568	__export__.isp_zone_8_d70ed9f2	post
101	-66.9561268576	10.4408765068	__export__.isp_zone_8_d70ed9f2	post
102	-66.9561457343	10.4405775382	__export__.isp_zone_8_d70ed9f2	post
103	-66.9562330295	10.4401745635	__export__.isp_zone_8_d70ed9f2	post
104	-66.9574657576	10.4439905523	__export__.isp_zone_8_d70ed9f2	post
105	-66.9579358317	10.4439441278	__export__.isp_zone_8_d70ed9f2	post
106	-66.9581244859	10.4441794415	__export__.isp_zone_8_d70ed9f2	post
107	-66.9581300737	10.4443463146	__export__.isp_zone_8_d70ed9f2	post
108	-66.9584826072	10.4442097067	__export__.isp_zone_8_d70ed9f2	post
109	-66.958720546	10.4442824571	__export__.isp_zone_8_d70ed9f2	post
110	-66.9585555242	10.4442949791	__export__.isp_zone_8_d70ed9f2	post
111	-66.9585378013	10.4443359839	__export__.isp_zone_8_d70ed9f2	post
112	-66.958496966	10.4445126282	__export__.isp_zone_8_d70ed9f2	post
113	-66.9587517935	10.4441181898	__export__.isp_zone_8_d70ed9f2	post
114	-66.9587473318	10.4440137276	__export__.isp_zone_8_d70ed9f2	post
115	-66.9589532097	10.444042553	__export__.isp_zone_8_d70ed9f2	post
116	-66.9588146178	10.4443147701	__export__.isp_zone_8_d70ed9f2	post
117	-66.9589229336	10.4442915828	__export__.isp_zone_8_d70ed9f2	post
118	-66.959006188	10.4443077213	__export__.isp_zone_8_d70ed9f2	post
119	-66.9588751316	10.4444200633	__export__.isp_zone_8_d70ed9f2	post
120	-66.9591718353	10.4445568149	__export__.isp_zone_8_d70ed9f2	post
121	-66.9591940853	10.4444207322	__export__.isp_zone_8_d70ed9f2	post
122	-66.9592142619	10.4443474929	__export__.isp_zone_8_d70ed9f2	post
123	-66.9589957217	10.4439320451	__export__.isp_zone_8_d70ed9f2	post
124	-66.9593669456	10.4441613399	__export__.isp_zone_8_d70ed9f2	post
125	-66.9592814541	10.4444824906	__export__.isp_zone_8_d70ed9f2	post
126	-66.9594863263	10.4444589041	__export__.isp_zone_8_d70ed9f2	post
127	-66.9594174282	10.4446166219	__export__.isp_zone_8_d70ed9f2	post
128	-66.9597020117	10.4446919586	__export__.isp_zone_8_d70ed9f2	post
129	-66.9597590472	10.4445184759	__export__.isp_zone_8_d70ed9f2	post
130	-66.9597727808	10.4443942519	__export__.isp_zone_8_d70ed9f2	post
131	-66.959893824	10.4446101197	__export__.isp_zone_8_d70ed9f2	post
132	-66.959931944	10.4444316173	__export__.isp_zone_8_d70ed9f2	post
133	-66.9601491442	10.4445218197	__export__.isp_zone_8_d70ed9f2	post
134	-66.9605638231	10.4448219697	__export__.isp_zone_8_d70ed9f2	post
135	-66.9607405671	10.4449570488	__export__.isp_zone_8_d70ed9f2	post
136	-66.9604456254	10.4450585568	__export__.isp_zone_8_d70ed9f2	post
137	-66.9603409882	10.4452276266	__export__.isp_zone_8_d70ed9f2	post
138	-66.9603235379	10.4451319257	__export__.isp_zone_8_d70ed9f2	post
139	-66.9603152051	10.4448744818	__export__.isp_zone_8_d70ed9f2	post
140	-66.9600173889	10.4450815445	__export__.isp_zone_8_d70ed9f2	post
141	-66.9598558843	10.4450455126	__export__.isp_zone_8_d70ed9f2	post
142	-66.9598360248	10.445276364	__export__.isp_zone_8_d70ed9f2	post
143	-66.9549507894	10.4435286566	__export__.isp_zone_8_d70ed9f2	post
144	-66.9553466083	10.4436324946	__export__.isp_zone_8_d70ed9f2	post
145	-66.9556003686	10.4437562371	__export__.isp_zone_8_d70ed9f2	post
146	-66.9552501751	10.4440435957	__export__.isp_zone_8_d70ed9f2	post
147	-66.9551930498	10.4442847282	__export__.isp_zone_8_d70ed9f2	post
148	-66.9551010746	10.4444639142	__export__.isp_zone_8_d70ed9f2	post
149	-66.9549311685	10.4446028087	__export__.isp_zone_8_d70ed9f2	post
150	-66.9549451188	10.4443147457	__export__.isp_zone_8_d70ed9f2	post
151	-66.9549028938	10.4441644696	__export__.isp_zone_8_d70ed9f2	post
152	-66.9545403706	10.4448582704	__export__.isp_zone_8_d70ed9f2	post
153	-66.954448308	10.4451379644	__export__.isp_zone_8_d70ed9f2	post
154	-66.954149756	10.4452768231	__export__.isp_zone_8_d70ed9f2	post
155	-66.9542301978	10.4449733838	__export__.isp_zone_8_d70ed9f2	post
156	-66.9542164944	10.4446383829	__export__.isp_zone_8_d70ed9f2	post
157	-66.9540908053	10.4444720902	__export__.isp_zone_8_d70ed9f2	post
158	-66.9538343664	10.4444162057	__export__.isp_zone_8_d70ed9f2	post
159	-66.9537422397	10.4446821329	__export__.isp_zone_8_d70ed9f2	post
160	-66.9536079851	10.4449581445	__export__.isp_zone_8_d70ed9f2	post
161	-66.953551798	10.4452887698	__export__.isp_zone_8_d70ed9f2	post
162	-66.9534197039	10.4456672809	__export__.isp_zone_8_d70ed9f2	post
163	-66.9540804537	10.4456382136	__export__.isp_zone_8_d70ed9f2	post
164	-66.9540066654	10.4458126994	__export__.isp_zone_8_d70ed9f2	post
165	-66.953912996	10.4460534474	__export__.isp_zone_8_d70ed9f2	post
166	-66.9537617703	10.4463311416	__export__.isp_zone_8_d70ed9f2	post
167	-66.9534774058	10.4465448005	__export__.isp_zone_8_d70ed9f2	post
168	-66.9538628988	10.4463783942	__export__.isp_zone_8_d70ed9f2	post
169	-66.9539758296	10.4463658346	__export__.isp_zone_8_d70ed9f2	post
170	-66.9541149729	10.446196559	__export__.isp_zone_8_d70ed9f2	post
171	-66.9543464545	10.4461448768	__export__.isp_zone_8_d70ed9f2	post
172	-66.9544838409	10.4459497164	__export__.isp_zone_8_d70ed9f2	post
173	-66.9547951174	10.4460309025	__export__.isp_zone_8_d70ed9f2	post
174	-66.9547196878	10.4463055236	__export__.isp_zone_8_d70ed9f2	post
175	-66.9542838471	10.4463251745	__export__.isp_zone_8_d70ed9f2	post
176	-66.9541681726	10.4464223405	__export__.isp_zone_8_d70ed9f2	post
177	-66.9541227016	10.4465858151	__export__.isp_zone_8_d70ed9f2	post
178	-66.9540477945	10.4467822311	__export__.isp_zone_8_d70ed9f2	post
179	-66.9539209308	10.4471101676	__export__.isp_zone_8_d70ed9f2	post
180	-66.9537482762	10.4475602196	__export__.isp_zone_8_d70ed9f2	post
181	-66.9536471293	10.4480273031	__export__.isp_zone_8_d70ed9f2	post
182	-66.9535943369	10.4484823865	__export__.isp_zone_8_d70ed9f2	post
183	-66.9534861433	10.4489056599	__export__.isp_zone_8_d70ed9f2	post
184	-66.9535550823	10.4489555905	__export__.isp_zone_8_d70ed9f2	post
185	-66.9535492097	10.4492182	__export__.isp_zone_8_d70ed9f2	post
186	-66.9558763568	10.4438785325	__export__.isp_zone_8_d70ed9f2	post
187	-66.9558197924	10.4439730938	__export__.isp_zone_8_d70ed9f2	post
188	-66.9557196149	10.4441248314	__export__.isp_zone_8_d70ed9f2	post
189	-66.9558827954	10.4439995439	__export__.isp_zone_8_d70ed9f2	post
190	-66.9560231727	10.444078021	__export__.isp_zone_8_d70ed9f2	post
191	-66.9559675066	10.4437899291	__export__.isp_zone_8_d70ed9f2	post
192	-66.9560992233	10.4436358044	__export__.isp_zone_8_d70ed9f2	post
193	-66.9564042408	10.4436232844	__export__.isp_zone_8_d70ed9f2	post
194	-66.956266259	10.4438752198	__export__.isp_zone_8_d70ed9f2	post
195	-66.9563444395	10.443953657	__export__.isp_zone_8_d70ed9f2	post
196	-66.9564697757	10.4440218156	__export__.isp_zone_8_d70ed9f2	post
197	-66.9566438127	10.4439253338	__export__.isp_zone_8_d70ed9f2	post
198	-66.9566788815	10.4438299175	__export__.isp_zone_8_d70ed9f2	post
199	-66.9569013295	10.4440404405	__export__.isp_zone_8_d70ed9f2	post
200	-66.9567804154	10.444095158	__export__.isp_zone_8_d70ed9f2	post
01	-66.94595442	10.4366620704	__export__.isp_zone_8_d70ed9f2	post
02	-66.9461064405	10.4366452374	__export__.isp_zone_8_d70ed9f2	post
03	-66.9461854778	10.4365659865	__export__.isp_zone_8_d70ed9f2	post
04	-66.9462453328	10.4365208254	__export__.isp_zone_8_d70ed9f2	post
05	-66.9463936312	10.4363636953	__export__.isp_zone_8_d70ed9f2	post
06	-66.9467474049	10.4360361414	__export__.isp_zone_8_d70ed9f2	post
07	-66.9470113191	10.4359540928	__export__.isp_zone_8_d70ed9f2	post
08	-66.9471703394	10.4359899298	__export__.isp_zone_8_d70ed9f2	post
09	-66.9473085461	10.4360664111	__export__.isp_zone_8_d70ed9f2	post
10	-66.9474798538	10.4361621119	__export__.isp_zone_8_d70ed9f2	post
11	-66.9476542137	10.4362561178	__export__.isp_zone_8_d70ed9f2	post
12	-66.947792856	10.4363323967	__export__.isp_zone_8_d70ed9f2	post
13	-66.9478936327	10.4364447438	__export__.isp_zone_8_d70ed9f2	post
14	-66.9479441453	10.4366507539	__export__.isp_zone_8_d70ed9f2	post
15	-66.9479695771	10.4367850326	__export__.isp_zone_8_d70ed9f2	post
16	-66.9480090143	10.4369780977	__export__.isp_zone_8_d70ed9f2	post
17	-66.9480771866	10.437165749	__export__.isp_zone_8_d70ed9f2	post
18	-66.9481464762	10.4373156664	__export__.isp_zone_8_d70ed9f2	post
19	-66.9482461166	10.4374844792	__export__.isp_zone_8_d70ed9f2	post
20	-66.9483594892	10.4376174727	__export__.isp_zone_8_d70ed9f2	post
21	-66.9472188735	10.437444038	__export__.isp_zone_8_d70ed9f2	post
22	-66.9474995103	10.4372709217	__export__.isp_zone_8_d70ed9f2	post
23	-66.9478538746	10.4372468581	__export__.isp_zone_8_d70ed9f2	post
24	-66.9480298222	10.4373789333	__export__.isp_zone_8_d70ed9f2	post
25	-66.9481233407	10.4375819599	__export__.isp_zone_8_d70ed9f2	post
26	-66.9485144331	10.4378371685	__export__.isp_zone_8_d70ed9f2	post
27	-66.9486385238	10.4379066908	__export__.isp_zone_8_d70ed9f2	post
28	-66.9488301786	10.4382161321	__export__.isp_zone_8_d70ed9f2	post
29	-66.9489946522	10.4384359326	__export__.isp_zone_8_d70ed9f2	post
30	-66.9490560746	10.4386575804	__export__.isp_zone_8_d70ed9f2	post
31	-66.9489942382	10.4388120413	__export__.isp_zone_8_d70ed9f2	post
32	-66.949143889	10.4390107418	__export__.isp_zone_8_d70ed9f2	post
33	-66.949089162	10.4395056354	__export__.isp_zone_8_d70ed9f2	post
34	-66.9493256442	10.4396604031	__export__.isp_zone_8_d70ed9f2	post
35	-66.9496518155	10.4398196877	__export__.isp_zone_8_d70ed9f2	post
36	-66.9503693793	10.4400484009	__export__.isp_zone_8_d70ed9f2	post
37	-66.9506699221	10.440359843	__export__.isp_zone_8_d70ed9f2	post
38	-66.9508679023	10.4406404139	__export__.isp_zone_8_d70ed9f2	post
39	-66.9505047251	10.4406467123	__export__.isp_zone_8_d70ed9f2	post
40	-66.9504554507	10.4408558121	__export__.isp_zone_8_d70ed9f2	post
41	-66.9501990618	10.4411622496	__export__.isp_zone_8_d70ed9f2	post
42	-66.9499462037	10.4411983907	__export__.isp_zone_8_d70ed9f2	post
43	-66.9495887339	10.4413382894	__export__.isp_zone_8_d70ed9f2	post
44	-66.9504548367	10.4411944567	__export__.isp_zone_8_d70ed9f2	post
45	-66.9508125434	10.4411216653	__export__.isp_zone_8_d70ed9f2	post
46	-66.95096734	10.441187108	__export__.isp_zone_8_d70ed9f2	post
47	-66.9509253071	10.4425354904	__export__.isp_zone_8_d70ed9f2	post
48	-66.9513710387	10.4429019146	__export__.isp_zone_8_d70ed9f2	post
49	-66.9516527123	10.443364286	__export__.isp_zone_8_d70ed9f2	post
50	-66.9511447209	10.4440007629	__export__.isp_zone_8_d70ed9f2	post
51	-66.9499952241	10.4444674829	__export__.isp_zone_8_d70ed9f2	post
52	-66.9495774236	10.4444696707	__export__.isp_zone_8_d70ed9f2	post
53	-66.9491569369	10.4445921081	__export__.isp_zone_8_d70ed9f2	post
54	-66.9490725593	10.4443404384	__export__.isp_zone_8_d70ed9f2	post
55	-66.9482601735	10.445800402	__export__.isp_zone_8_d70ed9f2	post
56	-66.9477582086	10.4459496887	__export__.isp_zone_8_d70ed9f2	post
57	-66.9475815508	10.4458579406	__export__.isp_zone_8_d70ed9f2	post
58	-66.9468672228	10.446944535	__export__.isp_zone_8_d70ed9f2	post
59	-66.9465777848	10.4468374839	__export__.isp_zone_8_d70ed9f2	post
60	-66.9461280906	10.4467275229	__export__.isp_zone_8_d70ed9f2	post
61	-66.9460528907	10.4470304345	__export__.isp_zone_8_d70ed9f2	post
62	-66.9460328162	10.4472806315	__export__.isp_zone_8_d70ed9f2	post
63	-66.9458236942	10.4467799222	__export__.isp_zone_8_d70ed9f2	post
64	-66.9453912066	10.446936876	__export__.isp_zone_8_d70ed9f2	post
65	-66.9452847463	10.4471069644	__export__.isp_zone_8_d70ed9f2	post
66	-66.9449998608	10.4472698717	__export__.isp_zone_8_d70ed9f2	post
67	-66.9447815589	10.4471919549	__export__.isp_zone_8_d70ed9f2	post
68	-66.9448879296	10.4475647263	__export__.isp_zone_8_d70ed9f2	post
69	-66.9449308043	10.4477542034	__export__.isp_zone_8_d70ed9f2	post
70	-66.9449270151	10.4479641033	__export__.isp_zone_8_d70ed9f2	post
71	-66.9449228564	10.4482766231	__export__.isp_zone_8_d70ed9f2	post
72	-66.9449113449	10.4484495244	__export__.isp_zone_8_d70ed9f2	post
73	-66.9448842002	10.4486067227	__export__.isp_zone_8_d70ed9f2	post
74	-66.9448070003	10.4488672802	__export__.isp_zone_8_d70ed9f2	post
75	-66.944863033	10.4491457905	__export__.isp_zone_8_d70ed9f2	post
76	-66.9449627219	10.4493911924	__export__.isp_zone_8_d70ed9f2	post
77	-66.9450382323	10.4487648317	__export__.isp_zone_8_d70ed9f2	post
78	-66.9450551095	10.4487043996	__export__.isp_zone_8_d70ed9f2	post
79	-66.9451557562	10.4487546074	__export__.isp_zone_8_d70ed9f2	post
80	-66.9452349797	10.4486544823	__export__.isp_zone_8_d70ed9f2	post
81	-66.9454428155	10.4491514332	__export__.isp_zone_8_d70ed9f2	post
82	-66.9457285156	10.4492091094	__export__.isp_zone_8_d70ed9f2	post
83	-66.9459620926	10.4492071239	__export__.isp_zone_8_d70ed9f2	post
84	-66.9455161627	10.4489402577	__export__.isp_zone_8_d70ed9f2	post
85	-66.9455676421	10.4487374931	__export__.isp_zone_8_d70ed9f2	post
86	-66.9456498818	10.4485691524	__export__.isp_zone_8_d70ed9f2	post
87	-66.9458972318	10.448626045	__export__.isp_zone_8_d70ed9f2	post
88	-66.9456549332	10.44838935	__export__.isp_zone_8_d70ed9f2	post
89	-66.9460538948	10.448409482	__export__.isp_zone_8_d70ed9f2	post
90	-66.9462965258	10.448329245	__export__.isp_zone_8_d70ed9f2	post
91	-66.9460033788	10.4482109111	__export__.isp_zone_8_d70ed9f2	post
92	-66.9457972715	10.447957103	__export__.isp_zone_8_d70ed9f2	post
93	-66.9459836694	10.4477173147	__export__.isp_zone_8_d70ed9f2	post
94	-66.9458693605	10.4474608233	__export__.isp_zone_8_d70ed9f2	post
95	-66.9447133193	10.4472622297	__export__.isp_zone_8_d70ed9f2	post
96	-66.9445085367	10.4471193208	__export__.isp_zone_8_d70ed9f2	post
97	-66.9442737186	10.4470915384	__export__.isp_zone_8_d70ed9f2	post
98	-66.94364969	10.4475197538	__export__.isp_zone_8_d70ed9f2	post
99	-66.943466067	10.44749047	__export__.isp_zone_8_d70ed9f2	post
100	-66.9435714241	10.447899196	__export__.isp_zone_8_d70ed9f2	post
101	-66.9434903185	10.4483373443	__export__.isp_zone_8_d70ed9f2	post
102	-66.943390073	10.4484808158	__export__.isp_zone_8_d70ed9f2	post
103	-66.943518381	10.4486798381	__export__.isp_zone_8_d70ed9f2	post
104	-66.9435882471	10.4492106043	__export__.isp_zone_8_d70ed9f2	post
105	-66.9435789799	10.4495803978	__export__.isp_zone_8_d70ed9f2	post
106	-66.9438047401	10.4499710243	__export__.isp_zone_8_d70ed9f2	post
107	-66.9439073722	10.4502389825	__export__.isp_zone_8_d70ed9f2	post
108	-66.9327815549	10.4605294047	__export__.isp_zone_8_d70ed9f2	post
109	-66.9439398022	10.4509868789	__export__.isp_zone_8_d70ed9f2	post
110	-66.9440483501	10.4511872258	__export__.isp_zone_8_d70ed9f2	post
111	-66.9441986864	10.4516318925	__export__.isp_zone_8_d70ed9f2	post
112	-66.9440789223	10.4517780749	__export__.isp_zone_8_d70ed9f2	post
113	-66.9440867159	10.4519645922	__export__.isp_zone_8_d70ed9f2	post
114	-66.9432273966	10.4473511816	__export__.isp_zone_8_d70ed9f2	post
115	-66.9430015002	10.4473373565	__export__.isp_zone_8_d70ed9f2	post
116	-66.9425699894	10.4473820384	__export__.isp_zone_8_d70ed9f2	post
117	-66.9423782734	10.4476306679	__export__.isp_zone_8_d70ed9f2	post
118	-66.9420285776	10.4479724007	__export__.isp_zone_8_d70ed9f2	post
119	-66.9419165493	10.4483125836	__export__.isp_zone_8_d70ed9f2	post
120	-66.9419271855	10.4477789447	__export__.isp_zone_8_d70ed9f2	post
121	-66.9419258783	10.4476748349	__export__.isp_zone_8_d70ed9f2	post
122	-66.9416721087	10.4475740351	__export__.isp_zone_8_d70ed9f2	post
123	-66.9412422182	10.4474636176	__export__.isp_zone_8_d70ed9f2	post
124	-66.9411277371	10.4473838605	__export__.isp_zone_8_d70ed9f2	post
125	-66.9410793024	10.447276435	__export__.isp_zone_8_d70ed9f2	post
126	-66.9411813784	10.4471664135	__export__.isp_zone_8_d70ed9f2	post
127	-66.9414268953	10.4473870921	__export__.isp_zone_8_d70ed9f2	post
128	-66.9415813588	10.4474021044	__export__.isp_zone_8_d70ed9f2	post
129	-66.9417953935	10.4474001548	__export__.isp_zone_8_d70ed9f2	post
130	-66.9420242685	10.4473251244	__export__.isp_zone_8_d70ed9f2	post
131	-66.9408454619	10.4473060003	__export__.isp_zone_8_d70ed9f2	post
132	-66.9406512738	10.447107663	__export__.isp_zone_8_d70ed9f2	post
133	-66.9407369347	10.4473785137	__export__.isp_zone_8_d70ed9f2	post
134	-66.9407792523	10.4474825138	__export__.isp_zone_8_d70ed9f2	post
135	-66.9405753113	10.4472894534	__export__.isp_zone_8_d70ed9f2	post
136	-66.9402904331	10.4471049862	__export__.isp_zone_8_d70ed9f2	post
137	-66.9401777756	10.4470992156	__export__.isp_zone_8_d70ed9f2	post
138	-66.9400345111	10.4468752433	__export__.isp_zone_8_d70ed9f2	post
139	-66.9397118199	10.4467566124	__export__.isp_zone_8_d70ed9f2	post
140	-66.9393467603	10.4466830114	__export__.isp_zone_8_d70ed9f2	post
141	-66.9388505726	10.4465858323	__export__.isp_zone_8_d70ed9f2	post
142	-66.941793052	10.4487186855	__export__.isp_zone_8_d70ed9f2	post
143	-66.9416994799	10.449014101	__export__.isp_zone_8_d70ed9f2	post
144	-66.9416321946	10.4492999449	__export__.isp_zone_8_d70ed9f2	post
145	-66.9415037004	10.449715262	__export__.isp_zone_8_d70ed9f2	post
146	-66.9414343989	10.4499768932	__export__.isp_zone_8_d70ed9f2	post
147	-66.941383739	10.4502478281	__export__.isp_zone_8_d70ed9f2	post
148	-66.9413098118	10.4502940939	__export__.isp_zone_8_d70ed9f2	post
149	-66.9412559938	10.4505500779	__export__.isp_zone_8_d70ed9f2	post
150	-66.9412465922	10.4508372375	__export__.isp_zone_8_d70ed9f2	post
151	-66.9409076177	10.4513726299	__export__.isp_zone_8_d70ed9f2	post
152	-66.9407437601	10.451549168	__export__.isp_zone_8_d70ed9f2	post
153	-66.9410265127	10.451625936	__export__.isp_zone_8_d70ed9f2	post
154	-66.9411690727	10.4517525892	__export__.isp_zone_8_d70ed9f2	post
155	-66.9413318113	10.4517718027	__export__.isp_zone_8_d70ed9f2	post
156	-66.9403411152	10.4515901091	__export__.isp_zone_8_d70ed9f2	post
157	-66.9399790104	10.4517219253	__export__.isp_zone_8_d70ed9f2	post
158	-66.9396924962	10.4518480214	__export__.isp_zone_8_d70ed9f2	post
159	-66.9396061127	10.4519656396	__export__.isp_zone_8_d70ed9f2	post
160	-66.9394984899	10.4520290829	__export__.isp_zone_8_d70ed9f2	post
161	-66.9391806641	10.4523114791	__export__.isp_zone_8_d70ed9f2	post
162	-66.9387794444	10.4525628174	__export__.isp_zone_8_d70ed9f2	post
163	-66.9384214218	10.4527540315	__export__.isp_zone_8_d70ed9f2	post
164	-66.9380977405	10.4529685725	__export__.isp_zone_8_d70ed9f2	post
165	-66.9378917186	10.453193684	__export__.isp_zone_8_d70ed9f2	post
166	-66.9377751976	10.4536395406	__export__.isp_zone_8_d70ed9f2	post
167	-66.9376040237	10.4539159021	__export__.isp_zone_8_d70ed9f2	post
168	-66.9375999266	10.4541410148	__export__.isp_zone_8_d70ed9f2	post
169	-66.9374840049	10.4542294022	__export__.isp_zone_8_d70ed9f2	post
170	-66.9374367014	10.4543629504	__export__.isp_zone_8_d70ed9f2	post
171	-66.9371459986	10.4545891562	__export__.isp_zone_8_d70ed9f2	post
172	-66.9372722368	10.4549965826	__export__.isp_zone_8_d70ed9f2	post
173	-66.9373043339	10.4553747501	__export__.isp_zone_8_d70ed9f2	post
174	-66.9372648461	10.4557480377	__export__.isp_zone_8_d70ed9f2	post
175	-66.9374632258	10.4561044402	__export__.isp_zone_8_d70ed9f2	post
176	-66.9373577451	10.4563110901	__export__.isp_zone_8_d70ed9f2	post
177	-66.9372965706	10.4563647915	__export__.isp_zone_8_d70ed9f2	post
178	-66.9370368263	10.4565759988	__export__.isp_zone_8_d70ed9f2	post
179	-66.9366530605	10.4566106871	__export__.isp_zone_8_d70ed9f2	post
180	-66.9362426035	10.4567990872	__export__.isp_zone_8_d70ed9f2	post
181	-66.9362630091	10.4570368862	__export__.isp_zone_8_d70ed9f2	post
182	-66.9362016582	10.4574990501	__export__.isp_zone_8_d70ed9f2	post
183	-66.9360002967	10.4577163644	__export__.isp_zone_8_d70ed9f2	post
184	-66.9357858772	10.457997488	__export__.isp_zone_8_d70ed9f2	post
185	-66.9356165658	10.4581342446	__export__.isp_zone_8_d70ed9f2	post
186	-66.9354141368	10.4581675001	__export__.isp_zone_8_d70ed9f2	post
187	-66.9350441969	10.4582330384	__export__.isp_zone_8_d70ed9f2	post
188	-66.9348987299	10.4584803591	__export__.isp_zone_8_d70ed9f2	post
189	-66.9346893303	10.4586369307	__export__.isp_zone_8_d70ed9f2	post
190	-66.9345902799	10.4584410577	__export__.isp_zone_8_d70ed9f2	post
191	-66.9345792754	10.4580557292	__export__.isp_zone_8_d70ed9f2	post
192	-66.9343187012	10.4588192339	__export__.isp_zone_8_d70ed9f2	post
193	-66.9339889621	10.4589360915	__export__.isp_zone_8_d70ed9f2	post
194	-66.9337260944	10.4592792848	__export__.isp_zone_8_d70ed9f2	post
195	-66.9336333339	10.4594968997	__export__.isp_zone_8_d70ed9f2	post
196	-66.9333403685	10.459629561	__export__.isp_zone_8_d70ed9f2	post
197	-66.9331756609	10.459657044	__export__.isp_zone_8_d70ed9f2	post
198	-66.9330619889	10.45988186	__export__.isp_zone_8_d70ed9f2	post
199	-66.9329359078	10.4602272471	__export__.isp_zone_8_d70ed9f2	post
