1	-66.9358044052	10.497407071	__export__.isp_zone_1_8c968949	post
2	-66.9359365035	10.497428792	__export__.isp_zone_1_8c968949	post
3	-66.9358834784	10.4971960981	__export__.isp_zone_1_8c968949	post
4	-66.9358730645	10.4971911877	__export__.isp_zone_1_8c968949	post
5	-66.9361440141	10.4968410683	__export__.isp_zone_1_8c968949	post
6	-66.9361885815	10.496971078	__export__.isp_zone_1_8c968949	post
7	-66.9362291	10.4971245791	__export__.isp_zone_1_8c968949	post
8	-66.9362766805	10.4972875793	__export__.isp_zone_1_8c968949	post
9	-66.9363160078	10.4974525493	__export__.isp_zone_1_8c968949	post
10	-66.9363632542	10.4975796291	__export__.isp_zone_1_8c968949	post
11	-66.9363050452	10.4977077334	__export__.isp_zone_1_8c968949	post
12	-66.9363961569	10.4976941312	__export__.isp_zone_1_8c968949	post
13	-66.9364289979	10.4978393609	__export__.isp_zone_1_8c968949	post
14	-66.9364875598	10.498001086	__export__.isp_zone_1_8c968949	post
15	-66.9362111258	10.49819658	__export__.isp_zone_1_8c968949	post
16	-66.9362514705	10.4982752132	__export__.isp_zone_1_8c968949	post
17	-66.9365426752	10.4981941394	__export__.isp_zone_1_8c968949	post
18	-66.9366179065	10.4983862132	__export__.isp_zone_1_8c968949	post
19	-66.9365371643	10.4984364299	__export__.isp_zone_1_8c968949	post
20	-66.936427428	10.498458667	__export__.isp_zone_1_8c968949	post
21	-66.936503472	10.4986485713	__export__.isp_zone_1_8c968949	post
22	-66.9365279927	10.4985839494	__export__.isp_zone_1_8c968949	post
23	-66.9366765926	10.4985678411	__export__.isp_zone_1_8c968949	post
24	-66.9368004389	10.4986755737	__export__.isp_zone_1_8c968949	post
25	-66.936819987	10.4988928329	__export__.isp_zone_1_8c968949	post
26	-66.9369703891	10.4987859288	__export__.isp_zone_1_8c968949	post
27	-66.9370917726	10.4989558059	__export__.isp_zone_1_8c968949	post
28	-66.9372416651	10.4989438428	__export__.isp_zone_1_8c968949	post
29	-66.9362578214	10.4988495873	__export__.isp_zone_1_8c968949	post
30	-66.9366544593	10.4994714246	__export__.isp_zone_1_8c968949	post
31	-66.9366764126	10.4992627501	__export__.isp_zone_1_8c968949	post
32	-66.9368444973	10.4991630347	__export__.isp_zone_1_8c968949	post
33	-66.9370581002	10.4992594306	__export__.isp_zone_1_8c968949	post
34	-66.936887547	10.4993788443	__export__.isp_zone_1_8c968949	post
35	-66.9373847632	10.4993961372	__export__.isp_zone_1_8c968949	post
36	-66.9374642704	10.4996228198	__export__.isp_zone_1_8c968949	post
37	-66.9372054014	10.4996180384	__export__.isp_zone_1_8c968949	post
38	-66.937070949	10.4994770969	__export__.isp_zone_1_8c968949	post
39	-66.9370588548	10.4995676575	__export__.isp_zone_1_8c968949	post
40	-66.9369141791	10.4996805459	__export__.isp_zone_1_8c968949	post
41	-66.9370467467	10.4997294724	__export__.isp_zone_1_8c968949	post
42	-66.9369835879	10.4999633601	__export__.isp_zone_1_8c968949	post
43	-66.9372538786	10.4997469873	__export__.isp_zone_1_8c968949	post
44	-66.9375303421	10.4998118449	__export__.isp_zone_1_8c968949	post
45	-66.9375521876	10.4999665808	__export__.isp_zone_1_8c968949	post
46	-66.937121466	10.5002603765	__export__.isp_zone_1_8c968949	post
47	-66.9371785907	10.5003308197	__export__.isp_zone_1_8c968949	post
48	-66.937519967	10.5005214988	__export__.isp_zone_1_8c968949	post
49	-66.9376496245	10.5007212535	__export__.isp_zone_1_8c968949	post
50	-66.9377862674	10.5006187659	__export__.isp_zone_1_8c968949	post
51	-66.9379338409	10.5007818384	__export__.isp_zone_1_8c968949	post
52	-66.9380472789	10.5008726668	__export__.isp_zone_1_8c968949	post
53	-66.9376962681	10.5009061588	__export__.isp_zone_1_8c968949	post
54	-66.9377789476	10.5010087511	__export__.isp_zone_1_8c968949	post
55	-66.9379101068	10.5012474876	__export__.isp_zone_1_8c968949	post
56	-66.9379213089	10.5013917922	__export__.isp_zone_1_8c968949	post
57	-66.938070607	10.5014794426	__export__.isp_zone_1_8c968949	post
58	-66.9380308627	10.5016220701	__export__.isp_zone_1_8c968949	post
59	-66.9381634398	10.5017595865	__export__.isp_zone_1_8c968949	post
60	-66.9382668942	10.5019718304	__export__.isp_zone_1_8c968949	post
61	-66.9383601755	10.5020366741	__export__.isp_zone_1_8c968949	post
62	-66.9385549623	10.5022210734	__export__.isp_zone_1_8c968949	post
63	-66.938672789	10.5022936817	__export__.isp_zone_1_8c968949	post
64	-66.9388211395	10.50230133	__export__.isp_zone_1_8c968949	post
65	-66.9390186857	10.5022838435	__export__.isp_zone_1_8c968949	post
66	-66.9390458101	10.5021905499	__export__.isp_zone_1_8c968949	post
67	-66.9391518447	10.5023047606	__export__.isp_zone_1_8c968949	post
68	-66.9393595629	10.5023566686	__export__.isp_zone_1_8c968949	post
69	-66.9395707724	10.5022595932	__export__.isp_zone_1_8c968949	post
70	-66.9397815257	10.5020960918	__export__.isp_zone_1_8c968949	post
71	-66.9398712106	10.5019943473	__export__.isp_zone_1_8c968949	post
72	-66.9399332419	10.5016779578	__export__.isp_zone_1_8c968949	post
73	-66.9399040396	10.5013796068	__export__.isp_zone_1_8c968949	post
74	-66.9399848727	10.5017123787	__export__.isp_zone_1_8c968949	post
75	-66.9400974062	10.5017110026	__export__.isp_zone_1_8c968949	post
76	-66.9399721328	10.5019293743	__export__.isp_zone_1_8c968949	post
77	-66.9399384936	10.502037698	__export__.isp_zone_1_8c968949	post
78	-66.9400736447	10.5020486873	__export__.isp_zone_1_8c968949	post
79	-66.9402243262	10.5020395665	__export__.isp_zone_1_8c968949	post
80	-66.9398121158	10.5022029425	__export__.isp_zone_1_8c968949	post
81	-66.939840032	10.5022964346	__export__.isp_zone_1_8c968949	post
82	-66.9399314204	10.5023711055	__export__.isp_zone_1_8c968949	post
83	-66.939767355	10.5023767566	__export__.isp_zone_1_8c968949	post
84	-66.9397113055	10.5023992343	__export__.isp_zone_1_8c968949	post
85	-66.9395234465	10.5024386916	__export__.isp_zone_1_8c968949	post
86	-66.9394201204	10.5024678095	__export__.isp_zone_1_8c968949	post
87	-66.9391520542	10.5023884209	__export__.isp_zone_1_8c968949	post
88	-66.9390406749	10.5024129281	__export__.isp_zone_1_8c968949	post
89	-66.9377928001	10.5013712333	__export__.isp_zone_1_8c968949	post
90	-66.9376908469	10.501357206	__export__.isp_zone_1_8c968949	post
91	-66.937713513	10.5014452459	__export__.isp_zone_1_8c968949	post
92	-66.9377219196	10.5014914177	__export__.isp_zone_1_8c968949	post
93	-66.9378088241	10.5017107083	__export__.isp_zone_1_8c968949	post
94	-66.9377991177	10.5018216003	__export__.isp_zone_1_8c968949	post
95	-66.9377892313	10.5020180575	__export__.isp_zone_1_8c968949	post
96	-66.9378109991	10.5021507554	__export__.isp_zone_1_8c968949	post
97	-66.937833894	10.5023457262	__export__.isp_zone_1_8c968949	post
98	-66.9378361129	10.5024995078	__export__.isp_zone_1_8c968949	post
99	-66.9377161694	10.502619492	__export__.isp_zone_1_8c968949	post
100	-66.9376185188	10.5027283964	__export__.isp_zone_1_8c968949	post
101	-66.9378591857	10.5025516989	__export__.isp_zone_1_8c968949	post
102	-66.9380213751	10.5025984855	__export__.isp_zone_1_8c968949	post
103	-66.9380547186	10.5026323319	__export__.isp_zone_1_8c968949	post
104	-66.9381685136	10.5027263149	__export__.isp_zone_1_8c968949	post
105	-66.9383404798	10.502882715	__export__.isp_zone_1_8c968949	post
106	-66.9384652121	10.5028434622	__export__.isp_zone_1_8c968949	post
107	-66.9385264084	10.5030836083	__export__.isp_zone_1_8c968949	post
108	-66.9385458422	10.5030781844	__export__.isp_zone_1_8c968949	post
109	-66.938537354	10.5031818312	__export__.isp_zone_1_8c968949	post
110	-66.9386971387	10.5032318982	__export__.isp_zone_1_8c968949	post
111	-66.9387299144	10.5032548638	__export__.isp_zone_1_8c968949	post
112	-66.9388008453	10.5033728643	__export__.isp_zone_1_8c968949	post
113	-66.9385556768	10.5032843329	__export__.isp_zone_1_8c968949	post
114	-66.9383056423	10.503301169	__export__.isp_zone_1_8c968949	post
115	-66.938238488	10.5033118854	__export__.isp_zone_1_8c968949	post
116	-66.9377783458	10.5033198389	__export__.isp_zone_1_8c968949	post
117	-66.9375653558	10.503122581	__export__.isp_zone_1_8c968949	post
118	-66.9375045625	10.5032387225	__export__.isp_zone_1_8c968949	post
119	-66.937364015	10.5033368278	__export__.isp_zone_1_8c968949	post
120	-66.9372056005	10.5033205842	__export__.isp_zone_1_8c968949	post
121	-66.9370220755	10.5034256374	__export__.isp_zone_1_8c968949	post
122	-66.9373079322	10.5030455055	__export__.isp_zone_1_8c968949	post
123	-66.9374029515	10.5029566962	__export__.isp_zone_1_8c968949	post
124	-66.9371234436	10.5028979584	__export__.isp_zone_1_8c968949	post
125	-66.9372968021	10.5023876061	__export__.isp_zone_1_8c968949	post
126	-66.936910108	10.5021790194	__export__.isp_zone_1_8c968949	post
127	-66.9369034635	10.5020301931	__export__.isp_zone_1_8c968949	post
128	-66.9367929802	10.5018369637	__export__.isp_zone_1_8c968949	post
129	-66.937282715	10.5021307736	__export__.isp_zone_1_8c968949	post
130	-66.9374637127	10.502048479	__export__.isp_zone_1_8c968949	post
131	-66.9375317743	10.5019458743	__export__.isp_zone_1_8c968949	post
132	-66.9376032409	10.5018389956	__export__.isp_zone_1_8c968949	post
133	-66.9374701138	10.5017040592	__export__.isp_zone_1_8c968949	post
134	-66.9373984843	10.5017821458	__export__.isp_zone_1_8c968949	post
135	-66.9373046582	10.5017020714	__export__.isp_zone_1_8c968949	post
136	-66.9370989211	10.5014741752	__export__.isp_zone_1_8c968949	post
137	-66.9374040842	10.5014127678	__export__.isp_zone_1_8c968949	post
138	-66.9374164241	10.501230388	__export__.isp_zone_1_8c968949	post
139	-66.9374820205	10.5011417094	__export__.isp_zone_1_8c968949	post
140	-66.9376356752	10.5011131758	__export__.isp_zone_1_8c968949	post
141	-66.937689054	10.5010992613	__export__.isp_zone_1_8c968949	post
142	-66.9399622145	10.5010288921	__export__.isp_zone_1_8c968949	post
143	-66.9399983942	10.5009566115	__export__.isp_zone_1_8c968949	post
144	-66.9400584935	10.5007830445	__export__.isp_zone_1_8c968949	post
145	-66.9400801543	10.5007254257	__export__.isp_zone_1_8c968949	post
146	-66.9401347854	10.5006650903	__export__.isp_zone_1_8c968949	post
147	-66.9402975808	10.5007245792	__export__.isp_zone_1_8c968949	post
148	-66.940427936	10.5006893053	__export__.isp_zone_1_8c968949	post
149	-66.9404573257	10.5007532256	__export__.isp_zone_1_8c968949	post
150	-66.9404915758	10.5008179253	__export__.isp_zone_1_8c968949	post
151	-66.9405825104	10.500643445	__export__.isp_zone_1_8c968949	post
152	-66.9407862241	10.5005440458	__export__.isp_zone_1_8c968949	post
153	-66.9409370866	10.5004501878	__export__.isp_zone_1_8c968949	post
154	-66.9410084393	10.5005363168	__export__.isp_zone_1_8c968949	post
155	-66.9408851987	10.5006034358	__export__.isp_zone_1_8c968949	post
156	-66.9403831556	10.5004823592	__export__.isp_zone_1_8c968949	post
157	-66.9405597677	10.5004226927	__export__.isp_zone_1_8c968949	post
158	-66.9406408161	10.5003205858	__export__.isp_zone_1_8c968949	post
159	-66.9408251855	10.5002077425	__export__.isp_zone_1_8c968949	post
160	-66.9412558046	10.5000697424	__export__.isp_zone_1_8c968949	post
161	-66.941479678	10.500069661	__export__.isp_zone_1_8c968949	post
162	-66.9416820568	10.5001854836	__export__.isp_zone_1_8c968949	post
163	-66.9417817619	10.5002828309	__export__.isp_zone_1_8c968949	post
164	-66.9419045241	10.5004229603	__export__.isp_zone_1_8c968949	post
165	-66.9419957118	10.5002718656	__export__.isp_zone_1_8c968949	post
166	-66.9423550766	10.500118436	__export__.isp_zone_1_8c968949	post
167	-66.9422488342	10.5000303058	__export__.isp_zone_1_8c968949	post
168	-66.9424933849	10.499954395	__export__.isp_zone_1_8c968949	post
169	-66.9427353849	10.5000837511	__export__.isp_zone_1_8c968949	post
170	-66.9426333842	10.5002501854	__export__.isp_zone_1_8c968949	post
171	-66.9428032589	10.5002771253	__export__.isp_zone_1_8c968949	post
172	-66.9429709708	10.5003899966	__export__.isp_zone_1_8c968949	post
173	-66.9430272855	10.5003002604	__export__.isp_zone_1_8c968949	post
174	-66.9430145715	10.5000214876	__export__.isp_zone_1_8c968949	post
175	-66.9431513583	10.4997704869	__export__.isp_zone_1_8c968949	post
176	-66.9432829849	10.4998594911	__export__.isp_zone_1_8c968949	post
177	-66.9433839589	10.4997826451	__export__.isp_zone_1_8c968949	post
178	-66.9434906763	10.5000041386	__export__.isp_zone_1_8c968949	post
179	-66.9436308679	10.5001444484	__export__.isp_zone_1_8c968949	post
180	-66.9437059104	10.5002117018	__export__.isp_zone_1_8c968949	post
1	-66.9406557971	10.4973072687	__export__.isp_zone_1_8c968949	post
2	-66.9406764493	10.4974448285	__export__.isp_zone_1_8c968949	post
3	-66.940718196	10.497652848	__export__.isp_zone_1_8c968949	post
4	-66.9407766471	10.497937111	__export__.isp_zone_1_8c968949	post
5	-66.940805355	10.4982125452	__export__.isp_zone_1_8c968949	post
6	-66.9408740422	10.4985374513	__export__.isp_zone_1_8c968949	post
7	-66.9408884898	10.4986777998	__export__.isp_zone_1_8c968949	post
8	-66.9409354391	10.4987988446	__export__.isp_zone_1_8c968949	post
9	-66.940980336	10.4989139212	__export__.isp_zone_1_8c968949	post
10	-66.9411052561	10.4988816049	__export__.isp_zone_1_8c968949	post
11	-66.9413728259	10.4987553794	__export__.isp_zone_1_8c968949	post
12	-66.9415124122	10.4989329637	__export__.isp_zone_1_8c968949	post
13	-66.9412257382	10.4990702073	__export__.isp_zone_1_8c968949	post
14	-66.9410507384	10.4991197292	__export__.isp_zone_1_8c968949	post
15	-66.9410783735	10.4993550259	__export__.isp_zone_1_8c968949	post
16	-66.941263094	10.4993026325	__export__.isp_zone_1_8c968949	post
17	-66.9413666225	10.4992591558	__export__.isp_zone_1_8c968949	post
18	-66.941573934	10.499144696	__export__.isp_zone_1_8c968949	post
19	-66.9418063913	10.4994024532	__export__.isp_zone_1_8c968949	post
20	-66.9418455408	10.4996313331	__export__.isp_zone_1_8c968949	post
21	-66.9418738383	10.4997632173	__export__.isp_zone_1_8c968949	post
22	-66.9418737584	10.4997949987	__export__.isp_zone_1_8c968949	post
23	-66.9418104739	10.4997792454	__export__.isp_zone_1_8c968949	post
24	-66.9416681038	10.4996941696	__export__.isp_zone_1_8c968949	post
25	-66.9415447546	10.4996848634	__export__.isp_zone_1_8c968949	post
26	-66.9413818116	10.4997137464	__export__.isp_zone_1_8c968949	post
27	-66.9416642095	10.4998825952	__export__.isp_zone_1_8c968949	post
28	-66.9420043731	10.4997688376	__export__.isp_zone_1_8c968949	post
29	-66.9422739543	10.4997300279	__export__.isp_zone_1_8c968949	post
30	-66.9424084169	10.4996995901	__export__.isp_zone_1_8c968949	post
31	-66.9425502267	10.4995790502	__export__.isp_zone_1_8c968949	post
32	-66.9426594	10.4994689	__export__.isp_zone_1_8c968949	post
33	-66.9426545433	10.4992684749	__export__.isp_zone_1_8c968949	post
34	-66.9427977417	10.4994697651	__export__.isp_zone_1_8c968949	post
35	-66.9427720647	10.499682398	__export__.isp_zone_1_8c968949	post
36	-66.9432834066	10.4995767292	__export__.isp_zone_1_8c968949	post
37	-66.9431846317	10.4994145104	__export__.isp_zone_1_8c968949	post
38	-66.9431688556	10.4992613673	__export__.isp_zone_1_8c968949	post
39	-66.9432731845	10.4990227678	__export__.isp_zone_1_8c968949	post
40	-66.9432676402	10.4989521519	__export__.isp_zone_1_8c968949	post
41	-66.9434933044	10.4988386929	__export__.isp_zone_1_8c968949	post
42	-66.9436052028	10.4987327497	__export__.isp_zone_1_8c968949	post
43	-66.9439939265	10.4987594597	__export__.isp_zone_1_8c968949	post
44	-66.9440196603	10.4988820501	__export__.isp_zone_1_8c968949	post
45	-66.944083859	10.4989256557	__export__.isp_zone_1_8c968949	post
46	-66.9438558702	10.4991017366	__export__.isp_zone_1_8c968949	post
47	-66.9441316474	10.4990734381	__export__.isp_zone_1_8c968949	post
48	-66.944142456	10.499208135	__export__.isp_zone_1_8c968949	post
49	-66.9441358751	10.4992460871	__export__.isp_zone_1_8c968949	post
50	-66.9440271575	10.4993485112	__export__.isp_zone_1_8c968949	post
51	-66.9442007397	10.4993333137	__export__.isp_zone_1_8c968949	post
52	-66.9443021362	10.499510195	__export__.isp_zone_1_8c968949	post
53	-66.9443830814	10.4996347666	__export__.isp_zone_1_8c968949	post
54	-66.9443832752	10.4991022581	__export__.isp_zone_1_8c968949	post
55	-66.9446580018	10.4990472887	__export__.isp_zone_1_8c968949	post
56	-66.9445647809	10.4988928827	__export__.isp_zone_1_8c968949	post
57	-66.9443671846	10.4986949744	__export__.isp_zone_1_8c968949	post
58	-66.9439816729	10.4985309398	__export__.isp_zone_1_8c968949	post
59	-66.9438816666	10.4985360321	__export__.isp_zone_1_8c968949	post
60	-66.9436803703	10.4985472195	__export__.isp_zone_1_8c968949	post
61	-66.9435246706	10.4986085643	__export__.isp_zone_1_8c968949	post
62	-66.9432896408	10.4987727647	__export__.isp_zone_1_8c968949	post
63	-66.9432295296	10.4988197097	__export__.isp_zone_1_8c968949	post
64	-66.9430807159	10.4989590945	__export__.isp_zone_1_8c968949	post
65	-66.9430283353	10.4991003682	__export__.isp_zone_1_8c968949	post
66	-66.9429284013	10.4992642428	__export__.isp_zone_1_8c968949	post
67	-66.9428353696	10.4992045059	__export__.isp_zone_1_8c968949	post
68	-66.9428091426	10.4991333025	__export__.isp_zone_1_8c968949	post
69	-66.942833886	10.4990633005	__export__.isp_zone_1_8c968949	post
70	-66.9428570504	10.499009818	__export__.isp_zone_1_8c968949	post
71	-66.9430511562	10.4986843237	__export__.isp_zone_1_8c968949	post
72	-66.9431899768	10.4985341864	__export__.isp_zone_1_8c968949	post
73	-66.9432290399	10.4984528915	__export__.isp_zone_1_8c968949	post
74	-66.9432797875	10.4984848842	__export__.isp_zone_1_8c968949	post
75	-66.9435165583	10.4983109235	__export__.isp_zone_1_8c968949	post
76	-66.9435302541	10.4981862255	__export__.isp_zone_1_8c968949	post
77	-66.9436559733	10.498175131	__export__.isp_zone_1_8c968949	post
78	-66.9436860981	10.4979434761	__export__.isp_zone_1_8c968949	post
79	-66.9440878705	10.4977107654	__export__.isp_zone_1_8c968949	post
80	-66.9439161438	10.4979663595	__export__.isp_zone_1_8c968949	post
81	-66.9440006191	10.4980795035	__export__.isp_zone_1_8c968949	post
82	-66.9439248128	10.4981258993	__export__.isp_zone_1_8c968949	post
83	-66.9439819519	10.4982576321	__export__.isp_zone_1_8c968949	post
84	-66.9440114792	10.4984176892	__export__.isp_zone_1_8c968949	post
85	-66.9438707225	10.4983382474	__export__.isp_zone_1_8c968949	post
86	-66.9437870531	10.4982976331	__export__.isp_zone_1_8c968949	post
87	-66.9436222214	10.498327121	__export__.isp_zone_1_8c968949	post
88	-66.9441670487	10.4982831686	__export__.isp_zone_1_8c968949	post
89	-66.9442640318	10.4983886818	__export__.isp_zone_1_8c968949	post
90	-66.9443391642	10.4984554139	__export__.isp_zone_1_8c968949	post
91	-66.9443924159	10.4983773833	__export__.isp_zone_1_8c968949	post
92	-66.9442554239	10.497651051	__export__.isp_zone_1_8c968949	post
93	-66.9441532197	10.4974753897	__export__.isp_zone_1_8c968949	post
94	-66.9439504975	10.4973453978	__export__.isp_zone_1_8c968949	post
95	-66.9437242118	10.4974079603	__export__.isp_zone_1_8c968949	post
96	-66.9435406143	10.4973800399	__export__.isp_zone_1_8c968949	post
97	-66.9434945502	10.4972728855	__export__.isp_zone_1_8c968949	post
98	-66.9433071625	10.4974887495	__export__.isp_zone_1_8c968949	post
99	-66.943136766	10.4973440832	__export__.isp_zone_1_8c968949	post
100	-66.9431293062	10.4975428457	__export__.isp_zone_1_8c968949	post
101	-66.9430083814	10.4973894534	__export__.isp_zone_1_8c968949	post
102	-66.9430050936	10.497557669	__export__.isp_zone_1_8c968949	post
103	-66.9428924016	10.4973086752	__export__.isp_zone_1_8c968949	post
104	-66.9427784277	10.4973386885	__export__.isp_zone_1_8c968949	post
105	-66.9428723305	10.4974904554	__export__.isp_zone_1_8c968949	post
106	-66.9428885486	10.4975045568	__export__.isp_zone_1_8c968949	post
107	-66.9428325567	10.4975248376	__export__.isp_zone_1_8c968949	post
108	-66.9430134339	10.4977515604	__export__.isp_zone_1_8c968949	post
109	-66.9431440287	10.4979571967	__export__.isp_zone_1_8c968949	post
110	-66.9435311216	10.4980115983	__export__.isp_zone_1_8c968949	post
111	-66.9434369374	10.4978862337	__export__.isp_zone_1_8c968949	post
112	-66.943375023	10.4978193563	__export__.isp_zone_1_8c968949	post
113	-66.9432410529	10.4976494552	__export__.isp_zone_1_8c968949	post
114	-66.9433935158	10.497584637	__export__.isp_zone_1_8c968949	post
115	-66.9435290404	10.4976116437	__export__.isp_zone_1_8c968949	post
116	-66.9437038662	10.4976717042	__export__.isp_zone_1_8c968949	post
117	-66.9437865183	10.4975734686	__export__.isp_zone_1_8c968949	post
118	-66.9438811742	10.4976473714	__export__.isp_zone_1_8c968949	post
119	-66.942360434	10.4975562195	__export__.isp_zone_1_8c968949	post
120	-66.942416908	10.4975408636	__export__.isp_zone_1_8c968949	post
121	-66.942488975	10.4976725465	__export__.isp_zone_1_8c968949	post
122	-66.9426334787	10.4977964633	__export__.isp_zone_1_8c968949	post
123	-66.942869634	10.4980151153	__export__.isp_zone_1_8c968949	post
124	-66.9430466748	10.4982141951	__export__.isp_zone_1_8c968949	post
125	-66.9431329179	10.4983548874	__export__.isp_zone_1_8c968949	post
126	-66.9430196	10.4984074	__export__.isp_zone_1_8c968949	post
127	-66.9428828638	10.4985476224	__export__.isp_zone_1_8c968949	post
128	-66.9427456696	10.4984168736	__export__.isp_zone_1_8c968949	post
129	-66.9426022406	10.4983775247	__export__.isp_zone_1_8c968949	post
130	-66.9425008381	10.4983208773	__export__.isp_zone_1_8c968949	post
131	-66.9423110066	10.4979250507	__export__.isp_zone_1_8c968949	post
132	-66.9422534039	10.4978677794	__export__.isp_zone_1_8c968949	post
133	-66.9421540757	10.4977097253	__export__.isp_zone_1_8c968949	post
134	-66.9421344547	10.4976926073	__export__.isp_zone_1_8c968949	post
135	-66.9420311842	10.4977429961	__export__.isp_zone_1_8c968949	post
136	-66.9419798444	10.4977683442	__export__.isp_zone_1_8c968949	post
137	-66.9421360724	10.497994403	__export__.isp_zone_1_8c968949	post
138	-66.9417583787	10.4978835747	__export__.isp_zone_1_8c968949	post
139	-66.9417484131	10.4978909696	__export__.isp_zone_1_8c968949	post
140	-66.9417848896	10.4979643365	__export__.isp_zone_1_8c968949	post
141	-66.9418724397	10.4980614668	__export__.isp_zone_1_8c968949	post
142	-66.9420736177	10.4982149553	__export__.isp_zone_1_8c968949	post
143	-66.9421666184	10.4983502357	__export__.isp_zone_1_8c968949	post
144	-66.9421311738	10.4985309441	__export__.isp_zone_1_8c968949	post
145	-66.942412534	10.4986044377	__export__.isp_zone_1_8c968949	post
146	-66.9427048933	10.4988517531	__export__.isp_zone_1_8c968949	post
147	-66.9426187724	10.4990198703	__export__.isp_zone_1_8c968949	post
148	-66.9427000577	10.4991007342	__export__.isp_zone_1_8c968949	post
149	-66.9424291125	10.4989040511	__export__.isp_zone_1_8c968949	post
150	-66.9423527242	10.4992895919	__export__.isp_zone_1_8c968949	post
151	-66.9420702546	10.4993333202	__export__.isp_zone_1_8c968949	post
152	-66.9421755552	10.4991155607	__export__.isp_zone_1_8c968949	post
153	-66.9420917727	10.4987714905	__export__.isp_zone_1_8c968949	post
154	-66.9418579961	10.4984974219	__export__.isp_zone_1_8c968949	post
155	-66.9417819874	10.4986054874	__export__.isp_zone_1_8c968949	post
156	-66.9417712211	10.4986529243	__export__.isp_zone_1_8c968949	post
157	-66.9416635054	10.4986119625	__export__.isp_zone_1_8c968949	post
158	-66.9417716378	10.4989995368	__export__.isp_zone_1_8c968949	post
159	-66.9417677135	10.4991889986	__export__.isp_zone_1_8c968949	post
160	-66.9416494165	10.4979603392	__export__.isp_zone_1_8c968949	post
161	-66.9415937895	10.4979721123	__export__.isp_zone_1_8c968949	post
162	-66.941580137	10.4979645735	__export__.isp_zone_1_8c968949	post
163	-66.9413608809	10.4980654295	__export__.isp_zone_1_8c968949	post
164	-66.9414540243	10.4982844886	__export__.isp_zone_1_8c968949	post
165	-66.9413562648	10.4983092878	__export__.isp_zone_1_8c968949	post
166	-66.9412853453	10.498548017	__export__.isp_zone_1_8c968949	post
167	-66.9412650193	10.4985948238	__export__.isp_zone_1_8c968949	post
168	-66.9412149691	10.4985896903	__export__.isp_zone_1_8c968949	post
169	-66.9415213629	10.4985334905	__export__.isp_zone_1_8c968949	post
170	-66.9411402511	10.4995024426	__export__.isp_zone_1_8c968949	post
171	-66.9442830447	10.4981445882	__export__.isp_zone_1_8c968949	post
172	-66.9431156021	10.497140684	__export__.isp_zone_1_8c968949	post
1	-66.9439224678	10.4967882123	__export__.isp_zone_1_8c968949	post
2	-66.9439220593	10.4966858133	__export__.isp_zone_1_8c968949	post
3	-66.9438084388	10.4966196014	__export__.isp_zone_1_8c968949	post
4	-66.9438089765	10.4965331448	__export__.isp_zone_1_8c968949	post
5	-66.9437414316	10.4964011436	__export__.isp_zone_1_8c968949	post
6	-66.9436645891	10.4964305702	__export__.isp_zone_1_8c968949	post
7	-66.9436307123	10.4962074126	__export__.isp_zone_1_8c968949	post
8	-66.9435447859	10.4960859464	__export__.isp_zone_1_8c968949	post
9	-66.9434716669	10.4961197308	__export__.isp_zone_1_8c968949	post
10	-66.9433787799	10.4961169243	__export__.isp_zone_1_8c968949	post
11	-66.9433509045	10.495922431	__export__.isp_zone_1_8c968949	post
12	-66.9433639799	10.4958482652	__export__.isp_zone_1_8c968949	post
13	-66.9431957745	10.4958008408	__export__.isp_zone_1_8c968949	post
14	-66.943288776	10.495706936	__export__.isp_zone_1_8c968949	post
15	-66.9431657777	10.4956480478	__export__.isp_zone_1_8c968949	post
16	-66.9431323658	10.4954797243	__export__.isp_zone_1_8c968949	post
17	-66.9430660085	10.4955133215	__export__.isp_zone_1_8c968949	post
18	-66.9429051276	10.4952539955	__export__.isp_zone_1_8c968949	post
19	-66.9428186308	10.4950629949	__export__.isp_zone_1_8c968949	post
20	-66.9427223888	10.4949968507	__export__.isp_zone_1_8c968949	post
21	-66.9426747347	10.4947920745	__export__.isp_zone_1_8c968949	post
22	-66.9424906192	10.4945563602	__export__.isp_zone_1_8c968949	post
23	-66.9423175817	10.494338452	__export__.isp_zone_1_8c968949	post
24	-66.9421369394	10.49406259	__export__.isp_zone_1_8c968949	post
25	-66.9419448384	10.4944049888	__export__.isp_zone_1_8c968949	post
26	-66.9419776501	10.4944494096	__export__.isp_zone_1_8c968949	post
27	-66.9420000523	10.4946837032	__export__.isp_zone_1_8c968949	post
28	-66.9420807163	10.4947907489	__export__.isp_zone_1_8c968949	post
29	-66.9421703934	10.4947348142	__export__.isp_zone_1_8c968949	post
30	-66.9422100098	10.4949888501	__export__.isp_zone_1_8c968949	post
31	-66.9423359506	10.4949877713	__export__.isp_zone_1_8c968949	post
32	-66.9423772697	10.4952292351	__export__.isp_zone_1_8c968949	post
33	-66.942326473	10.4953657722	__export__.isp_zone_1_8c968949	post
34	-66.9425587021	10.4953106672	__export__.isp_zone_1_8c968949	post
35	-66.9426379976	10.4954418036	__export__.isp_zone_1_8c968949	post
36	-66.9425631324	10.4954942866	__export__.isp_zone_1_8c968949	post
37	-66.9426019669	10.495571381	__export__.isp_zone_1_8c968949	post
38	-66.94274181	10.4955891718	__export__.isp_zone_1_8c968949	post
39	-66.9427498295	10.495807091	__export__.isp_zone_1_8c968949	post
40	-66.9429903982	10.4958051538	__export__.isp_zone_1_8c968949	post
41	-66.9429419766	10.4959446134	__export__.isp_zone_1_8c968949	post
42	-66.942883537	10.4960050518	__export__.isp_zone_1_8c968949	post
43	-66.9428854282	10.4961320352	__export__.isp_zone_1_8c968949	post
44	-66.9430667092	10.4963146872	__export__.isp_zone_1_8c968949	post
45	-66.9431702143	10.4962367603	__export__.isp_zone_1_8c968949	post
46	-66.9432571236	10.4961977108	__export__.isp_zone_1_8c968949	post
47	-66.9432318142	10.4963565859	__export__.isp_zone_1_8c968949	post
48	-66.9433054969	10.4965612854	__export__.isp_zone_1_8c968949	post
49	-66.9433790449	10.4965564118	__export__.isp_zone_1_8c968949	post
50	-66.9437261449	10.4968264224	__export__.isp_zone_1_8c968949	post
51	-66.9435446067	10.4968718655	__export__.isp_zone_1_8c968949	post
52	-66.9433913122	10.4968758967	__export__.isp_zone_1_8c968949	post
53	-66.9432353844	10.4969025922	__export__.isp_zone_1_8c968949	post
54	-66.9430037269	10.4969516576	__export__.isp_zone_1_8c968949	post
55	-66.9429776444	10.4969695861	__export__.isp_zone_1_8c968949	post
56	-66.9429349558	10.4970856949	__export__.isp_zone_1_8c968949	post
57	-66.9428206509	10.497004501	__export__.isp_zone_1_8c968949	post
58	-66.9428166305	10.4968604297	__export__.isp_zone_1_8c968949	post
59	-66.9430310842	10.4965899467	__export__.isp_zone_1_8c968949	post
60	-66.9428664314	10.4964240209	__export__.isp_zone_1_8c968949	post
61	-66.9427404756	10.4964908386	__export__.isp_zone_1_8c968949	post
62	-66.9424654001	10.4962354791	__export__.isp_zone_1_8c968949	post
63	-66.9425882265	10.4961627748	__export__.isp_zone_1_8c968949	post
64	-66.9427073668	10.4960229637	__export__.isp_zone_1_8c968949	post
65	-66.9424994953	10.4959536008	__export__.isp_zone_1_8c968949	post
66	-66.9423816288	10.4957775542	__export__.isp_zone_1_8c968949	post
67	-66.9423655707	10.495739966	__export__.isp_zone_1_8c968949	post
68	-66.9421883471	10.4954957653	__export__.isp_zone_1_8c968949	post
69	-66.9419905789	10.4951865526	__export__.isp_zone_1_8c968949	post
70	-66.9419108888	10.4952332065	__export__.isp_zone_1_8c968949	post
71	-66.9418263386	10.4951229581	__export__.isp_zone_1_8c968949	post
72	-66.9416738947	10.4947172003	__export__.isp_zone_1_8c968949	post
73	-66.9416172431	10.4947407282	__export__.isp_zone_1_8c968949	post
74	-66.9406761368	10.4951757155	__export__.isp_zone_1_8c968949	post
75	-66.9407679843	10.4953963698	__export__.isp_zone_1_8c968949	post
76	-66.9408706728	10.4956503489	__export__.isp_zone_1_8c968949	post
77	-66.9409448238	10.4958324925	__export__.isp_zone_1_8c968949	post
78	-66.9411177064	10.4958309434	__export__.isp_zone_1_8c968949	post
79	-66.9411476217	10.495914343	__export__.isp_zone_1_8c968949	post
80	-66.9413004981	10.4960798681	__export__.isp_zone_1_8c968949	post
81	-66.9413488519	10.4960035062	__export__.isp_zone_1_8c968949	post
82	-66.9414563209	10.4959285609	__export__.isp_zone_1_8c968949	post
83	-66.9414572395	10.4958313426	__export__.isp_zone_1_8c968949	post
84	-66.941422798	10.495748295	__export__.isp_zone_1_8c968949	post
85	-66.9415450829	10.4956909405	__export__.isp_zone_1_8c968949	post
86	-66.9416323824	10.4959179323	__export__.isp_zone_1_8c968949	post
87	-66.9416470038	10.4958898631	__export__.isp_zone_1_8c968949	post
88	-66.9417844164	10.4957347473	__export__.isp_zone_1_8c968949	post
89	-66.9417622736	10.4956514953	__export__.isp_zone_1_8c968949	post
90	-66.9420193196	10.4956238226	__export__.isp_zone_1_8c968949	post
91	-66.942108624	10.4955605498	__export__.isp_zone_1_8c968949	post
92	-66.9420396057	10.4956582347	__export__.isp_zone_1_8c968949	post
93	-66.9421074121	10.4956835078	__export__.isp_zone_1_8c968949	post
94	-66.9420853167	10.4958244681	__export__.isp_zone_1_8c968949	post
95	-66.9420910254	10.495886012	__export__.isp_zone_1_8c968949	post
96	-66.9421456902	10.4959487839	__export__.isp_zone_1_8c968949	post
97	-66.9417329706	10.4961175012	__export__.isp_zone_1_8c968949	post
98	-66.9414357931	10.4963325394	__export__.isp_zone_1_8c968949	post
99	-66.94158267	10.4964458018	__export__.isp_zone_1_8c968949	post
100	-66.9415956235	10.4964177732	__export__.isp_zone_1_8c968949	post
101	-66.9417563145	10.4963045855	__export__.isp_zone_1_8c968949	post
102	-66.9418575206	10.4962392781	__export__.isp_zone_1_8c968949	post
103	-66.9419420969	10.4961738286	__export__.isp_zone_1_8c968949	post
104	-66.9421789184	10.496249861	__export__.isp_zone_1_8c968949	post
105	-66.9423530237	10.4963102448	__export__.isp_zone_1_8c968949	post
106	-66.942402993	10.4963703392	__export__.isp_zone_1_8c968949	post
107	-66.9424621683	10.4964608374	__export__.isp_zone_1_8c968949	post
108	-66.9418564534	10.4966336814	__export__.isp_zone_1_8c968949	post
109	-66.9417543328	10.4965707767	__export__.isp_zone_1_8c968949	post
110	-66.9416556735	10.4966093186	__export__.isp_zone_1_8c968949	post
111	-66.9417273115	10.4967908587	__export__.isp_zone_1_8c968949	post
112	-66.9418513916	10.4969331764	__export__.isp_zone_1_8c968949	post
113	-66.9419932987	10.4968982229	__export__.isp_zone_1_8c968949	post
114	-66.9420202762	10.496851882	__export__.isp_zone_1_8c968949	post
115	-66.9421361439	10.4967768173	__export__.isp_zone_1_8c968949	post
116	-66.9422702804	10.4966984174	__export__.isp_zone_1_8c968949	post
117	-66.9424851657	10.4967332143	__export__.isp_zone_1_8c968949	post
118	-66.9425404343	10.4966124099	__export__.isp_zone_1_8c968949	post
119	-66.9426640689	10.4968611189	__export__.isp_zone_1_8c968949	post
120	-66.9425965962	10.4969586285	__export__.isp_zone_1_8c968949	post
121	-66.9424587663	10.4970544415	__export__.isp_zone_1_8c968949	post
122	-66.9422731276	10.4971699098	__export__.isp_zone_1_8c968949	post
123	-66.9421263808	10.4972712486	__export__.isp_zone_1_8c968949	post
124	-66.9421915966	10.4974605312	__export__.isp_zone_1_8c968949	post
125	-66.9422248412	10.4974574447	__export__.isp_zone_1_8c968949	post
126	-66.9424062582	10.4973164871	__export__.isp_zone_1_8c968949	post
127	-66.9424807126	10.4972678538	__export__.isp_zone_1_8c968949	post
128	-66.9425810062	10.4972078517	__export__.isp_zone_1_8c968949	post
129	-66.9426632327	10.4971543808	__export__.isp_zone_1_8c968949	post
130	-66.9427268964	10.4972444799	__export__.isp_zone_1_8c968949	post
131	-66.9424684911	10.4973663024	__export__.isp_zone_1_8c968949	post
132	-66.9421249454	10.4976234145	__export__.isp_zone_1_8c968949	post
133	-66.9419473159	10.4977230819	__export__.isp_zone_1_8c968949	post
134	-66.9420953362	10.4975232818	__export__.isp_zone_1_8c968949	post
135	-66.9419528475	10.4973199755	__export__.isp_zone_1_8c968949	post
136	-66.9419710415	10.4971249342	__export__.isp_zone_1_8c968949	post
137	-66.9420432566	10.4970348384	__export__.isp_zone_1_8c968949	post
138	-66.9417444933	10.4970327609	__export__.isp_zone_1_8c968949	post
139	-66.9415269122	10.4967171287	__export__.isp_zone_1_8c968949	post
140	-66.9413941686	10.4964892213	__export__.isp_zone_1_8c968949	post
141	-66.9412458072	10.4961962951	__export__.isp_zone_1_8c968949	post
142	-66.9408105253	10.4959940374	__export__.isp_zone_1_8c968949	post
143	-66.9409263071	10.4964051439	__export__.isp_zone_1_8c968949	post
144	-66.9409540749	10.4964921295	__export__.isp_zone_1_8c968949	post
145	-66.9410066567	10.4967155469	__export__.isp_zone_1_8c968949	post
146	-66.9411020171	10.496923418	__export__.isp_zone_1_8c968949	post
147	-66.9412443454	10.4973639088	__export__.isp_zone_1_8c968949	post
148	-66.9412897885	10.4974100601	__export__.isp_zone_1_8c968949	post
149	-66.9413530301	10.4975248552	__export__.isp_zone_1_8c968949	post
150	-66.9414275699	10.4976862458	__export__.isp_zone_1_8c968949	post
151	-66.9415103874	10.4978313851	__export__.isp_zone_1_8c968949	post
152	-66.9413711703	10.4979114262	__export__.isp_zone_1_8c968949	post
153	-66.9412951969	10.4979443607	__export__.isp_zone_1_8c968949	post
154	-66.9412285486	10.4977615754	__export__.isp_zone_1_8c968949	post
155	-66.9411786716	10.4975762927	__export__.isp_zone_1_8c968949	post
156	-66.9410452807	10.4974747396	__export__.isp_zone_1_8c968949	post
157	-66.9409063134	10.4973573711	__export__.isp_zone_1_8c968949	post
158	-66.9407535225	10.4972325908	__export__.isp_zone_1_8c968949	post
159	-66.940674539	10.4969769123	__export__.isp_zone_1_8c968949	post
160	-66.9406001987	10.496564616	__export__.isp_zone_1_8c968949	post
161	-66.9405836398	10.4963309376	__export__.isp_zone_1_8c968949	post
162	-66.9405692371	10.4960635339	__export__.isp_zone_1_8c968949	post
163	-66.9405578032	10.4959421228	__export__.isp_zone_1_8c968949	post
164	-66.9403847739	10.495525345	__export__.isp_zone_1_8c968949	post
1	-66.9459342327	10.497573174	__export__.isp_zone_1_8c968949	post
2	-66.9459146733	10.4977291374	__export__.isp_zone_1_8c968949	post
3	-66.9461031606	10.4977443773	__export__.isp_zone_1_8c968949	post
4	-66.9462449887	10.49773825	__export__.isp_zone_1_8c968949	post
5	-66.9460773707	10.4975810718	__export__.isp_zone_1_8c968949	post
6	-66.9460953886	10.4973980359	__export__.isp_zone_1_8c968949	post
7	-66.9459516404	10.4971876131	__export__.isp_zone_1_8c968949	post
8	-66.9458991248	10.4968438648	__export__.isp_zone_1_8c968949	post
9	-66.9457519877	10.4966912996	__export__.isp_zone_1_8c968949	post
10	-66.9457138547	10.4965868814	__export__.isp_zone_1_8c968949	post
11	-66.9457641477	10.4963883027	__export__.isp_zone_1_8c968949	post
12	-66.9458050268	10.4961706923	__export__.isp_zone_1_8c968949	post
13	-66.9458903444	10.495801145	__export__.isp_zone_1_8c968949	post
14	-66.9461193332	10.495734395	__export__.isp_zone_1_8c968949	post
15	-66.9460983526	10.4957243625	__export__.isp_zone_1_8c968949	post
16	-66.9462306313	10.4955876518	__export__.isp_zone_1_8c968949	post
17	-66.946085697	10.4956709132	__export__.isp_zone_1_8c968949	post
18	-66.9460552856	10.4956683422	__export__.isp_zone_1_8c968949	post
19	-66.9460133029	10.4956275349	__export__.isp_zone_1_8c968949	post
20	-66.9457676538	10.4954130536	__export__.isp_zone_1_8c968949	post
21	-66.9456360607	10.4953762947	__export__.isp_zone_1_8c968949	post
22	-66.9454434553	10.4953842797	__export__.isp_zone_1_8c968949	post
23	-66.9455083774	10.495494717	__export__.isp_zone_1_8c968949	post
24	-66.9455541173	10.4957129513	__export__.isp_zone_1_8c968949	post
25	-66.9455267684	10.495919388	__export__.isp_zone_1_8c968949	post
26	-66.9454703603	10.4961413204	__export__.isp_zone_1_8c968949	post
27	-66.945426817	10.4964163581	__export__.isp_zone_1_8c968949	post
28	-66.9454496186	10.4966620268	__export__.isp_zone_1_8c968949	post
29	-66.9455600704	10.4969362471	__export__.isp_zone_1_8c968949	post
30	-66.945696766	10.4971971581	__export__.isp_zone_1_8c968949	post
31	-66.9457838721	10.4973925804	__export__.isp_zone_1_8c968949	post
32	-66.9458115679	10.4975347057	__export__.isp_zone_1_8c968949	post
33	-66.945816375	10.4977208329	__export__.isp_zone_1_8c968949	post
34	-66.9457669141	10.4980763892	__export__.isp_zone_1_8c968949	post
35	-66.9458550823	10.4981156285	__export__.isp_zone_1_8c968949	post
36	-66.9456868707	10.4983518494	__export__.isp_zone_1_8c968949	post
37	-66.9456563348	10.4984795345	__export__.isp_zone_1_8c968949	post
38	-66.9456674361	10.4987254764	__export__.isp_zone_1_8c968949	post
39	-66.945698692	10.4989529619	__export__.isp_zone_1_8c968949	post
40	-66.9456803188	10.4990149317	__export__.isp_zone_1_8c968949	post
41	-66.9457800914	10.499322997	__export__.isp_zone_1_8c968949	post
42	-66.9458844042	10.4995373974	__export__.isp_zone_1_8c968949	post
43	-66.9459876113	10.4997969085	__export__.isp_zone_1_8c968949	post
44	-66.9460972714	10.4999307676	__export__.isp_zone_1_8c968949	post
45	-66.9461534537	10.5001913707	__export__.isp_zone_1_8c968949	post
46	-66.9462186929	10.5002102899	__export__.isp_zone_1_8c968949	post
47	-66.9462743506	10.5004557324	__export__.isp_zone_1_8c968949	post
48	-66.9463631654	10.5004983702	__export__.isp_zone_1_8c968949	post
49	-66.9464130521	10.500739836	__export__.isp_zone_1_8c968949	post
50	-66.9465066459	10.5008351185	__export__.isp_zone_1_8c968949	post
51	-66.9465860045	10.5010734342	__export__.isp_zone_1_8c968949	post
52	-66.946672925	10.501143152	__export__.isp_zone_1_8c968949	post
53	-66.946730856	10.5013419807	__export__.isp_zone_1_8c968949	post
54	-66.9467805334	10.501349228	__export__.isp_zone_1_8c968949	post
55	-66.9468752623	10.5015737213	__export__.isp_zone_1_8c968949	post
56	-66.9470005131	10.5016142621	__export__.isp_zone_1_8c968949	post
57	-66.9472588439	10.5019556785	__export__.isp_zone_1_8c968949	post
58	-66.9474624852	10.5020903267	__export__.isp_zone_1_8c968949	post
59	-66.9474475656	10.5022343845	__export__.isp_zone_1_8c968949	post
60	-66.947390107	10.502180513	__export__.isp_zone_1_8c968949	post
61	-66.9471949131	10.5020458696	__export__.isp_zone_1_8c968949	post
62	-66.9470490509	10.5019344358	__export__.isp_zone_1_8c968949	post
63	-66.9469651004	10.5018563736	__export__.isp_zone_1_8c968949	post
64	-66.9467914709	10.5017003271	__export__.isp_zone_1_8c968949	post
65	-66.9465490743	10.5013772093	__export__.isp_zone_1_8c968949	post
66	-66.9464117909	10.5011500801	__export__.isp_zone_1_8c968949	post
67	-66.9463880498	10.5009309098	__export__.isp_zone_1_8c968949	post
68	-66.9461299784	10.5007406118	__export__.isp_zone_1_8c968949	post
69	-66.9460247445	10.5005606335	__export__.isp_zone_1_8c968949	post
70	-66.9460950788	10.5005056113	__export__.isp_zone_1_8c968949	post
71	-66.9458695065	10.5001875696	__export__.isp_zone_1_8c968949	post
72	-66.9457686422	10.4998423785	__export__.isp_zone_1_8c968949	post
73	-66.9454958702	10.4995024015	__export__.isp_zone_1_8c968949	post
74	-66.945305593	10.4993428379	__export__.isp_zone_1_8c968949	post
75	-66.945121742	10.4993060004	__export__.isp_zone_1_8c968949	post
76	-66.9449533105	10.4994604225	__export__.isp_zone_1_8c968949	post
77	-66.9449850248	10.4995208345	__export__.isp_zone_1_8c968949	post
78	-66.9448273954	10.4994772487	__export__.isp_zone_1_8c968949	post
79	-66.9447192983	10.4995026482	__export__.isp_zone_1_8c968949	post
80	-66.9446322258	10.4993608532	__export__.isp_zone_1_8c968949	post
81	-66.9448276225	10.4992098459	__export__.isp_zone_1_8c968949	post
82	-66.945110846	10.4990031065	__export__.isp_zone_1_8c968949	post
83	-66.9454130669	10.4988384787	__export__.isp_zone_1_8c968949	post
84	-66.9454101079	10.4985201501	__export__.isp_zone_1_8c968949	post
85	-66.9453073454	10.498395338	__export__.isp_zone_1_8c968949	post
86	-66.9450609353	10.4983225005	__export__.isp_zone_1_8c968949	post
87	-66.9450643542	10.4982603771	__export__.isp_zone_1_8c968949	post
88	-66.9451602141	10.4982167976	__export__.isp_zone_1_8c968949	post
89	-66.9451951824	10.4981512772	__export__.isp_zone_1_8c968949	post
90	-66.9453601154	10.49818988	__export__.isp_zone_1_8c968949	post
91	-66.9454851027	10.4981239954	__export__.isp_zone_1_8c968949	post
92	-66.9452152814	10.4980443242	__export__.isp_zone_1_8c968949	post
93	-66.945416358	10.4978363014	__export__.isp_zone_1_8c968949	post
94	-66.9454518902	10.4977601907	__export__.isp_zone_1_8c968949	post
95	-66.9453181341	10.4977000285	__export__.isp_zone_1_8c968949	post
96	-66.9453544589	10.4975880604	__export__.isp_zone_1_8c968949	post
97	-66.9453239452	10.4975379993	__export__.isp_zone_1_8c968949	post
98	-66.945544907	10.4975113065	__export__.isp_zone_1_8c968949	post
99	-66.9449568437	10.4974136995	__export__.isp_zone_1_8c968949	post
100	-66.9453309718	10.4973647196	__export__.isp_zone_1_8c968949	post
101	-66.9455440535	10.4972689978	__export__.isp_zone_1_8c968949	post
102	-66.9454799581	10.4971858384	__export__.isp_zone_1_8c968949	post
103	-66.9453125719	10.4972746498	__export__.isp_zone_1_8c968949	post
104	-66.9453405071	10.4972021842	__export__.isp_zone_1_8c968949	post
105	-66.9452826906	10.4971695387	__export__.isp_zone_1_8c968949	post
106	-66.9451666339	10.4970547698	__export__.isp_zone_1_8c968949	post
107	-66.9452300123	10.4970376487	__export__.isp_zone_1_8c968949	post
108	-66.9452576155	10.4969428499	__export__.isp_zone_1_8c968949	post
109	-66.9450441629	10.4968139665	__export__.isp_zone_1_8c968949	post
110	-66.9450059873	10.4965208448	__export__.isp_zone_1_8c968949	post
111	-66.9449158618	10.4964709052	__export__.isp_zone_1_8c968949	post
112	-66.9447878236	10.4965117055	__export__.isp_zone_1_8c968949	post
113	-66.9447486025	10.4962069262	__export__.isp_zone_1_8c968949	post
114	-66.9448539286	10.496083214	__export__.isp_zone_1_8c968949	post
115	-66.9450183889	10.4958677255	__export__.isp_zone_1_8c968949	post
116	-66.9446677689	10.4959261312	__export__.isp_zone_1_8c968949	post
117	-66.9447117559	10.4957955261	__export__.isp_zone_1_8c968949	post
118	-66.9446847013	10.4957370244	__export__.isp_zone_1_8c968949	post
119	-66.9446400784	10.4956726453	__export__.isp_zone_1_8c968949	post
120	-66.9444838092	10.4954538553	__export__.isp_zone_1_8c968949	post
121	-66.9443974294	10.4953825647	__export__.isp_zone_1_8c968949	post
122	-66.9441510489	10.4953670638	__export__.isp_zone_1_8c968949	post
123	-66.9440462217	10.4951492673	__export__.isp_zone_1_8c968949	post
124	-66.9438384563	10.4951605024	__export__.isp_zone_1_8c968949	post
125	-66.9437567781	10.4950207574	__export__.isp_zone_1_8c968949	post
126	-66.9434628525	10.4948106247	__export__.isp_zone_1_8c968949	post
127	-66.9436450654	10.4950938494	__export__.isp_zone_1_8c968949	post
128	-66.9437701054	10.4953187339	__export__.isp_zone_1_8c968949	post
129	-66.9438671894	10.4955606882	__export__.isp_zone_1_8c968949	post
130	-66.9438730153	10.4957068099	__export__.isp_zone_1_8c968949	post
131	-66.9439426585	10.4960656332	__export__.isp_zone_1_8c968949	post
132	-66.9440535596	10.4965292234	__export__.isp_zone_1_8c968949	post
133	-66.9440007466	10.4968683426	__export__.isp_zone_1_8c968949	post
134	-66.9438130384	10.4969658444	__export__.isp_zone_1_8c968949	post
135	-66.9441140969	10.496967577	__export__.isp_zone_1_8c968949	post
136	-66.9443812642	10.4973732614	__export__.isp_zone_1_8c968949	post
137	-66.9444422484	10.4974605221	__export__.isp_zone_1_8c968949	post
138	-66.9445875607	10.4976811048	__export__.isp_zone_1_8c968949	post
139	-66.9447072219	10.4978684106	__export__.isp_zone_1_8c968949	post
140	-66.9445168593	10.4979433137	__export__.isp_zone_1_8c968949	post
141	-66.9447754163	10.4979820566	__export__.isp_zone_1_8c968949	post
142	-66.9447662247	10.4980436601	__export__.isp_zone_1_8c968949	post
143	-66.9448374536	10.4980928539	__export__.isp_zone_1_8c968949	post
144	-66.9449731063	10.4982783851	__export__.isp_zone_1_8c968949	post
145	-66.9449819119	10.4983504755	__export__.isp_zone_1_8c968949	post
146	-66.9448833074	10.4983254224	__export__.isp_zone_1_8c968949	post
147	-66.9448157647	10.4983417213	__export__.isp_zone_1_8c968949	post
148	-66.9446209603	10.4982530354	__export__.isp_zone_1_8c968949	post
149	-66.9444233138	10.4980264022	__export__.isp_zone_1_8c968949	post
150	-66.9442109693	10.4978532202	__export__.isp_zone_1_8c968949	post
1	-66.9463581558	10.4912245775	__export__.isp_zone_1_8c968949	post
2	-66.9465584862	10.4914491259	__export__.isp_zone_1_8c968949	post
3	-66.9467452485	10.4917157364	__export__.isp_zone_1_8c968949	post
4	-66.9469652145	10.4920016787	__export__.isp_zone_1_8c968949	post
5	-66.9471505474	10.4922500213	__export__.isp_zone_1_8c968949	post
6	-66.9473557397	10.4924648855	__export__.isp_zone_1_8c968949	post
7	-66.9475571838	10.4922988019	__export__.isp_zone_1_8c968949	post
8	-66.9475373168	10.4926732105	__export__.isp_zone_1_8c968949	post
9	-66.947520824	10.4933680993	__export__.isp_zone_1_8c968949	post
10	-66.9473713526	10.4938302057	__export__.isp_zone_1_8c968949	post
11	-66.9447089469	10.4938537131	__export__.isp_zone_1_8c968949	post
12	-66.9448910777	10.493970814	__export__.isp_zone_1_8c968949	post
13	-66.9447932993	10.4943800266	__export__.isp_zone_1_8c968949	post
14	-66.9448749728	10.4945500556	__export__.isp_zone_1_8c968949	post
15	-66.9452526494	10.494922814	__export__.isp_zone_1_8c968949	post
16	-66.9455998233	10.495272354	__export__.isp_zone_1_8c968949	post
1	-66.9469979108	10.4871953944	__export__.isp_zone_1_8c968949	post
2	-66.9466317831	10.4877051482	__export__.isp_zone_1_8c968949	post
3	-66.9463475975	10.4878898814	__export__.isp_zone_1_8c968949	post
4	-66.9460289133	10.4881039243	__export__.isp_zone_1_8c968949	post
5	-66.9458049252	10.4882726946	__export__.isp_zone_1_8c968949	post
6	-66.9455286853	10.4882428928	__export__.isp_zone_1_8c968949	post
7	-66.9455081048	10.4885128828	__export__.isp_zone_1_8c968949	post
8	-66.9454117486	10.4884752186	__export__.isp_zone_1_8c968949	post
9	-66.9452591756	10.4885796925	__export__.isp_zone_1_8c968949	post
10	-66.9454790621	10.4888192887	__export__.isp_zone_1_8c968949	post
11	-66.9454629697	10.4889946137	__export__.isp_zone_1_8c968949	post
12	-66.9454654585	10.489081366	__export__.isp_zone_1_8c968949	post
13	-66.9454749071	10.4891852029	__export__.isp_zone_1_8c968949	post
14	-66.9455019384	10.4893415689	__export__.isp_zone_1_8c968949	post
15	-66.945598834	10.4897621593	__export__.isp_zone_1_8c968949	post
16	-66.9456946305	10.4900921958	__export__.isp_zone_1_8c968949	post
17	-66.9457604554	10.4903483822	__export__.isp_zone_1_8c968949	post
18	-66.9458672844	10.4906737496	__export__.isp_zone_1_8c968949	post
19	-66.9460261075	10.4910169444	__export__.isp_zone_1_8c968949	post
20	-66.9461316521	10.4912380954	__export__.isp_zone_1_8c968949	post
21	-66.9462800489	10.4915788601	__export__.isp_zone_1_8c968949	post
22	-66.9464421425	10.491909204	__export__.isp_zone_1_8c968949	post
23	-66.9465664858	10.4921599966	__export__.isp_zone_1_8c968949	post
24	-66.9466917926	10.4924488418	__export__.isp_zone_1_8c968949	post
25	-66.9464886294	10.4927027822	__export__.isp_zone_1_8c968949	post
26	-66.9461247998	10.4929051088	__export__.isp_zone_1_8c968949	post
27	-66.9457301513	10.49325786	__export__.isp_zone_1_8c968949	post
28	-66.9455150231	10.4930438915	__export__.isp_zone_1_8c968949	post
29	-66.9449354537	10.4934777116	__export__.isp_zone_1_8c968949	post
30	-66.9444860899	10.4935140466	__export__.isp_zone_1_8c968949	post
31	-66.9442972192	10.4933075382	__export__.isp_zone_1_8c968949	post
32	-66.9440867397	10.4932929192	__export__.isp_zone_1_8c968949	post
33	-66.9437628984	10.4935004513	__export__.isp_zone_1_8c968949	post
34	-66.9435854878	10.4935132364	__export__.isp_zone_1_8c968949	post
35	-66.9434689107	10.4936831107	__export__.isp_zone_1_8c968949	post
36	-66.9432958256	10.4938154808	__export__.isp_zone_1_8c968949	post
37	-66.9432548761	10.4938343936	__export__.isp_zone_1_8c968949	post
38	-66.9433553188	10.4939821013	__export__.isp_zone_1_8c968949	post
39	-66.9434905171	10.4941421465	__export__.isp_zone_1_8c968949	post
40	-66.9435738939	10.4942972209	__export__.isp_zone_1_8c968949	post
41	-66.9430551109	10.4939667084	__export__.isp_zone_1_8c968949	post
42	-66.9429969671	10.4939034517	__export__.isp_zone_1_8c968949	post
43	-66.9429359921	10.4940382976	__export__.isp_zone_1_8c968949	post
44	-66.9428565252	10.4937303703	__export__.isp_zone_1_8c968949	post
45	-66.9426950094	10.4934922766	__export__.isp_zone_1_8c968949	post
46	-66.9425800115	10.493282305	__export__.isp_zone_1_8c968949	post
47	-66.9428489463	10.4931482248	__export__.isp_zone_1_8c968949	post
48	-66.9429517491	10.4931978014	__export__.isp_zone_1_8c968949	post
49	-66.9430528574	10.4929925475	__export__.isp_zone_1_8c968949	post
50	-66.9431891138	10.4929756531	__export__.isp_zone_1_8c968949	post
51	-66.9432276335	10.4928447571	__export__.isp_zone_1_8c968949	post
52	-66.9434534751	10.4927867158	__export__.isp_zone_1_8c968949	post
53	-66.9424173486	10.493071448	__export__.isp_zone_1_8c968949	post
54	-66.9423746426	10.4930031145	__export__.isp_zone_1_8c968949	post
55	-66.9423067703	10.4928942194	__export__.isp_zone_1_8c968949	post
56	-66.9422749367	10.4928417797	__export__.isp_zone_1_8c968949	post
57	-66.9427286589	10.4937205363	__export__.isp_zone_1_8c968949	post
58	-66.9425755668	10.4934835098	__export__.isp_zone_1_8c968949	post
59	-66.9424590945	10.4933194362	__export__.isp_zone_1_8c968949	post
60	-66.9421830752	10.4929111625	__export__.isp_zone_1_8c968949	post
61	-66.9420812818	10.4927760152	__export__.isp_zone_1_8c968949	post
62	-66.9423095257	10.4927424363	__export__.isp_zone_1_8c968949	post
63	-66.9424890105	10.4925510862	__export__.isp_zone_1_8c968949	post
64	-66.9426951142	10.4923596544	__export__.isp_zone_1_8c968949	post
65	-66.9428438584	10.4920496435	__export__.isp_zone_1_8c968949	post
66	-66.9432142429	10.4920587796	__export__.isp_zone_1_8c968949	post
67	-66.9427714139	10.4907681951	__export__.isp_zone_1_8c968949	post
68	-66.9428368964	10.4904867207	__export__.isp_zone_1_8c968949	post
69	-66.9433529068	10.4906616572	__export__.isp_zone_1_8c968949	post
70	-66.9434896164	10.4903627911	__export__.isp_zone_1_8c968949	post
P01	-66.9420747127	10.492758602	__export__.isp_zone_1_8c968949	post
P02	-66.9419069218	10.4929752059	__export__.isp_zone_1_8c968949	post
P03	-66.9416538974	10.4932591512	__export__.isp_zone_1_8c968949	post
p04	-66.9416969456	10.4933416623	__export__.isp_zone_1_8c968949	post
P05	-66.9417551291	10.4934258404	__export__.isp_zone_1_8c968949	post
P06	-66.9418754069	10.4935938139	__export__.isp_zone_1_8c968949	post
P07	-66.9420793219	10.4939379576	__export__.isp_zone_1_8c968949	post
P08	-66.9421427858	10.4940253548	__export__.isp_zone_1_8c968949	post
P09	-66.9420387371	10.4940851186	__export__.isp_zone_1_8c968949	post
P10	-66.941911502	10.4940665334	__export__.isp_zone_1_8c968949	post
P11	-66.9418603069	10.4941946793	__export__.isp_zone_1_8c968949	post
P12	-66.9417769271	10.4943039673	__export__.isp_zone_1_8c968949	post
P13	-66.9416911691	10.494293245	__export__.isp_zone_1_8c968949	post
P14	-66.9416554848	10.4942310099	__export__.isp_zone_1_8c968949	post
P15	-66.9415339462	10.4944093657	__export__.isp_zone_1_8c968949	post
P16	-66.9414667963	10.4943406762	__export__.isp_zone_1_8c968949	post
P17	-66.9414049295	10.4945311475	__export__.isp_zone_1_8c968949	post
P18	-66.9413672112	10.4944213833	__export__.isp_zone_1_8c968949	post
P19	-66.9412655508	10.4946132198	__export__.isp_zone_1_8c968949	post
P20	-66.9410651329	10.4946232119	__export__.isp_zone_1_8c968949	post
P21	-66.9409229194	10.4948250561	__export__.isp_zone_1_8c968949	post
P22	-66.9408324827	10.494781838	__export__.isp_zone_1_8c968949	post
P23	-66.9406569555	10.4948972784	__export__.isp_zone_1_8c968949	post
P24	-66.9405752795	10.4950428411	__export__.isp_zone_1_8c968949	post
P25	-66.9406222063	10.4950715593	__export__.isp_zone_1_8c968949	post
P26	-66.9402728218	10.495122296	__export__.isp_zone_1_8c968949	post
P27	-66.9402062113	10.4952794419	__export__.isp_zone_1_8c968949	post
P28	-66.9400910631	10.4952514501	__export__.isp_zone_1_8c968949	post
P29	-66.9399750667	10.4953741849	__export__.isp_zone_1_8c968949	post
P30	-66.9397085701	10.4954970069	__export__.isp_zone_1_8c968949	post
P31	-66.9392464704	10.4955990701	__export__.isp_zone_1_8c968949	post
P32	-66.9389331985	10.4957152879	__export__.isp_zone_1_8c968949	post
P33	-66.938906558	10.4955724913	__export__.isp_zone_1_8c968949	post
P34	-66.9387301306	10.4957773579	__export__.isp_zone_1_8c968949	post
P35	-66.9385928348	10.495833347	__export__.isp_zone_1_8c968949	post
P36	-66.938238999	10.4959678945	__export__.isp_zone_1_8c968949	post
P37	-66.9382186992	10.4958835511	__export__.isp_zone_1_8c968949	post
P38	-66.9378486235	10.4960971234	__export__.isp_zone_1_8c968949	post
P39	-66.9372959896	10.4960607529	__export__.isp_zone_1_8c968949	post
P40	-66.9373352193	10.4959905951	__export__.isp_zone_1_8c968949	post
P41	-66.9369071701	10.4961715121	__export__.isp_zone_1_8c968949	post
P42	-66.9366476304	10.4962714117	__export__.isp_zone_1_8c968949	post
p43	-66.9363273352	10.4963790215	__export__.isp_zone_1_8c968949	post
P44	-66.9362205328	10.4964218255	__export__.isp_zone_1_8c968949	post
P45	-66.9360813987	10.4964793992	__export__.isp_zone_1_8c968949	post
P46	-66.9361142003	10.4968202053	__export__.isp_zone_1_8c968949	post
P47	-66.9360763608	10.4968254378	__export__.isp_zone_1_8c968949	post
P48	-66.9361716473	10.4966682685	__export__.isp_zone_1_8c968949	post
P49	-66.936355316	10.4965885115	__export__.isp_zone_1_8c968949	post
P50	-66.9359905671	10.4969196789	__export__.isp_zone_1_8c968949	post
P51	-66.9358676966	10.4971585481	__export__.isp_zone_1_8c968949	post
P52	-66.9351930819	10.4973047232	__export__.isp_zone_1_8c968949	post
P53	-66.9351759627	10.4972399196	__export__.isp_zone_1_8c968949	post
P54	-66.935139755	10.4973675484	__export__.isp_zone_1_8c968949	post
P55	-66.9352498867	10.497677501	__export__.isp_zone_1_8c968949	post
P56	-66.9353387601	10.4978940654	__export__.isp_zone_1_8c968949	post
P57	-66.9352869113	10.4979052488	__export__.isp_zone_1_8c968949	post
P58	-66.935150891	10.4979876406	__export__.isp_zone_1_8c968949	post
P59	-66.9351326529	10.4979475326	__export__.isp_zone_1_8c968949	post
P60	-66.9350686105	10.4979817164	__export__.isp_zone_1_8c968949	post
P61	-66.9348557048	10.4981607595	__export__.isp_zone_1_8c968949	post
P62	-66.9348413088	10.4984465666	__export__.isp_zone_1_8c968949	post
P63	-66.9348745002	10.4986127164	__export__.isp_zone_1_8c968949	post
P64	-66.934811895	10.4985021172	__export__.isp_zone_1_8c968949	post
P65	-66.9344597464	10.4985099353	__export__.isp_zone_1_8c968949	post
P66	-66.9341249973	10.4985715375	__export__.isp_zone_1_8c968949	post
P67	-66.9340628991	10.4984863626	__export__.isp_zone_1_8c968949	post
P68	-66.9339473709	10.4984718717	__export__.isp_zone_1_8c968949	post
P69	-66.933712197	10.4985000852	__export__.isp_zone_1_8c968949	post
P70	-66.933536709	10.4986175878	__export__.isp_zone_1_8c968949	post
P71	-66.9333627114	10.498629878	__export__.isp_zone_1_8c968949	post
P72	-66.9331141775	10.4987591874	__export__.isp_zone_1_8c968949	post
P73	-66.9329346794	10.4987701563	__export__.isp_zone_1_8c968949	post
P74	-66.9327358817	10.4988731841	__export__.isp_zone_1_8c968949	post
P75	-66.9327300452	10.4989831618	__export__.isp_zone_1_8c968949	post
P76	-66.9325242453	10.4988706144	__export__.isp_zone_1_8c968949	post
P77	-66.9324166494	10.4988238607	__export__.isp_zone_1_8c968949	post
P78	-66.9324869284	10.4987898242	__export__.isp_zone_1_8c968949	post
P79	-66.9321625695	10.4987731623	__export__.isp_zone_1_8c968949	post
P80	-66.9320646801	10.4986407858	__export__.isp_zone_1_8c968949	post
P81	-66.9320339661	10.4985332627	__export__.isp_zone_1_8c968949	post
P82	-66.9319744667	10.4983158138	__export__.isp_zone_1_8c968949	post
P83	-66.9319507188	10.4981753231	__export__.isp_zone_1_8c968949	post
P84	-66.9318737028	10.498136137	__export__.isp_zone_1_8c968949	post
P85	-66.9317695972	10.4980578176	__export__.isp_zone_1_8c968949	post
P86	-66.9315167565	10.4979495831	__export__.isp_zone_1_8c968949	post
P87	-66.9311316082	10.4979482052	__export__.isp_zone_1_8c968949	post
P88	-66.9308549201	10.4979929545	__export__.isp_zone_1_8c968949	post
P89	-66.9308165754	10.4979821683	__export__.isp_zone_1_8c968949	post
P90	-66.9304945166	10.4980578821	__export__.isp_zone_1_8c968949	post
P91	-66.9305268267	10.498100215	__export__.isp_zone_1_8c968949	post
P92	-66.9303188619	10.4980472625	__export__.isp_zone_1_8c968949	post
P93	-66.9300627313	10.4980353171	__export__.isp_zone_1_8c968949	post
P94	-66.9299602151	10.4981251088	__export__.isp_zone_1_8c968949	post
P95	-66.9297035131	10.4981306295	__export__.isp_zone_1_8c968949	post
P96	-66.9294198403	10.4981182741	__export__.isp_zone_1_8c968949	post
P97	-66.9293013396	10.4980647665	__export__.isp_zone_1_8c968949	post
P98	-66.9291855592	10.4978150252	__export__.isp_zone_1_8c968949	post
P99	-66.9287877405	10.4977751588	__export__.isp_zone_1_8c968949	post
P100	-66.9283569592	10.4976854806	__export__.isp_zone_1_8c968949	post
P101	-66.9278855789	10.4978123127	__export__.isp_zone_1_8c968949	post
P102	-66.9274604026	10.498074407	__export__.isp_zone_1_8c968949	post
P103	-66.9271910459	10.4983928444	__export__.isp_zone_1_8c968949	post
P104	-66.927030086	10.4987777224	__export__.isp_zone_1_8c968949	post
P105	-66.9269366273	10.4991369549	__export__.isp_zone_1_8c968949	post
P106	-66.926815739	10.4992166456	__export__.isp_zone_1_8c968949	post
P107	-66.9263661798	10.4993274676	__export__.isp_zone_1_8c968949	post
P108	-66.9261258621	10.4993757811	__export__.isp_zone_1_8c968949	post
P109	-66.9259227283	10.4994241849	__export__.isp_zone_1_8c968949	post
P110	-66.9256921978	10.4994845619	__export__.isp_zone_1_8c968949	post
P111	-66.9253590904	10.4995689511	__export__.isp_zone_1_8c968949	post
P112	-66.9256349835	10.4995255977	__export__.isp_zone_1_8c968949	post
P113	-66.9257535329	10.4997435102	__export__.isp_zone_1_8c968949	post
P114	-66.9259744605	10.4999077242	__export__.isp_zone_1_8c968949	post
P115	-66.9253408127	10.4998956197	__export__.isp_zone_1_8c968949	post
P116	-66.9250377298	10.5001974911	__export__.isp_zone_1_8c968949	post
P117	-66.9248040756	10.5005501734	__export__.isp_zone_1_8c968949	post
P118	-66.9245886297	10.5008757377	__export__.isp_zone_1_8c968949	post
P119	-66.9242483783	10.5010604805	__export__.isp_zone_1_8c968949	post
P120	-66.9241567066	10.5010438495	__export__.isp_zone_1_8c968949	post
P121	-66.9241876781	10.5011242851	__export__.isp_zone_1_8c968949	post
P122	-66.9239706475	10.5012429661	__export__.isp_zone_1_8c968949	post
P123	-66.92370327	10.5013760881	__export__.isp_zone_1_8c968949	post
P124	-66.923563572	10.5011883331	__export__.isp_zone_1_8c968949	post
P125	-66.9234873795	10.5010730938	__export__.isp_zone_1_8c968949	post
P126	-66.9234447688	10.5010295718	__export__.isp_zone_1_8c968949	post
P127	-66.9232944269	10.5011678966	__export__.isp_zone_1_8c968949	post
P128	-66.9232064293	10.5013888257	__export__.isp_zone_1_8c968949	post
P129	-66.923039875	10.5015138193	__export__.isp_zone_1_8c968949	post
P130	-66.9230115224	10.5015841354	__export__.isp_zone_1_8c968949	post
P131	-66.9228485786	10.5019081652	__export__.isp_zone_1_8c968949	post
P132	-66.9226415014	10.5019880734	__export__.isp_zone_1_8c968949	post
P133	-66.9223862292	10.5021251128	__export__.isp_zone_1_8c968949	post
P134	-66.9223979589	10.5021918227	__export__.isp_zone_1_8c968949	post
P135	-66.9223315433	10.5023845942	__export__.isp_zone_1_8c968949	post
P136	-66.9222542084	10.5026906941	__export__.isp_zone_1_8c968949	post
P137	-66.9222497478	10.5031224265	__export__.isp_zone_1_8c968949	post
P138	-66.9221395581	10.5031970058	__export__.isp_zone_1_8c968949	post
P139	-66.9220474004	10.5033407339	__export__.isp_zone_1_8c968949	post
P140	-66.9219157071	10.5035430418	__export__.isp_zone_1_8c968949	post
P141	-66.9218199949	10.5038171216	__export__.isp_zone_1_8c968949	post
P142	-66.9217371192	10.5039647502	__export__.isp_zone_1_8c968949	post
P143	-66.9215880665	10.5040770644	__export__.isp_zone_1_8c968949	post
P144	-66.9211887231	10.5042269791	__export__.isp_zone_1_8c968949	post
P145	-66.9213906882	10.5040426369	__export__.isp_zone_1_8c968949	post
P146	-66.9211129339	10.5040497495	__export__.isp_zone_1_8c968949	post
P147	-66.9210352114	10.5037688312	__export__.isp_zone_1_8c968949	post
P148	-66.9212559916	10.5037118938	__export__.isp_zone_1_8c968949	post
P149	-66.9213540331	10.5034084386	__export__.isp_zone_1_8c968949	post
P150	-66.9214671054	10.5031109822	__export__.isp_zone_1_8c968949	post
P151	-66.9215855012	10.5027706284	__export__.isp_zone_1_8c968949	post
P152	-66.9215987936	10.5026758922	__export__.isp_zone_1_8c968949	post
P153	-66.9215074794	10.502541479	__export__.isp_zone_1_8c968949	post
P51.1	-66.9357391877	10.4971781724	__export__.isp_zone_1_8c968949	post
P51.2	-66.9352523661	10.4974177938	__export__.isp_zone_1_8c968949	post
P	-66.9531163908	10.4880880831	__export__.isp_zone_1_8c968949	post
P	-66.9475853168	10.4867929627	__export__.isp_zone_1_8c968949	post
P	-66.948952775	10.4861503772	__export__.isp_zone_1_8c968949	post
P	-66.9492572938	10.4859749143	__export__.isp_zone_1_8c968949	post
P	-66.9494472879	10.4858568034	__export__.isp_zone_1_8c968949	post
P	-66.9497048784	10.4857268072	__export__.isp_zone_1_8c968949	post
1	-66.9487837557	10.4862855264	__export__.isp_zone_1_8c968949	post
2	-66.9485782533	10.4864236752	__export__.isp_zone_1_8c968949	post
3	-66.9482522558	10.4867267678	__export__.isp_zone_1_8c968949	post
4	-66.9480262746	10.4868637108	__export__.isp_zone_1_8c968949	post
5	-66.9481785335	10.4870388149	__export__.isp_zone_1_8c968949	post
6	-66.9482647083	10.4872352228	__export__.isp_zone_1_8c968949	post
7	-66.947417995	10.4876033133	__export__.isp_zone_1_8c968949	post
8	-66.9472771049	10.4874373231	__export__.isp_zone_1_8c968949	post
9	-66.9476794389	10.4878904122	__export__.isp_zone_1_8c968949	post
10	-66.9478080484	10.4881951089	__export__.isp_zone_1_8c968949	post
11	-66.9478911315	10.4887469116	__export__.isp_zone_1_8c968949	post
12	-66.9483252207	10.4885510565	__export__.isp_zone_1_8c968949	post
13	-66.9487160362	10.4884095884	__export__.isp_zone_1_8c968949	post
14	-66.9489593913	10.4882727095	__export__.isp_zone_1_8c968949	post
15	-66.9493707026	10.4879883797	__export__.isp_zone_1_8c968949	post
16	-66.9495458429	10.4876357869	__export__.isp_zone_1_8c968949	post
17	-66.9492203778	10.4870254806	__export__.isp_zone_1_8c968949	post
18	-66.9490776865	10.4867540573	__export__.isp_zone_1_8c968949	post
19	-66.948997066	10.4862984974	__export__.isp_zone_1_8c968949	post
20	-66.9499326597	10.4877182396	__export__.isp_zone_1_8c968949	post
21	-66.9501097995	10.4880293767	__export__.isp_zone_1_8c968949	post
22	-66.9504806705	10.4880590556	__export__.isp_zone_1_8c968949	post
23	-66.9523466955	10.4889179213	__export__.isp_zone_1_8c968949	post
24	-66.9535356337	10.4880702804	__export__.isp_zone_1_8c968949	post
25	-66.9537219705	10.4878847709	__export__.isp_zone_1_8c968949	post
26	-66.9536440819	10.4875915578	__export__.isp_zone_1_8c968949	post
27	-66.9533523589	10.4874180767	__export__.isp_zone_1_8c968949	post
28	-66.9531034604	10.4872035726	__export__.isp_zone_1_8c968949	post
29	-66.9528675143	10.4869985914	__export__.isp_zone_1_8c968949	post
30	-66.9526847582	10.4868524679	__export__.isp_zone_1_8c968949	post
31	-66.9525872694	10.4869223965	__export__.isp_zone_1_8c968949	post
33	-66.9526204962	10.4871135968	__export__.isp_zone_1_8c968949	post
34	-66.9528578981	10.4872923412	__export__.isp_zone_1_8c968949	post
35	-66.9524685929	10.4870371373	__export__.isp_zone_1_8c968949	post
36	-66.9521806825	10.4872118754	__export__.isp_zone_1_8c968949	post
37	-66.9520959308	10.4872813573	__export__.isp_zone_1_8c968949	post
38	-66.9518089375	10.4870827286	__export__.isp_zone_1_8c968949	post
39	-66.9524648268	10.486835892	__export__.isp_zone_1_8c968949	post
40	-66.9523789075	10.4867280325	__export__.isp_zone_1_8c968949	post
41	-66.952294501	10.4865888386	__export__.isp_zone_1_8c968949	post
42	-66.9519106761	10.4864009504	__export__.isp_zone_1_8c968949	post
43	-66.9516834652	10.4864023316	__export__.isp_zone_1_8c968949	post
44	-66.9515218159	10.4865718119	__export__.isp_zone_1_8c968949	post
45	-66.9513957781	10.486521748	__export__.isp_zone_1_8c968949	post
46	-66.9514122935	10.486385566	__export__.isp_zone_1_8c968949	post
47	-66.9513220485	10.4861427466	__export__.isp_zone_1_8c968949	post
48	-66.9512826835	10.4860302419	__export__.isp_zone_1_8c968949	post
49	-66.9511838033	10.486109085	__export__.isp_zone_1_8c968949	post
50	-66.9510256745	10.4861531735	__export__.isp_zone_1_8c968949	post
51	-66.9510337847	10.4862444364	__export__.isp_zone_1_8c968949	post
52	-66.9508320731	10.4863624489	__export__.isp_zone_1_8c968949	post
53	-66.9509044576	10.4865373668	__export__.isp_zone_1_8c968949	post
54	-66.9509462934	10.4868166066	__export__.isp_zone_1_8c968949	post
55	-66.9510315345	10.4867619786	__export__.isp_zone_1_8c968949	post
56	-66.9511768187	10.486704799	__export__.isp_zone_1_8c968949	post
57	-66.9512033171	10.4867857425	__export__.isp_zone_1_8c968949	post
58	-66.9511231236	10.4858262815	__export__.isp_zone_1_8c968949	post
59	-66.9510025407	10.4855822984	__export__.isp_zone_1_8c968949	post
60	-66.9508557022	10.4852619204	__export__.isp_zone_1_8c968949	post
61	-66.9507152509	10.485285175	__export__.isp_zone_1_8c968949	post
62	-66.9505596421	10.4861360157	__export__.isp_zone_1_8c968949	post
63	-66.9505117928	10.4860014736	__export__.isp_zone_1_8c968949	post
64	-66.9506035075	10.4859641309	__export__.isp_zone_1_8c968949	post
65	-66.9505605762	10.4858799841	__export__.isp_zone_1_8c968949	post
66	-66.9504249272	10.4858097024	__export__.isp_zone_1_8c968949	post
67	-66.9504346573	10.4856867706	__export__.isp_zone_1_8c968949	post
68	-66.950341299	10.4854666767	__export__.isp_zone_1_8c968949	post
69	-66.9505677509	10.4853067679	__export__.isp_zone_1_8c968949	post
70	-66.9506920866	10.4850232278	__export__.isp_zone_1_8c968949	post
71	-66.9505683077	10.4850211221	__export__.isp_zone_1_8c968949	post
72	-66.9503699327	10.4851009895	__export__.isp_zone_1_8c968949	post
73	-66.9501829692	10.4852110049	__export__.isp_zone_1_8c968949	post
74	-66.9505520207	10.4847813139	__export__.isp_zone_1_8c968949	post
75	-66.9505324842	10.4864042195	__export__.isp_zone_1_8c968949	post
76	-66.9505723298	10.4864852921	__export__.isp_zone_1_8c968949	post
77	-66.950260408	10.4865039631	__export__.isp_zone_1_8c968949	post
78	-66.950150899	10.4863464717	__export__.isp_zone_1_8c968949	post
79	-66.9500496125	10.4862796073	__export__.isp_zone_1_8c968949	post
80	-66.9499934153	10.4860646309	__export__.isp_zone_1_8c968949	post
81	-66.9497837431	10.4857659006	__export__.isp_zone_1_8c968949	post
82	-66.9500566925	10.4855939508	__export__.isp_zone_1_8c968949	post
83	-66.9514983433	10.4857902882	__export__.isp_zone_1_8c968949	post
84	-66.95172103	10.4861020841	__export__.isp_zone_1_8c968949	post
85	-66.9513835082	10.4856195028	__export__.isp_zone_1_8c968949	post
86	-66.9512887028	10.4852894247	__export__.isp_zone_1_8c968949	post
87	-66.9511555325	10.4849853987	__export__.isp_zone_1_8c968949	post
88	-66.9510283352	10.4846890759	__export__.isp_zone_1_8c968949	post
89	-66.9508639131	10.4843985985	__export__.isp_zone_1_8c968949	post
1	-66.9502877479	10.4841994387	__export__.isp_zone_1_8c968949	post
2	-66.9499930279	10.4838630237	__export__.isp_zone_1_8c968949	post
3	-66.9502861183	10.4836369918	__export__.isp_zone_1_8c968949	post
4	-66.950450219	10.4835007679	__export__.isp_zone_1_8c968949	post
5	-66.9506411084	10.4832860814	__export__.isp_zone_1_8c968949	post
6	-66.95058534	10.4832092341	__export__.isp_zone_1_8c968949	post
7	-66.9509500581	10.4830943855	__export__.isp_zone_1_8c968949	post
8	-66.9511785782	10.4829423078	__export__.isp_zone_1_8c968949	post
9	-66.9515859812	10.4827217483	__export__.isp_zone_1_8c968949	post
10	-66.9518925458	10.4825324078	__export__.isp_zone_1_8c968949	post
11	-66.9521052941	10.4824392756	__export__.isp_zone_1_8c968949	post
12	-66.952016186	10.4821600961	__export__.isp_zone_1_8c968949	post
13	-66.9519709268	10.4819701327	__export__.isp_zone_1_8c968949	post
14	-66.9518580829	10.4817554474	__export__.isp_zone_1_8c968949	post
15	-66.951817307	10.481489452	__export__.isp_zone_1_8c968949	post
16	-66.9517461051	10.4812854233	__export__.isp_zone_1_8c968949	post
17	-66.951642201	10.4809204352	__export__.isp_zone_1_8c968949	post
18	-66.9515293448	10.4810265885	__export__.isp_zone_1_8c968949	post
19	-66.9514527004	10.481197263	__export__.isp_zone_1_8c968949	post
20	-66.9511858274	10.4814136197	__export__.isp_zone_1_8c968949	post
21	-66.9510251638	10.4816104385	__export__.isp_zone_1_8c968949	post
22	-66.9509754371	10.4816740712	__export__.isp_zone_1_8c968949	post
23	-66.9505373351	10.4846804684	__export__.isp_zone_1_8c968949	post
24	-66.9507773254	10.4842996904	__export__.isp_zone_1_8c968949	post
25	-66.9506278666	10.4841763847	__export__.isp_zone_1_8c968949	post
26	-66.9507646763	10.4838227552	__export__.isp_zone_1_8c968949	post
27	-66.9509930288	10.4838675846	__export__.isp_zone_1_8c968949	post
28	-66.9513380742	10.4836219011	__export__.isp_zone_1_8c968949	post
29	-66.9517977135	10.4831707865	__export__.isp_zone_1_8c968949	post
30	-66.9519704923	10.4830655311	__export__.isp_zone_1_8c968949	post
31	-66.9521804985	10.482867355	__export__.isp_zone_1_8c968949	post
32	-66.9524172819	10.4827699553	__export__.isp_zone_1_8c968949	post
P-46	-66.9491700629	10.4854270428	__export__.isp_zone_1_8c968949	post
P-45	-66.9490055006	10.4859087713	__export__.isp_zone_1_8c968949	post
P-44	-66.9490642398	10.4858455484	__export__.isp_zone_1_8c968949	post
P-43	-66.9491533746	10.4857403209	__export__.isp_zone_1_8c968949	post
P-42	-66.9492234045	10.4855859787	__export__.isp_zone_1_8c968949	post
P-41	-66.9493776782	10.4853274979	__export__.isp_zone_1_8c968949	post
P-40	-66.949396231	10.4851564007	__export__.isp_zone_1_8c968949	post
P-39	-66.9494492186	10.4850004593	__export__.isp_zone_1_8c968949	post
P-38	-66.9495183641	10.484889026	__export__.isp_zone_1_8c968949	post
P-37	-66.9495721684	10.484644851	__export__.isp_zone_1_8c968949	post
P-36	-66.9496842105	10.4845507496	__export__.isp_zone_1_8c968949	post
P-35	-66.9497482352	10.4843433871	__export__.isp_zone_1_8c968949	post
P-34	-66.9499610421	10.4840794066	__export__.isp_zone_1_8c968949	post
P-33	-66.9504261616	10.4847510078	__export__.isp_zone_1_8c968949	post
P-32	-66.9502139026	10.4847809375	__export__.isp_zone_1_8c968949	post
P-31	-66.9500334306	10.4849841649	__export__.isp_zone_1_8c968949	post
P-30	-66.9497427908	10.485329942	__export__.isp_zone_1_8c968949	post
P-29	-66.949520099	10.4856006168	__export__.isp_zone_1_8c968949	post
P-28	-66.9495308806	10.4858465555	__export__.isp_zone_1_8c968949	post
P-27	-66.9494138569	10.485943293	__export__.isp_zone_1_8c968949	post
P-26	-66.9492962693	10.4859924054	__export__.isp_zone_1_8c968949	post
P-25	-66.948915053	10.4861890191	__export__.isp_zone_1_8c968949	post
P-24	-66.9489899767	10.4854305534	__export__.isp_zone_1_8c968949	post
P-23	-66.9487178747	10.4856250486	__export__.isp_zone_1_8c968949	post
P-22	-66.9489002792	10.4843170169	__export__.isp_zone_1_8c968949	post
P-21	-66.9489914297	10.484767076	__export__.isp_zone_1_8c968949	post
P-20	-66.9490492046	10.4845433669	__export__.isp_zone_1_8c968949	post
P-19	-66.9488717636	10.4849688551	__export__.isp_zone_1_8c968949	post
P-18	-66.9487313634	10.4850639601	__export__.isp_zone_1_8c968949	post
P-17	-66.9484158956	10.4852495878	__export__.isp_zone_1_8c968949	post
P-16	-66.9480480723	10.4851889301	__export__.isp_zone_1_8c968949	post
P-15	-66.9480591257	10.4853360046	__export__.isp_zone_1_8c968949	post
P-14	-66.9482304515	10.4854181806	__export__.isp_zone_1_8c968949	post
P-13	-66.9482302358	10.4855275409	__export__.isp_zone_1_8c968949	post
P-12	-66.9484992641	10.485787703	__export__.isp_zone_1_8c968949	post
P-11	-66.9485966252	10.4858923281	__export__.isp_zone_1_8c968949	post
P-10	-66.9486995	10.4861318	__export__.isp_zone_1_8c968949	post
P-09	-66.9484572361	10.486259516	__export__.isp_zone_1_8c968949	post
P-08	-66.9481956731	10.4864509957	__export__.isp_zone_1_8c968949	post
P-07	-66.9478627745	10.486580564	__export__.isp_zone_1_8c968949	post
P-06	-66.9474028561	10.4868023165	__export__.isp_zone_1_8c968949	post
MASTIL	-66.9469527754	10.4870729983	__export__.isp_zone_1_8c968949	post
P-05	-66.9466041599	10.4872722654	__export__.isp_zone_1_8c968949	post
P-04	-66.9462686392	10.487419489	__export__.isp_zone_1_8c968949	post
P-03	-66.9459714044	10.4873513638	__export__.isp_zone_1_8c968949	post
P-02	-66.9458184673	10.4871549026	__export__.isp_zone_1_8c968949	post
P-01	-66.945475966	10.486898968	__export__.isp_zone_1_8c968949	post
