Distribucion PON 1 (OLT 1). Santa Ana de Coro	-66.9108643382 10.5124792749,-66.9108871423 10.5123678743,-66.9109944306 10.5123909497,-66.9110165589 10.5122834842,-66.9110869669 10.5122933737,-66.9111171417 10.5122999667,-66.9111261575 10.512249602,-66.9111295103 10.5122243218,-66.9111456035 10.5122137731,-66.9111751078 10.5122150917,-66.9111992477 10.5122375078,-66.9111965655 10.5122744285	ff0000ff	__export__.isp_zone_11_457fdf7b	cable
Distribucion PON 1 (OLT 1). Brisavila	-66.9108643382 10.5124792749,-66.9109672038 10.5125705056,-66.9109815026 10.5125941012,-66.9110056425 10.5126171766,-66.911037829 10.5126283847,-66.9110814149 10.5126303626,-66.9110995198 10.51260465,-66.9110840971 10.5125631143,-66.9110381169 10.5125447357	ff0000ff	__export__.isp_zone_11_457fdf7b	cable
Drop PON 1 (OLT 1). Libertad	-66.9108643382 10.5124792749,-66.9104235669 10.5123828115,-66.9102876906 10.5123081433,-66.910331947 10.5121367259,-66.9103681569 10.5121433189	ff00ff44	__export__.isp_zone_11_457fdf7b	cable
Troncal 1 Brisavila	-66.9110516026 10.5125932214,-66.9108643382 10.5124792749,-66.9107172232 10.5124501513,-66.9105562907 10.5124316909,-66.9104235669 10.5123828115,-66.9103355077 10.5125447309,-66.9102434809 10.5126060487,-66.9101438507 10.5125531761,-66.9101795443 10.5127520139,-66.9102527894 10.5129268843,-66.9101838399 10.513032656,-66.909906508 10.5129776274,-66.9096980752 10.5129483564,-66.9094368514 10.5129004565,-66.9091966055 10.5128403957,-66.9091328122 10.5130277537,-66.9090235886 10.513626245,-66.908981172 10.5139945115,-66.9089490859 10.5140204126,-66.9088881959 10.5143161733,-66.9088221013 10.514637534,-66.9087427185 10.515305893,-66.9086299814 10.5156535736,-66.9086514391 10.5157775202,-66.9088885061 10.5158128653,-66.9091260944 10.515885373,-66.9094377806 10.5159739926,-66.9096151012 10.5160741577	fffa0004	__export__.isp_zone_11_457fdf7b	cable
SubTroncal Manga 4 a 5	-66.9096151012 10.5160741577,-66.9097710595 10.5152365736,-66.9102897677 10.5153298586	ff0000ff	__export__.isp_zone_11_457fdf7b	cable
Sub Troncal Manga 5 a 7	-66.9102897677 10.5153298586,-66.9108971404 10.5154993489,-66.9109079277 10.5154119185,-66.9109718265 10.5151144008,-66.9110486852 10.5148031372,-66.9110895228 10.5145490927,-66.9111356061 10.5144676766	ff0000ff	__export__.isp_zone_11_457fdf7b	cable
Sub Troncal Manga 4 a 10 y 6	-66.9096151012 10.5160741577,-66.9099928804 10.5164834779,-66.9102074571 10.5168368564,-66.9102611013 10.5173906577,-66.9102235503 10.5182345435,-66.9107009835 10.5182661892,-66.9107599921 10.5184244175,-66.9100733466 10.5187145025,-66.9098587699 10.5185826457,-66.9097198395 10.5186208135,-66.9096388288 10.5183505776,-66.9094349809 10.5180341208,-66.9092204042 10.5177387609,-66.9089843698 10.5174697721,-66.9087284332 10.5173455598	fffa0004	__export__.isp_zone_11_457fdf7b	cable
Sub Troncal Manga 4 a 8 e Iglesia	-66.9096151012 10.5160741577,-66.9096737209 10.5160427243,-66.9099258486 10.5161587592,-66.9101216498 10.5163987405,-66.9106875959 10.5165490583,-66.9106285873 10.5167995878,-66.9109611812 10.5176171037,-66.9118825857 10.5177920437,-66.9130820541 10.5181064995,-66.9143748788 10.5184018591,-66.9148898629 10.5184809732	fffa0004	__export__.isp_zone_11_457fdf7b	cable
Sub Troncal Manga 8 a 11 y 13	-66.9118825857 10.5177920437,-66.9117128973 10.5188055353,-66.9116485243 10.5190376031,-66.9115626936 10.5193329618,-66.911632431 10.5198603874,-66.9115412359 10.5197127083,-66.9111829062 10.52005763,-66.9113588457 10.5201768423,-66.9112891082 10.5203456181,-66.9112300996 10.5205882332,-66.9110160997 10.5208673535	fffa0004	__export__.isp_zone_11_457fdf7b	cable
SubTroncal Manga 13 a Manga12	-66.9110160997 10.5208673535,-66.9113790893 10.5211036816,-66.9114863777 10.5211643352,-66.9118457937 10.5209349062,-66.9121032858 10.5207344853,-66.9123017692 10.5206369119,-66.9124841595 10.5206975656,-66.9126182699 10.5205208786,-66.9122829938 10.5203441916,-66.9120710993 10.5201912385,-66.9119316244 10.5199538973,-66.9120979214 10.5197824842,-66.9125270748 10.5194950373,-66.9124419523 10.5194392533	ff0000ff	__export__.isp_zone_11_457fdf7b	cable
Distribucion PON 2 (OLT 1). Terraplen	-66.9101438507 10.5125531761,-66.9100495869 10.5123891139,-66.9099310962 10.5121723473,-66.9099534762 10.512161137,-66.9100580824 10.512382661,-66.9101533008 10.5125435296,-66.9102434809 10.5126060487,-66.9103641291 10.5126578296,-66.9105388889 10.512775,-66.910809476 10.5129509238,-66.910526883 10.5127838103,-66.9103572333 10.5126723891,-66.910155397 10.5125669016,-66.9101795443 10.5127520139,-66.9102580329 10.5129221874,-66.9101838399 10.513032656,-66.9102679865 10.5132484458,-66.9103262685 10.5136559698	ff0000ff	__export__.isp_zone_11_457fdf7b	cable
Distribucion PON 2 (OLT 1). San Francisco	-66.9101438507 10.5125531761,-66.9102434809 10.5126060487,-66.9103355077 10.5125447309,-66.9104235669 10.5123828115,-66.910443416 10.5122952145,-66.9104829786 10.5123028883,-66.9104843197 10.5122849312,-66.9104876725 10.5122658115,-66.9104923663 10.5122466919,-66.9104957191 10.512226913,-66.910500413 10.5122048907	ff0000ff	__export__.isp_zone_11_457fdf7b	cable
Drop 4 PON 2 (OLT 1). Brisavila	-66.9101438507 10.5125531761,-66.9101795443 10.5127520139,-66.9102527894 10.5129268843,-66.9101838399 10.513032656,-66.909906508 10.5129776274,-66.9096980752 10.5129483564,-66.9094368514 10.5129004565,-66.9091519279 10.5128399183,-66.9092135022 10.5125358016,-66.9092736104 10.5124785627,-66.909352065 10.5124910894	ff00ff37	__export__.isp_zone_11_457fdf7b	cable
Distribucion PON 4 (OLT 1). San Jose	-66.9091966055 10.5128403957,-66.9092619142 10.5122175087,-66.9092040247 10.5125415672,-66.9091462396 10.5128245109,-66.9086791563 10.5127425513,-66.9096766418 10.5129527665,-66.9091654945 10.5128714621,-66.9090380972 10.5134186188,-66.9089456733 10.513979393,-66.9090226495 10.514040662,-66.9095288866 10.5141467157,-66.9099287029 10.5142602521,-66.9100199964 10.5138481736,-66.9099877115 10.5142048715,-66.9103939467 10.5142933368,-66.9099877115 10.5142760752,-66.9098691431 10.5146314527,-66.9097903718 10.5151444284,-66.9097042442 10.5155424065,-66.9096189078 10.5160192418,-66.9091216255 10.5158949292,-66.9086667236 10.5157238799,-66.9087558807 10.5153078235,-66.9087549735 10.5149865053	fffa0004	__export__.isp_zone_11_457fdf7b	cable
Distribucion PON 4 (OLT 1). San Cayetano	-66.9091966055 10.5128403957,-66.9083258584 10.5126725189,-66.9083187885 10.512728364	ff00ff44	__export__.isp_zone_11_457fdf7b	cable
Drop 4 PON 3 (OLT 1). Evelyn	-66.908981172 10.5139945115,-66.9090232071 10.5136265064,-66.9090685311 10.513344777,-66.9091519279 10.5128399183,-66.9092135022 10.5125358016,-66.9090905844 10.5126561337	ff00ff44	__export__.isp_zone_11_457fdf7b	cable
Drop 4 PON 3 (OLT 1). Mary Cruz	-66.908981172 10.5139945115,-66.9090233313 10.5136263524,-66.9090685311 10.513344777,-66.9091328122 10.5130277537,-66.9091519279 10.5128399183,-66.9089465676 10.5128340817,-66.9088414734 10.5128323447,-66.9088267213 10.5128817919	ff00ff37	__export__.isp_zone_11_457fdf7b	cable
Drop 4 PON 3 (OLT 1). Edificio 2-9	-66.908981172 10.5139945115,-66.9090233313 10.5136263524,-66.9090685311 10.513344777,-66.9089646497 10.5131673463	ff00ff44	__export__.isp_zone_11_457fdf7b	cable
Drop 4 PON 3 (OLT 1). San Alfonso	-66.908981172 10.5139945115,-66.9090233313 10.5136263524,-66.9090685311 10.513344777,-66.9091918362 10.5131707054,-66.9092102764 10.5131730129	ff00ff37	__export__.isp_zone_11_457fdf7b	cable
Drop 4 PON 3 (OLT 1). Primavera	-66.908981172 10.5139945115,-66.9090233313 10.5136263524,-66.9090865472 10.5135543582	ff00ff44	__export__.isp_zone_11_457fdf7b	cable
Drop 4 PON 3 (OLT 1). Villa Rosa	-66.908981172 10.5139945115,-66.9090233313 10.5136263524,-66.9088795593 10.5135852407,-66.9088285973 10.5135826035	ff00ff37	__export__.isp_zone_11_457fdf7b	cable
Drop 2 PON 3 (OLT 1). Lourdes	-66.908981172 10.5139945115,-66.9088221013 10.514637534,-66.9089545994 10.514545543	ff00ff44	__export__.isp_zone_11_457fdf7b	cable
Drop 2 PON 3 (OLT 1). Edificio 105	-66.908981172 10.5139945115,-66.9088221013 10.514637534,-66.9087717092 10.5149380456,-66.9087222 10.5151111,-66.9091072693 10.5151172337,-66.9091155319 10.5150162777	ff00ff44	__export__.isp_zone_11_457fdf7b	cable
Drop 2 PON 3 (OLT 1). Edificio 65	-66.908981172 10.5139945115,-66.9088221013 10.514637534,-66.9087717092 10.5149380456,-66.9087222 10.5151111,-66.9091072693 10.5151172337,-66.9091839283 10.5150321007	ff00ff44	__export__.isp_zone_11_457fdf7b	cable
Drop 2 PON 3 (OLT 1). Edificio Palma Linda	-66.908981172 10.5139945115,-66.9088432447 10.5149063636,-66.9088839991 10.5149347294,-66.9089389844 10.5149597825	ff00ff37	__export__.isp_zone_11_457fdf7b	cable
Distribucion PON 3 (OLT 1) Caja 3915 y 3916	-66.908981172 10.5139945115,-66.9090626193 10.5140636739,-66.9090052662 10.5139379378,-66.9092064319 10.5129489952	ff00ff37	__export__.isp_zone_11_457fdf7b	cable
Distribucion PON 3 (OLT 1) San Lorenzo	-66.9102897677 10.5153298586,-66.9101099617 10.5153467366,-66.9099409825 10.5152953119,-66.909805531 10.5152715774,-66.909652645 10.5152346571,-66.9093576021 10.5151779581,-66.909331018 10.5152587602,-66.9093122425 10.5153115035	ff00ff37	__export__.isp_zone_11_457fdf7b	cable
Distribucion PON 1 (OLT 2)	-66.908981172 10.5139945115,-66.9089490859 10.5140204126,-66.908782402 10.513979147,-66.9087460524 10.5140986422	ff1fd5e2	__export__.isp_zone_11_457fdf7b	cable
Distribucion PON 1 (OLT 2). Brisas A	-66.9087460524 10.5140986422,-66.9088045574 10.5141621005,-66.9088534577 10.5141705816,-66.9088454111 10.5142180506,-66.9087978019 10.5142068427	ff0000ff	__export__.isp_zone_11_457fdf7b	cable
Distribucion PON 1 (OLT 2). Brisas B	-66.9087460524 10.5140986422,-66.9087790216 10.5143559955,-66.9088252897 10.5143625884,-66.9088123389 10.5144246956,-66.9087670767 10.5144154655	ff0000ff	__export__.isp_zone_11_457fdf7b	cable
Distribucion PON 1 (OLT 2). Brisas C	-66.9087460524 10.5140986422,-66.9087258615 10.5145774875,-66.9087734707 10.5145801247,-66.9087667652 10.514633857,-66.9087147974 10.514628253	ff0000ff	__export__.isp_zone_11_457fdf7b	cable
Distribucion PON 1 (OLT 2). Brisas D	-66.9087460524 10.5140986422,-66.9085953899 10.5145460392,-66.9085856669 10.514609661,-66.9085122414 10.5146001012,-66.9085243114 10.5145414242	ff0000ff	__export__.isp_zone_11_457fdf7b	cable
Drop 2  Nap 656 a 6510	-66.9102957148 10.515816308,-66.9103051025 10.5157688391,-66.9106256265 10.5158354274,-66.9105371136 10.5162929744,-66.9105156559 10.5162817665	ff00ff44	__export__.isp_zone_11_457fdf7b	cable
Distribucion PON 2 (OLT 2) Contituyente	-66.9102897677 10.5153298586,-66.9103758976 10.5154462281,-66.9100687847 10.5156941214,-66.9100674436 10.5162004559,-66.910221954 10.5162178154,-66.9103352774 10.516244187,-66.9104492712 10.5162712178,-66.9105237025 10.5158644362,-66.910407697 10.5158407018,-66.9102957148 10.515816308	ff0000ff	__export__.isp_zone_11_457fdf7b	cable
Distribucion PON 2 (OLT 2) Pirineo	-66.9102897677 10.5153298586,-66.9102470764 10.5153033605,-66.9102490881 10.5152872079,-66.9102517703 10.5152723738	ff0000ff	__export__.isp_zone_11_457fdf7b	cable
Distribucion PON 2 (OLT 2) Nap 6511	-66.9102897677 10.5153298586,-66.9088070349 10.5150685493,-66.908821787 10.5149709742	ff00ff37	__export__.isp_zone_11_457fdf7b	cable
Distribucion PON 3 (OLT 2) Panteon 1	-66.9111356061 10.5144676766,-66.9111835074 10.5142238532,-66.9113116175 10.5142831766,-66.9113220111 10.5142343889,-66.9113317341 10.5141925238,-66.9113414571 10.5141486808	ff0000ff	__export__.isp_zone_11_457fdf7b	cable
Distribucion PON 3 (OLT 2) Panteon 2	-66.9111356061 10.5144676766,-66.9113891202 10.5144994837,-66.9114544991 10.5145153067,-66.9115004319 10.5145245368,-66.9115567583 10.5145383819	ff0000ff	__export__.isp_zone_11_457fdf7b	cable
Drop 4 PON 3 (OLT 2) San Jose	-66.9111356061 10.5144676766,-66.9112678757 10.5137967316,-66.9109090246 10.5136697145,-66.9108483887 10.5139670061,-66.9109647861 10.5137123419,-66.9105956453 10.5135984927	ff00ff37	__export__.isp_zone_11_457fdf7b	cable
Distribucion PON 3 (OLT 2) San Jose	-66.9111356061 10.5144676766,-66.9110033893 10.5151791774,-66.9115103268 10.5151396199,-66.9117490434 10.5151818146,-66.9123042607 10.5154481682,-66.9124468779 10.514715979,-66.9125161552 10.5144671419,-66.9128427663 10.5146494944,-66.9134480879 10.5150317485,-66.9137177848 10.5151739031,-66.9136821439 10.515260948,-66.9137795347 10.5151863167,-66.9139659482 10.5153089449,-66.9137178439 10.5156438646,-66.9136361499 10.5156668933	ff0000ff	__export__.isp_zone_11_457fdf7b	cable
Distribucion PON 4 (OLT 2) Cotiza	-66.9096151012 10.5160741577,-66.9096309309 10.5161496256,-66.9100058763 10.5165213979,-66.9101074965 10.5166726904,-66.9102281959 10.516891574,-66.9102252141 10.5170659405,-66.9102255137 10.5177077804,-66.9103617868 10.5177549012,-66.9102201492 10.5177394261,-66.9102039714 10.5182081009,-66.9100644965 10.5182252423,-66.9099733014 10.5181184381,-66.909980007 10.5180089967,-66.9098918942 10.5180372579,-66.9099813481 10.5179918553,-66.9099867125 10.5181092081,-66.9100671787 10.5182094194,-66.9105705785 10.5182380346,-66.9106805742 10.5182951065,-66.9107503226 10.5184094384,-66.9108777489 10.5189912937,-66.9107637137 10.5184054121,-66.9104063654 10.5185314177,-66.9100877971 10.5186948263,-66.9104073476 10.5190625297,-66.910060975 10.5186855963,-66.910010013 10.5186381278,-66.9098866314 10.5186249422,-66.9098410338 10.5186104379,-66.9097677224 10.5186213695,-66.9097484976 10.5186209865,-66.9096096572 10.5183529582,-66.9094977134 10.5181410295,-66.9094251905 10.5180817892,-66.9093045943 10.517906324,-66.909236198 10.5178311654,-66.9092767199 10.5177817325,-66.9092201047 10.5177995197,-66.9089787059 10.5174909738,-66.9089358813 10.5174868587,-66.9086622053 10.5173380193,-66.908466404 10.5172008876,-66.9084194077 10.5171716802	fffa0004	__export__.isp_zone_11_457fdf7b	cable
Distribucion PON 4 (OLT 2) Jumper 8411	-66.9096096572 10.5183529582,-66.9097309444 10.518599619,-66.9097341948 10.5186352144	ff00ff44	__export__.isp_zone_11_457fdf7b	cable
Distribucion PON 5 (OLT 2) Cotiza	-66.9087284332 10.5173455598,-66.9086352364 10.5172833234,-66.9087398425 10.5172648633,-66.9089356438 10.5173334292,-66.9091448561 10.5173571635,-66.9096008316 10.5171857489,-66.9096733894 10.5173721302,-66.9095711813 10.5171260085,-66.909643747 10.5171672888,-66.9099736587 10.5170829001,-66.9098747083 10.5169053466,-66.9097510353 10.5168112736,-66.9095203052 10.5166688261,-66.9093379752 10.5165581069,-66.9089558454 10.5163763302,-66.9087639824 10.5163023029,-66.9083401934 10.5159990298,-66.9082677738 10.515985844,-66.9081473945 10.5161788468,-66.908232905 10.5159515609,-66.9080711685 10.5158457139,-66.907744743 10.5156482875,-66.9076535479 10.5155243409,-66.9075194374 10.5154056685,-66.9074014202 10.515300182,-66.9071738193 10.5151421495	ff0000ff	__export__.isp_zone_11_457fdf7b	cable
Distribucion PON 6 (OLT 2) PPPO2 A	-66.9102897677 10.5153298586,-66.9099373999 10.5152863198,-66.9099658992 10.5151570225,-66.9099699225 10.5151385623,-66.90997294 10.5151240579,-66.9099752869 10.5151085646,-66.9099786397 10.5150927416,-66.9099819924 10.5150752703	ff0000ff	__export__.isp_zone_11_457fdf7b	cable
Distribucion PON 6 (OLT 2) PPPO2 B	-66.9102897677 10.5153298586,-66.9099355633 10.5152860076,-66.9099968004 10.5149768731,-66.9100001532 10.5149636872,-66.9100028354 10.5149511607,-66.9100058529 10.5149402824,-66.9100081998 10.5149284151,-66.9100118879 10.5149148996	ff0000ff	__export__.isp_zone_11_457fdf7b	cable
Distribucion PON 6 (OLT 2) Brisas	-66.9102897677 10.5153298586,-66.9097448257 10.5151861652,-66.9099323205 10.5142110212,-66.9110791966 10.5144508066,-66.9111972419 10.513850438,-66.9112146763 10.5138029688,-66.9111556676 10.5137845086,-66.9111367528 10.5138476201,-66.9111330647 10.5138726732	ff00ff37	__export__.isp_zone_11_457fdf7b	cable
Distribucion PON 7 (OLT 2) San Jose	-66.9096151012 10.5160741577,-66.9098554073 10.5160464719,-66.9099772371 10.5162912054,-66.9101307649 10.5163898909,-66.9104626883 10.5164881249,-66.9106960404 10.5165395494,-66.9106481344 10.5166868477,-66.9106692184 10.5168393273,-66.9107810855 10.5171814178,-66.910886782 10.5175155472,-66.9108962907 10.5175475479,-66.9109819148 10.5176202054,-66.9112001253 10.5176590996,-66.9113290474 10.5176700632,-66.9118379808 10.5177992767,-66.9120362058 10.5167274726,-66.9119484552 10.5172148603,-66.9118432671 10.5177072103,-66.9118772405 10.5178066875,-66.9121611458 10.5178395657,-66.9127191926 10.5179689306,-66.9127652208 10.5179818382,-66.9129628519 10.5169361225,-66.9127888948 10.5168758407,-66.912976263 10.516909751,-66.9128676827 10.5173135659,-66.9127925317 10.5179961659,-66.9131840362 10.5180676823,-66.9138532927 10.5182377056	fffa0004	__export__.isp_zone_11_457fdf7b	cable
Fibra 2 Hilos Nap 11415	-66.9096151012 10.5160741577,-66.9098097419 10.5163780884,-66.9099732482 10.5165388861	ff00ff44	__export__.isp_zone_11_457fdf7b	cable
Fibra 2 Hilos Nap 11416	-66.9096151012 10.5160741577,-66.9086181726 10.5157713559,-66.9087221898 10.5151576764	ff00ff44	__export__.isp_zone_11_457fdf7b	cable
Distribucion PON 8 (OLT 2) San Jose	-66.9118825857 10.5177920437,-66.9127500895 10.517980897,-66.9129673485 10.5169603215,-66.9125745532 10.516816597,-66.9129646663 10.516918127,-66.9130202943 10.5165286548,-66.9132101881 10.5159974642,-66.9134835757 10.5161779891,-66.9137171256 10.5163508432,-66.9135373162 10.5170408838,-66.9136191728 10.5166799934,-66.9137546765 10.5163824891,-66.9138982664 10.5164765983,-66.9142969763 10.5166955166,-66.9140926349 10.5165037982,-66.9136500704 10.5163376574,-66.9134864556 10.5162506313,-66.9134676802 10.5161240477,-66.9133520246 10.5158260172,-66.9133925783 10.5161662423,-66.9130445461 10.515906503,-66.912592542 10.5158211855,-66.9122633683 10.5157337482,-66.9121557723 10.5159793362,-66.9122901904 10.515438386,-66.9118212952 10.5151791058,-66.9123009192 10.5154067401,-66.9123599278 10.5151825811,-66.9119582921 10.5149851542,-66.9123599278 10.5150981918,-66.9124423519 10.5147683776,-66.9127081874 10.5149498538,-66.9130436959 10.5152435706,-66.9132215336 10.5153854745,-66.9131665484 10.5155173327,-66.913172339 10.5156567947	fffa0004	__export__.isp_zone_11_457fdf7b	cable
Distribucion PON 9 (OLT 2) Providenza	-66.9118825857 10.5177920437,-66.9119908902 10.5172650832,-66.9119935456 10.5172624526	ff00ff44	__export__.isp_zone_11_457fdf7b	cable
Distribucion PON 9 (OLT 2) Berthel	-66.9118825857 10.5177920437,-66.9119519982 10.517262446,-66.9120217356 10.5169354396,-66.9121061984 10.5169774453	ff00ff37	__export__.isp_zone_11_457fdf7b	cable
Distribucion PON 9 (OLT 2) San Jose	-66.9118825857 10.5177920437,-66.9113033974 10.5176936194,-66.9110445642 10.5176619737,-66.91086507 10.5175291527,-66.9106274807 10.5168339092,-66.9106102601 10.516728778	ff00ff37	__export__.isp_zone_11_457fdf7b	cable
Distribucion PON 9 (OLT 2) Hosp. Vargas	-66.9118825857 10.5177920437,-66.9119377398 10.5173389233,-66.9120852613 10.5166005212,-66.9119077149 10.5165898038,-66.9117024624 10.5165677653,-66.9117306256 10.5163627266,-66.9119238082 10.5163906987	ff0000ff	__export__.isp_zone_11_457fdf7b	cable
Distribucion PON 9 (OLT 2) Naps 1387, 1388 y 1389	-66.9118825857 10.5177920437,-66.9120637485 10.5168327587,-66.9125323709 10.5168270985,-66.9120637485 10.5167747414,-66.9123690966 10.5152532989,-66.9124338933 10.514765225,-66.9126270124 10.5148232427,-66.9127879449 10.514999933,-66.9129086443 10.5151449772,-66.9130695769 10.5152557381,-66.9131523884 10.5153154898	ff00ffee	__export__.isp_zone_11_457fdf7b	cable
Distribucion PON 9 (OLT 2) Naps 13810 y 13811	-66.9118825857 10.5177920437,-66.912749862 10.5179830066,-66.9132444433 10.5159634397,-66.9134096854 10.5161317276,-66.9137476438 10.516374346,-66.9136523832 10.5166862514	ff00ffee	__export__.isp_zone_11_457fdf7b	cable
Distribucion PON 9 (OLT 2) Naps 13812 a 13816	-66.9118825857 10.5177920437,-66.9117421643 10.517756045,-66.9111262979 10.5176244358,-66.9109626831 10.5175136757,-66.9108875813 10.5173238012,-66.9108120104 10.5173365907,-66.9109412254 10.5175980644,-66.9118202314 10.5178406816,-66.9120482192 10.5167699998,-66.9128794065 10.5169191947,-66.9120562658 10.5167357168,-66.9121299898 10.5164254142,-66.9123514292 10.5153430564	ff00ff04	__export__.isp_zone_11_457fdf7b	cable
Distribucion PON 10 (OLT 2) Cotiza	-66.9087284332 10.5173455598,-66.9087223012 10.5173536409,-66.9084166891 10.5171684694,-66.9081358774 10.5168859293,-66.9081050255 10.5168980598,-66.9081150903 10.5168727436,-66.9076705141 10.5165318916,-66.9076578445 10.5164984481,-66.9070611574 10.5162142867,-66.9070068425 10.5161839222,-66.9069243647 10.5161153933,-66.9068029948 10.5159070578,-66.9067144819 10.5158866198,-66.9067059424 10.5162708834,-66.9065964032 10.5163927676,-66.9066338742 10.5165086696,-66.906877423 10.5166647955,-66.9069900758 10.5167050121,-66.9070565198 10.5167946931,-66.9073108679 10.5169848071,-66.9075542783 10.5171087531,-66.90777489 10.5172636856,-66.907814248 10.5173019242	ff0000ff	__export__.isp_zone_11_457fdf7b	cable
Distribucion PON 11 (OLT 2). Cotiza	-66.9097198395 10.5186208135,-66.9098175942 10.5186470648,-66.9098336875 10.5187172358,-66.9095466911 10.5192354324,-66.9094608604 10.5191945569,-66.909321449 10.5190614156,-66.9092489659 10.5189664449,-66.9092462837 10.518917658,-66.9091347348 10.5189006869,-66.9092167794 10.5187620671,-66.9090571329 10.5186392313,-66.9088707047 10.5185943721,-66.9089391708 10.5184851678,-66.9085122687 10.5179361297,-66.9081491396 10.5175984589	ff0000ff	__export__.isp_zone_11_457fdf7b	cable
Distribucion PON 11 (OLT 2). Pelayo	-66.9097198395 10.5186208135,-66.9098473818 10.5185781583,-66.910083119 10.5187015162,-66.9107590357 10.5184002233,-66.9108818428 10.5189687894,-66.9109492127 10.5192120167,-66.9107519194 10.5194914781	ff00ff37	__export__.isp_zone_11_457fdf7b	cable
Distribucion PON 12 (OLT 2). Sol de Caraballo A	-66.9111829062 10.52005763,-66.9112785884 10.5199383643,-66.9113208332 10.5199719877,-66.9113986173 10.5198777104,-66.9113717952 10.5198302422,-66.9114556142 10.5197326685,-66.9114844479 10.5197511284,-66.9114965179 10.5197161865,-66.9114442148 10.5196898152	ff00ff37	__export__.isp_zone_11_457fdf7b	cable
Distribucion PON 12 (OLT 2). Sol de Caraballo B	-66.9111829062 10.52005763,-66.9112705418 10.5199495721,-66.9113221743 10.5199851733,-66.911433486 10.51983222,-66.9113798418 10.519790026	ff00ff37	__export__.isp_zone_11_457fdf7b	cable
Distribucion PON 12 (OLT 2). Sol de Caraballo C	-66.9111829062 10.52005763,-66.9112752356 10.5199482535,-66.9113188215 10.5199831954,-66.9113717952 10.5199271565,-66.9114227571 10.519958802,-66.9113717952 10.5200194559	ff00ff37	__export__.isp_zone_11_457fdf7b	cable
Distribucion PON 12 (OLT 2). Sol de Caraballo D	-66.9111829062 10.52005763,-66.9112698712 10.5199522092,-66.9113261976 10.5199911068,-66.9113644191 10.5199515499,-66.9114281216 10.5200115445,-66.911466343 10.5199759433,-66.9114992001 10.5200089074,-66.9114267805 10.5200827469	ff00ff37	__export__.isp_zone_11_457fdf7b	cable
Distribucion PON 12 (OLT 2). Sol de Caraballo E	-66.9111829062 10.52005763,-66.9112233399 10.5200185186,-66.9112497547 10.5200181373,-66.9112155565 10.5199858326	ff00ff37	__export__.isp_zone_11_457fdf7b	cable
Distribucion PON 12 (OLT 2). Sol de Caraballo F	-66.9111829062 10.52005763,-66.9111399174 10.5201106868,-66.9112148859 10.5201829576,-66.9111826994 10.5202264701	ff00ff37	__export__.isp_zone_11_457fdf7b	cable
Distribucion PON 12 (OLT 2). Sol de Caraballo G	-66.9111829062 10.52005763,-66.9111472935 10.5201103572,-66.9112445236 10.5201789224,-66.9112073079 10.5202230942,-66.9113028616 10.5202883629,-66.911339742 10.5202567175,-66.9115863719 10.5201763647,-66.91151127 10.5202541598	ff00ff37	__export__.isp_zone_11_457fdf7b	cable
Distribucion PON 13 (OLT 2) Cotiza	-66.9097198395 10.5186208135,-66.9095340809 10.5187765623,-66.9094030751 10.5188002965,-66.9092984689 10.5187010395,-66.9092157132 10.5186215981,-66.9091911806 10.5185942355,-66.9091160787 10.5185335814,-66.9090517057 10.5184465558,-66.9089564873 10.5182975575,-66.9088753505 10.5181709748,-66.9088510142 10.5181203473,-66.908799417 10.5179796238,-66.9086934697 10.5178569967,-66.9085889908 10.517757706,-66.9085004779 10.5176390345,-66.9084588704 10.5176107011,-66.9084582331 10.5175698094,-66.9083933251 10.5174590513,-66.9083597975 10.5174010341,-66.9082665907 10.5173159861,-66.9081968533 10.5172645617,-66.9081411974 10.5172315974,-66.9080667661 10.5171867659,-66.908010487 10.5171157974,-66.9078669846 10.5169923607,-66.9078254103 10.516958737,-66.9077147692 10.5168917292,-66.9076423496 10.5168732692,-66.9075786471 10.516861402,-66.9075296968 10.516827119,-66.9074756064 10.5167994289,-66.9074505228 10.5167990345	ff00ff04	__export__.isp_zone_11_457fdf7b	cable
Distribucion PON 13 (OLT 2) Caja 17106	-66.9097198395 10.5186208135,-66.9098724973 10.5185798125,-66.9100783568 10.5186813423,-66.910132001 10.5187307886,-66.9103281368 10.5189441598,-66.9104073476 10.5190625297	ff00ff44	__export__.isp_zone_11_457fdf7b	cable
Distribucion PON 13 (OLT 2) Caja 17106 2	-66.9103617868 10.5177549012,-66.9104573924 10.5177666986	ff00ff44	__export__.isp_zone_11_457fdf7b	cable
Drop 2 Nap 17108	-66.9097198395 10.5186208135,-66.9098390603 10.5185687246,-66.9101260567 10.5187032185,-66.9107282126 10.5183959921,-66.9107630813 10.5185146633	ff00ff44	__export__.isp_zone_11_457fdf7b	cable
Distribucion PON 18 y 19 (OLT 2 ). El Retiro	-66.9124419523 10.5194392533,-66.9125645087 10.5194709484,-66.9127468989 10.5192705265,-66.9130840144 10.5195142597,-66.9135742971 10.5198481124,-66.9141409003 10.5201686535,-66.9146566317 10.5203596596,-66.9146512673 10.5201882466,-66.9145999429 10.5200911073,-66.9141221258 10.519959474,-66.9146780894 10.5200985844,-66.9146780894 10.5199271714,-66.9144289551 10.5198664581,-66.9141738341 10.5197689438,-66.9140263126 10.5197030157,-66.9140382944 10.5195158312,-66.9139860795 10.5196740073,-66.9136842707 10.5195417282,-66.9135506987 10.5193766009,-66.9134091871 10.5192094662,-66.9133959935 10.5194946826,-66.9134132661 10.5195693419,-66.9130319424 10.5192524423,-66.9128913761 10.5190332875,-66.9128479857 10.5187511104,-66.9124123428 10.518596716,-66.911888592 10.5187325514,-66.91211954 10.5187305556,-66.9125537799 10.518861771,-66.9126555556 10.5189083333	fffa0004	__export__.isp_zone_11_457fdf7b	cable
Distribucion PON 15 (OLT 2) El Retiro	-66.9124419523 10.5194392533,-66.9128244961 10.519648732,-66.9131408063 10.5199748805,-66.9137130084 10.5203500909,-66.9144202673 10.5205861784,-66.9146470517 10.52070251,-66.914459297 10.5208581,-66.9143734663 10.5209134794,-66.9145022124 10.5211982879,-66.9143042645 10.5213486458,-66.9144646615 10.5211956508,-66.9143412798 10.5209134794,-66.9142069897 10.5209377966,-66.9138812837 10.5207387121,-66.9136412233 10.5205100003,-66.9135956257 10.5204598951,-66.9133395994 10.5205075576,-66.9131557435 10.5204678064,-66.9130055397 10.5203834186,-66.9129479096 10.5204012147,-66.9129840821 10.5203464989,-66.9129798798 10.5201885492,-66.9128046836 10.5201091578,-66.9126035179 10.5200827866,-66.9124976322 10.5201121956,-66.9121636356 10.5199482933,-66.9121207203 10.5198032514,-66.9122652796 10.5197526597,-66.9121034004 10.519518802,-66.9120931804 10.5194912932	ffff002b	__export__.isp_zone_11_457fdf7b	cable
Distribucion PON 15 (OLT 2) El Retiro 201214	-66.9120931804 10.5194912932,-66.9122693412 10.5197180416,-66.9118831031 10.5199356045,-66.9118334822 10.5200068069,-66.9116940074 10.5200279039,-66.9115786724 10.5195927781,-66.9116870403 10.5195603344	ff00ff37	__export__.isp_zone_11_457fdf7b	cable
Distribucion PON 15 (OLT 2) El Retiro 201215 y 201216	-66.9120931804 10.5194912932,-66.9122814112 10.5197246344,-66.9118871264 10.5199606572,-66.9120172136 10.5201834941,-66.9122358136 10.5203628184,-66.9122841179 10.5203724534,-66.9128491425 10.5206807901	ff00ff37	__export__.isp_zone_11_457fdf7b	cable
