Troncal 1. Carapita	-66.9727629289 10.4708608212,-66.9726515592 10.4708626962,-66.9725442709 10.470788845,-66.9724906267 10.4707651071,-66.9723296942 10.4710103986,-66.9722975077 10.4710578743,-66.97250672 10.4713743792,-66.9726569237 10.4717172591,-66.9727109315 10.4717906241,-66.9727766456 10.4719943737,-66.9727749716 10.472034522,-66.9727722894 10.4721874989,-66.9727903943 10.4722758563,-66.9728225808 10.4723075066,-66.9728869538 10.4723134411,-66.973004971 10.4722560748,-66.9731001894 10.4722000272,-66.9731524925 10.4722165118,-66.9732262533 10.4723258944,-66.9732249122 10.4725349186,-66.9732128422 10.472695978,-66.9731920551 10.4728364263,-66.9731866907 10.4730466782,-66.9732617925 10.4731666856,-66.9733047079 10.4732537238,-66.9732926704 10.4733405938,-66.9733246108 10.4734486544,-66.9733128055 10.4735048055,-66.9733201816 10.4735826123,-66.9733523681 10.4736412971,-66.9735953318 10.4738360859,-66.9738867901 10.4741068628,-66.9740598071 10.4743114082,-66.974071877 10.4743740491,-66.9740819353 10.4744538339,-66.9741307341 10.4746930391,-66.9742173554 10.4748906063,-66.974309221 10.4751398508,-66.9744315305 10.4753961545,-66.9745313185 10.4755327997,-66.974798105 10.475757964,-66.9750435031 10.4759728968,-66.9752681088 10.4762018981,-66.9754163009 10.4763463011,-66.9754923657 10.4764494228,-66.9756372339 10.4765014555,-66.9758997144 10.476691441,-66.9761836514 10.4768966286,-66.9764212411 10.4770391802,-66.9766940677 10.4772281425,-66.9767638051 10.4772749579,-66.9769106561 10.4771615459,-66.9768979156 10.4771173679,-66.9767208898 10.4769912321,-66.9766234176 10.4769024,-66.976531552 10.4767810754,-66.9763920771 10.476562947,-66.9762747305 10.476363816,-66.9761969464 10.4762780974,-66.9761030691 10.4761462225,-66.9760419182 10.4760018537,-66.9759768746 10.4758376693,-66.9758957378 10.475707113,-66.9758420936 10.4756220535,-66.9758214322 10.4755571044,-66.9759508487 10.4755360044,-66.9759688496 10.4754963699	ffff00fb	__export__.isp_zone_10_cc081805	cable
SubTroncal Manga 3 a Manga 4	-66.976736315 10.4756711833,-66.977074764 10.4757077105,-66.9771874168 10.4756602355,-66.977471731 10.4755969354,-66.9776407102 10.4756549604,-66.977831147 10.4759371731,-66.9778763545 10.476059897	ff00ff04	__export__.isp_zone_10_cc081805	cable
Subtroncal Manga 4 a Manga 6	-66.9778763545 10.476059897,-66.9781826087 10.4762551885,-66.9786144444 10.476278926,-66.9788290211 10.4761918886,-66.9787136861 10.4760468261,-66.978429372 10.4759255011,-66.978314037 10.4757725261,-66.978391821 10.4756327385,-66.9785822579 10.4755087758,-66.9788156101 10.4752951379,-66.9790033647 10.4749865496,-66.9789926359 10.4748757742,-66.9783006259 10.4742216713,-66.9781128713 10.4738972568,-66.9776649424 10.4731534759,-66.9774959632 10.4729108236,-66.9772331068 10.4728079601,-66.9769461104 10.4727314718,-66.9767342159 10.4725758576,-66.97654778 10.4724541621	fffa0004	__export__.isp_zone_10_cc081805	cable
SubTroncal San Jose Manga 1 a 7, 8 y 9	-66.9732926704 10.4733405938,-66.9731561857 10.4730049102,-66.972775312 10.4729020467,-66.9726385193 10.4728150083,-66.9725285488 10.4727728079,-66.9724749046 10.4727121448,-66.9724534469 10.4725222427,-66.9724534469 10.4724061914,-66.9723837095 10.4721028753,-66.9723032432 10.4720342994,-66.9721905904 10.4720079241,-66.9720779377 10.4720158367,-66.9719733315 10.4720606747,-66.971941145 10.4721556259,-66.9719626027 10.4723508033,-66.972005518 10.4726936821,-66.9720457511 10.4731024986,-66.9721101242 10.4733873511,-66.9721664506 10.4735878027,-66.9722281414 10.4737275912,-66.972351523 10.4738541921,-66.9724695402 10.4739544178,-66.9726030283 10.4740833755,-66.9728131132 10.4742982883,-66.9729230838 10.4744591766,-66.9730920629 10.4746807276,-66.9732288556 10.4748202622,-66.9733522372 10.475041813,-66.9734058814 10.4751895134,-66.9733924704 10.4753635888,-66.9733629661 10.4754005138,-66.9732932286 10.4755693141,-66.9733254151 10.4756378892,-66.973382785 10.4757793639,-66.9733801028 10.4758637639,-66.9733532807 10.4759613514,-66.973382785 10.4760404764,-66.9736295482 10.4760985014,-66.9737046501 10.4761169639,-66.9737797519 10.4761934513,-66.9738119384 10.4762963137,-66.9738950869 10.476483576,-66.9739077133 10.4765495254,-66.9739862715 10.4766213671,-66.9740667378 10.4767426918,-66.9741954839 10.4770354535,-66.9742732679 10.4773440397,-66.9742652213 10.4775102014,-66.9743269121 10.4775735011,-66.9744529759 10.4776684506,-66.974710468 10.4778452307,-66.9747620616 10.4780463006,-66.9748157058 10.4781307,-66.9749469196 10.4782172921,-66.9753117 10.478375541,-66.9756630694 10.4785707144,-66.9757542645 10.4786340138,-66.9758669173 10.4787157756,-66.9759259258 10.4787738001,-66.9760627185 10.4788239121,-66.9761807357 10.4788661118,-66.9762665664 10.4789478735,-66.9762960707 10.4790665598,-66.9762960707 10.4791588714,-66.976361628 10.479252614	fffa0004	__export__.isp_zone_10_cc081805	cable
Troncal Manga 9 a T1 y T2	-66.976361628 10.479252614,-66.9764510918 10.4796221047,-66.9764121997 10.4797117786,-66.9764510918 10.4800744303,-66.97659459 10.4802907023,-66.9766763973 10.4802841087,-66.9767890501 10.4801232234,-66.9769379127 10.4799333259,-66.9770304489 10.4799455819,-66.9773603606 10.4801974598,-66.9775789604 10.4806437243,-66.9777184353 10.4809101077,-66.9780535893 10.4813203517,-66.9782728349 10.4816422766,-66.9783841466 10.4818282169,-66.9785410558 10.4820339379,-66.9785754777 10.4821018086,-66.9786237575 10.4822943422,-66.9786613084 10.4824578639,-66.9787270225 10.4826530347,-66.9788396753 10.4827822694,-66.9789295293 10.4828363369,-66.9790569545 10.4828956993,-66.9793627263 10.4829167988,-66.9796819092 10.4828745998,-66.9798991681 10.4828139386,-66.9801217915 10.4827822893,-66.9804436566 10.4828324007,-66.9806072713 10.482887787,-66.9807467462 10.4830592206,-66.9808379413 10.4831541684,-66.9809908272 10.4831831802,-66.9811973573 10.4832385664,-66.9814575316 10.4834680235,-66.9816238285 10.4836183573,-66.9816805621 10.4836083169,-66.9817686678 10.4837053926,-66.9819161893 10.4838003402,-66.9820234777 10.4838188023,-66.9820851685 10.483768691,-66.9822273256 10.4836368193,-66.9822890164 10.4835787958,-66.9823292495 10.4835864141,-66.9824901821 10.4836971864,-66.9826081993 10.4837710345,-66.9827423097 10.4837868591,-66.9829434754 10.4837763094,-66.9831151368 10.483810596,-66.9831982852 10.4838844441,-66.9832760693 10.4839477425,-66.9834665061 10.4839925788,-66.9836596252 10.483987304,-66.9838259221 10.4839266431,-66.984025198 10.4839319179,-66.9843524275 10.4838396078,-66.9844811736 10.4838185083,-66.9846394239 10.4838765318,-66.9847708521 10.4839451051,-66.9849907933 10.4839530174,-66.9850551663 10.4839530174,-66.9851764181 10.4843283859,-66.9853024819 10.4844444327,-66.9854795077 10.4845182807,-66.9857745507 10.4845974035,-66.9859891274 10.4847319122,-66.9861822464 10.4848453215,-66.9863673189 10.484879608,-66.9866033533 10.484879608,-66.986692143 10.4846694	ffff00fb	__export__.isp_zone_10_cc081805	cable
SubTroncal T1 a Manga 11	-66.9816805621 10.4836083169,-66.9818308518 10.4837123371,-66.9819837377 10.4837835478,-66.9820454285 10.483754536,-66.982141988 10.4836490387,-66.9822274916 10.4835371075	ff00ff04	__export__.isp_zone_10_cc081805	cable
SubTroncal Manga T2 a Manga 12 y 13	-66.986692143 10.4846694,-66.9865106167 10.4847720008,-66.9863228621 10.4847720008,-66.9859795394 10.4845926558,-66.9857649626 10.4844871588,-66.9854860129 10.4844027611,-66.9852928939 10.4843500125,-66.9850997748 10.4838594504,-66.9850193085 10.4836906547,-66.9850354018 10.4835007593,-66.9846641818 10.483395728,-66.9850783171 10.4834216363,-66.9852446141 10.483347788,-66.9853572669 10.4832422905,-66.9853787245 10.4830840442,-66.9852714362 10.4828308499,-66.9849763932 10.4823455603,-66.9847135367 10.4819552181,-66.9844935956 10.4818075209,-66.9842200102 10.4816809233,-66.9840054335 10.4815226762,-66.9838337722 10.4813538791,-66.9834743561 10.4809107865,-66.9833509745 10.4807578139,-66.9832329573 10.4805837416,-66.9829505241 10.4804454518,-66.9827359474 10.4802872041,-66.9825589216 10.4801817055,-66.9823014295 10.4800762069,-66.982269243 10.4799865331,-66.9823282516 10.4798810345,-66.9825309931 10.4797725553	ff0000ff	__export__.isp_zone_10_cc081805	cable
Subtroncal Manga 2 a Caja Paso 2	-66.9754923657 10.4764494228,-66.9756939857 10.4765261414,-66.9758441894 10.4763678917,-66.9757905452 10.4762518418,-66.9754955022 10.4760250169,-66.9752219169 10.4757770919,-66.9748732297 10.4754605915,-66.9748625009 10.4752970662,-66.974889323 10.4752495911,-66.9748303144 10.4751071657,-66.9748034923 10.4748908901,-66.9748732297 10.4746482391,-66.9748625009 10.4745638388,-66.9748088567 10.4743528377,-66.9747069328 10.4741893118,-66.974547872 10.4738168719,-66.9744626061 10.4736368925,-66.9744269855 10.4735709724,-66.974401742 10.4734005955,-66.9743890015 10.4733082822,-66.9743782727 10.4732186064,-66.9743725017 10.473153281	ff0000ff	__export__.isp_zone_10_cc081805	cable
Jumper paso Manga 5 a P2	-66.9743954448 10.4732176291,-66.9743725017 10.473153281	ff00ff44	__export__.isp_zone_10_cc081805	cable
Troncal Manga 3 a Manga 9	-66.9759688496 10.4754963699,-66.9757905283 10.4755541815,-66.9761351922 10.4762425692,-66.9765294769 10.4768267743,-66.9769207531 10.4771677173,-66.9774317139 10.477117605,-66.9777106636 10.4771650798,-66.9778715962 10.4772969543,-66.9783490294 10.4777189522,-66.9785153264 10.4777980767,-66.9787084454 10.4778772012,-66.9789283865 10.4779405008,-66.9791429633 10.4780829249,-66.9793629044 10.4781040247,-66.9794970148 10.4782939234,-66.9795613879 10.4784785469,-66.9795281258 10.4785114988,-66.9794838693 10.4785827107,-66.9794432883 10.4786387865,-66.9794473116 10.4787390106,-66.9794794981 10.4788089037,-66.9796582278 10.479134777,-66.9797145542 10.4791453268,-66.9797588107 10.4790978523,-66.9798513469 10.4789686161,-66.9799116966 10.4789224603,-66.9800136205 10.4789013605,-66.9800659236 10.4788908106,-66.9801061568 10.478873667,-66.9801544365 10.4788024552,-66.980198693 10.478707506,-66.9802188095 10.4786099194,-66.9802429494 10.4785690385,-66.9802711126 10.4785690385,-66.9802858648 10.4786165131,-66.9803205355 10.4787868201,-66.9803500398 10.4788461633,-66.9805015847 10.4790876444,-66.9805431589 10.4792010557,-66.9805914387 10.4794028223,-66.9805822677 10.4795864661,-66.980634456 10.4798271386,-66.9807176044 10.4800856103,-66.9807672253 10.4802702328,-66.9807497909 10.4804772736,-66.9806261076 10.4804755263,-66.9805536879 10.4804939886,-66.9805080904 10.4805256381,-66.9802801026 10.4807392724,-66.9800902187 10.4808875514,-66.9800419389 10.4808915075,-66.9799413561 10.4809033761,-66.9798287033 10.4809337069,-66.9796074662 10.4810723485,-66.9794063006 10.4812081775,-66.9791879138 10.4814148507,-66.9790833076 10.4814095758,-66.9790229579 10.4813897949,-66.9789505383 10.4813462769,-66.9789009174 10.4812869342,-66.9788244745 10.481213115,-66.9787386438 10.4810904733,-66.9786823174 10.4809770626,-66.9786608597 10.4808965922,-66.9786380609 10.4808029624,-66.9785832214 10.4807060462,-66.9785228717 10.4806097789,-66.9783565748 10.4803935071,-66.97820503 10.4802392155,-66.9780803904 10.4801131232,-66.9779784665 10.4799707001,-66.9778845892 10.4798678389,-66.9778483794 10.479778165,-66.9778000996 10.4796673914,-66.9777437732 10.4795829924,-66.9776311204 10.4795144181,-66.9775493131 10.4794761748,-66.9775090799 10.4794432065,-66.97749701 10.4794160881,-66.9774903045 10.4793831197,-66.9774608002 10.4792894894,-66.9774058149 10.4792446524,-66.9773253486 10.4792209152,-66.9772368357 10.4792327838,-66.9771590516 10.4792420149,-66.9770598099 10.4792420149,-66.9769471571 10.4792301463,-66.9768492565 10.4792341025,-66.9767500148 10.4792486086,-66.9766574786 10.4792644335,-66.9765636012 10.4792763021,-66.9764961576 10.4792784723,-66.9764653122 10.4792309978,-66.9764277613 10.4791676984,-66.976347295 10.479014725,-66.9763312018 10.4789975814,-66.9763191318 10.4791175865,-66.9763365662 10.4791795671,-66.976361628 10.479252614	ff00a2ff	__export__.isp_zone_10_cc081805	cable
Troncal de 24	-66.986692143 10.4846694,-66.9867733146 10.4847042193,-66.9869649789 10.4844170723,-66.9871989654 10.4842501394,-66.9873942526 10.4841428199,-66.9876253033 10.4840937764,-66.9878490657 10.484014601,-66.988102969 10.4839538143,-66.9883820452 10.4838772452,-66.9886233257 10.4837743155,-66.9888474579 10.4836223406,-66.9890584337 10.4833850314,-66.9892646555 10.4830800721,-66.9894751018 10.4828042447,-66.9896931825 10.4825068711,-66.9894855128 10.4822622143,-66.9894723587 10.4819903056,-66.9892016808 10.4816911571,-66.9891811173 10.4815719096,-66.9892861903 10.4813258411,-66.9892887855 10.4806969171,-66.9890953657 10.4804409485,-66.9890561458 10.4803912711,-66.9889999873 10.4802584191,-66.9887825349 10.4795181943,-66.9886406663 10.4792926469,-66.9885607997 10.4791650943,-66.9881625417 10.4790446928,-66.9878074947 10.478798923,-66.9875747546 10.4785101823,-66.9874608181 10.4781844124,-66.9871834741 10.4778371144	fffa0004	__export__.isp_zone_10_cc081805	cable
Alimentacion Manga T5 a Manga 14	-66.9871834741 10.4778371144,-66.9870360028 10.4775329981,-66.9868643414 10.4769844004,-66.9867248665 10.4765307516,-66.9863278996 10.476235352,-66.9861503129 10.4762622785	ff00ff04	__export__.isp_zone_10_cc081805	cable
SubTroncal Manga T5 a Manga 15	-66.9871834741 10.4778371144,-66.9875739402 10.4782592228,-66.9871555156 10.4785335206,-66.9870804138 10.4788130932,-66.9870696849 10.4790346411,-66.987493474 10.4793247631,-66.9875042028 10.4794513617,-66.9873110838 10.4796676342,-66.9871769733 10.4796307096,-66.9869731254 10.4796307096,-66.9868604726 10.4796465344,-66.9866834468 10.4796043349,-66.9864098615 10.4795463106,-66.9862382002 10.4795463106,-66.986120183 10.4796676342,-66.9859807081 10.4797784078,-66.9858948774 10.4798153324	ff00ff04	__export__.isp_zone_10_cc081805	cable
Troncal lomas de Paya	-66.986692143 10.4846694,-66.9866630808 10.4847956718,-66.9867552817 10.4847139116,-66.9869551063 10.4844531361,-66.9872749597 10.484211152,-66.9875331223 10.4840993909,-66.9880061969 10.4839635632,-66.9882053509 10.4841389524,-66.9881785288 10.484311704,-66.9881808758 10.4845718203,-66.9883039221 10.4848543545,-66.9886690378 10.4851461194,-66.9889382645 10.4849829289,-66.9894938171 10.4848939159,-66.989595741 10.4846420418,-66.9899813086 10.4843222537,-66.990127489 10.4839767503,-66.9904879108 10.4837308097,-66.9909787551 10.4838396039,-66.9911487401 10.4837317988,-66.9915115088 10.4834551978,-66.9919668138 10.4832053006,-66.9921418279 10.4830374935,-66.9925361127 10.4829870525,-66.9926705584 10.4828086955,-66.9928375259 10.4824503329,-66.9932871312 10.4822495574,-66.9936143607 10.4821638404,-66.9938829169 10.4821483454,-66.994009316 10.4824302224,-66.9941917062 10.4826702298,-66.9942963123 10.4828739722,-66.9941226393 10.4830259547,-66.9939439371 10.4832303562,-66.9937156141 10.4832837644,-66.9935429469 10.4837130071,-66.9935255126 10.4838630111,-66.9935412705 10.4840380706,-66.9934842736 10.4843248911,-66.9936884627 10.4846642502,-66.9936944917 10.4846769877	fffa0004	__export__.isp_zone_10_cc081805	cable
Troncal 1. Carapita Continuacion	-66.9759688496 10.4754963699,-66.9765324671 10.4756263457,-66.976736315 10.4756711833	ffff00fb	__export__.isp_zone_10_cc081805	cable
SubTroncal MiniManga 2 a Manga 4	-66.976736315 10.4756711833,-66.9770396889 10.4757993343,-66.9771684349 10.4757782343,-66.9773803294 10.4756964717,-66.9774929822 10.4756542717,-66.9776512325 10.4757782343,-66.9777692497 10.4759470343,-66.9778763545 10.476059897	fffa0004	__export__.isp_zone_10_cc081805	cable
Distribucion Manga T7 a Manga 16	-66.9936884627 10.4846642502,-66.9937094359 10.4846955639	ff00ff04	__export__.isp_zone_10_cc081805	cable
Distribucion Manga T7 a Manga 17	-66.9936884627 10.4846642502,-66.9936154008 10.4848969983,-66.9936583162 10.485094805,-66.9939126224 10.4856043224,-66.9941057414 10.4858522395,-66.9943873734 10.4861660919,-66.994510755 10.4862267524,-66.9946368188 10.4861581796,-66.9948460311 10.4858126783,-66.9948567599 10.4856702578,-66.9949104041 10.4853748669,-66.9949425906 10.485237721,-66.9951813072 10.4850161776,-66.9953586213 10.4847844862	ff00ff04	__export__.isp_zone_10_cc081805	cable
Troncal el Refugio	-66.97654778 10.4724541621,-66.9769688615 10.4725713695,-66.9772424468 10.4723761923,-66.9774570235 10.4722443157,-66.9778539905 10.4721282643,-66.9780041942 10.4721440895,-66.9781651267 10.4722917913,-66.9783850679 10.4725133438,-66.9784226188 10.4727190711,-66.9784977206 10.4728984229,-66.9786264667 10.4729458983,-66.9788195857 10.4728403973,-66.9790395269 10.4727770967,-66.9791878355 10.4727532606,-66.9792683018 10.4728587616,-66.9794614209 10.4730803138,-66.9796652688 10.4732016399,-66.9799013031 10.473106689,-66.9800461424 10.4725264331,-66.9802446259 10.472341806,-66.9802982701 10.4722679551,-66.9803105389 10.4722851112,-66.9801641596 10.4727849109,-66.9802929057 10.4729062371,-66.9805557621 10.4730275633,-66.9808293475 10.4732016399,-66.9808829916 10.4734073666,-66.9807917965 10.4736289184,-66.9807917965 10.4739137704,-66.9808722628 10.4741036716,-66.9807917965 10.4744096233,-66.9805124111 10.4748313187,-66.9805982418 10.4754748704,-66.9807055302 10.4758124708,-66.9806411572 10.4763821705,-66.9808771916 10.4769096693,-66.9810595818 10.4772261682,-66.9814672775 10.4774688171,-66.981896431 10.4775637667,-66.9821646519 10.4774371673,-66.9824757881 10.4773844175,-66.9831503637 10.4772749618	ff00ff04	__export__.isp_zone_10_cc081805	cable
Troncal El Jabillo	-66.97654778 10.4724541621,-66.977021474 10.4725658861,-66.9772172753 10.4723548837,-66.9773862545 10.4722388323,-66.9774050299 10.47204893,-66.9773513857 10.4717772639,-66.9772467796 10.4716163742,-66.9769426024 10.471345736,-66.9767172968 10.4711136324,-66.9764919913 10.4709131792,-66.9759984648 10.470781302,-66.9758196051 10.4704454996,-66.9760449106 10.4704771502,-66.9761736567 10.4704243993,-66.9763024027 10.4703188974,-66.976318496 10.470245046,-66.9763453181 10.4701817448,-66.9763419449 10.4701809121,-66.9763230461 10.4701730411,-66.975433367 10.4698019375,-66.9752831633 10.4696225839,-66.9751691695 10.4693891584,-66.9751959916 10.4692018919,-66.9752550002 10.4690541886,-66.9753381486 10.4689275858,-66.9754601892 10.4689842933,-66.9755205389 10.469015944,-66.9756197806 10.4689275858,-66.9756970273 10.4688737444,-66.9758204089 10.4689528712,-66.9760403501 10.468942321,-66.9762334691 10.4689634215,-66.9764534102 10.4691058496,-66.9767806397 10.4692799284,-66.9771936999 10.4692693782,-66.9777194129 10.4693643303,-66.9781807528 10.4694381818,-66.9790787096 10.4692619736,-66.9793981235 10.4691983804,-66.9796454042 10.4692270285,-66.979934502 10.4692808508,-66.9800269764 10.4691086575,-66.9799308903 10.4689544172,-66.9798201362 10.4686037802,-66.9796911112 10.4684293523,-66.9797213919 10.4682687838,-66.9798397853 10.4680948201,-66.9798506623 10.4680789938,-66.9798785912 10.46804489	ff0000ff	__export__.isp_zone_10_cc081805	cable
Drop 6 MiniManga 3 a Manga D18	-66.9749062562 10.4694207951,-66.974699943 10.469494628	ff00ff04	__export__.isp_zone_10_cc081805	cable
SubTroncal Manga T8 a MiniManga 4	-66.9798785912 10.46804489,-66.9800278651 10.4679239778,-66.9802209842 10.4679187026,-66.9803068149 10.4678026496,-66.9806018579 10.4677973745,-66.9807949769 10.4680242054,-66.9808539855 10.4680927821,-66.9810256469 10.467971454,-66.9811490285 10.4679239778,-66.9812616813 10.4677287977,-66.9812724101 10.4675388926,-66.9812563169 10.4673489873,-66.9812992322 10.4671538068,-66.9811222064 10.4670641293,-66.9809827316 10.4668847741,-66.9809666383 10.4666948685,-66.980950545 10.4664574863,-66.9810041892 10.466383634,-66.9811382997 10.4661990032,-66.9811758506 10.4660829496,-66.9811490285 10.4657928152,-66.9810871635 10.4656292402,-66.9810846555 10.4656187344,-66.980564307 10.4653497003,-66.9803550946 10.4652019952,-66.9800010431 10.4656292848	ff00ff04	__export__.isp_zone_10_cc081805	cable
Jumper MiniManga 4 a Manga 22	-66.9800010431 10.4656292848,-66.9799502519 10.4652263428	ff00ffee	__export__.isp_zone_10_cc081805	cable
Jumper Nap 44195 a Manga 22	-66.9772827253 10.4692519485,-66.9772250758 10.469459099	ff00ff37	__export__.isp_zone_10_cc081805	cable
Distribucion PON 1 (OLT 1) Calle Real Baja	-66.9732926704 10.4733405938,-66.9731815339 10.4730767579,-66.9731035752 10.4730210982,-66.973143983 10.4729501567,-66.9731732962 10.4726592455,-66.9732056738 10.4723356126,-66.9731386186 10.4722221988,-66.9730761732 10.472127173,-66.9728382112 10.472243299,-66.9728060247 10.4720296589,-66.9727084148 10.4720680218,-66.9727872492 10.4723118749,-66.9730734532 10.4722353864,-66.9731539194 10.4721562605,-66.9730734532 10.4718714069,-66.9731231438 10.4717587829,-66.9731646483 10.4716366662,-66.9730922286 10.471483689,-66.97300433 10.4713255976,-66.9727354948 10.4710062942,-66.9725531046 10.4708084785,-66.9724860494 10.4708084785,-66.9723599856 10.4710353072,-66.9722973818 10.4711625087,-66.9720273916 10.4712911486,-66.9719227855 10.4713544496,-66.9719465886 10.4714738893,-66.9716222698 10.4716350779	ff0000ff	__export__.isp_zone_10_cc081805	cable
Distribucion PON 2 (OLT 1) Calle Real Baja	-66.9732926704 10.4733405938,-66.9733009383 10.4733426745,-66.9733428849 10.4733479143,-66.9733334972 10.4734573714,-66.9733197509 10.4735022093,-66.973328468 10.4735859506,-66.9733623309 10.4736400197,-66.9733978702 10.4737494768,-66.9734273745 10.4738602526,-66.9734360917 10.4739723471,-66.9734199984 10.4740158661,-66.9733710481 10.4740112504,-66.9733106984 10.4739855346,-66.9732637597 10.4739499282,-66.9731706287 10.4738751258,-66.9731223489 10.4738375412,-66.9730747397 10.4737979784,-66.9730110373 10.4737505031,-66.9728977139 10.4736469805,-66.9728179182 10.4735599423,-66.9727709796 10.4735019168,-66.9727347697 10.4734603759,-66.9727259459 10.4734211396,-66.9727562274 10.4734386163,-66.9729131366 10.4736337929,-66.9729996379 10.4737089622,-66.9730586465 10.4737603938,-66.9731927569 10.4738606195,-66.9732631649 10.4739252387,-66.9733489956 10.4739753515,-66.9734046934 10.4739936957,-66.9734589662 10.4739852422,-66.9734522607 10.473877104,-66.9734261091 10.4737696251,-66.9734019692 10.4736924777,-66.973385876 10.4736271991,-66.9736517724 10.4738447333,-66.9737492833 10.4739150747,-66.9738757368 10.4740649659,-66.9740524759 10.4742482776,-66.9740898251 10.4742866112,-66.9741322716 10.4745542292,-66.9741654039 10.4746980082,-66.9742284359 10.4746808644,-66.9742921383 10.4746320704,-66.9743055558 10.4745527763,-66.9742954911 10.4743388776,-66.974313743 10.4742328129,-66.9743276776 10.4740881897,-66.9742894561 10.4739958767,-66.9742445291 10.4739378513,-66.9741872582 10.473837848	ff0000ff	__export__.isp_zone_10_cc081805	cable
Distribucion PON 3 (OLT 1) Calle Real Media	-66.9754923657 10.4764494228,-66.9757092817 10.4765703735,-66.9759011497 10.4767077531,-66.9762659275 10.4769647531,-66.9766825418 10.4772468901,-66.9767227749 10.4772759025,-66.9766034166 10.4773800833,-66.9765323381 10.4774341518,-66.9764693062 10.4774011832,-66.9764599476 10.4774090883,-66.9764518718 10.4774473392,-66.9765162448 10.4774816266,-66.9766356031 10.4774578892,-66.9767147283 10.4773642584,-66.976800559 10.4772759025,-66.976870612 10.4772053653,-66.9769360106 10.4771123782,-66.976749597 10.4769778661,-66.9766476731 10.4768829164,-66.9765605013 10.4767668668,-66.9764572362 10.4766165296,-66.9763714056 10.4764714674,-66.9763391759 10.4764274424,-66.9762480239 10.4763000301,-66.9761434178 10.4761549677,-66.9760602693 10.4759584741,-66.9760715515 10.475877689,-66.9759164761 10.4756868114,-66.9758614908 10.4755905426,-66.9757100539 10.4755061138,-66.9755141447 10.4752674483,-66.9755035736 10.4751653734	ff0000ff	__export__.isp_zone_10_cc081805	cable
Distribucion PON 4 (OLT 1) Calle Real Media 1	-66.9754923657 10.4764494228,-66.9753422724 10.4764247192,-66.9750736023 10.4760601731,-66.9749283547 10.4760691787,-66.9749341274 10.4759414856,-66.9747804459 10.4757034028,-66.9745854402 10.4755062978,-66.9744298721 10.4752794724,-66.9741889571 10.4750429527	ff00ff04	__export__.isp_zone_10_cc081805	cable
Distribucion PON 4 (OLT 1) Calle Real Media 2	-66.9754923657 10.4764494228,-66.9756797815 10.4765032727,-66.9758165742 10.4764030478,-66.9758058453 10.4763160104,-66.975711968 10.476255348,-66.9755268956 10.4761392981,-66.9753627989 10.4759960784,-66.9750253225 10.475669823,-66.9748563434 10.4754983853,-66.9747594351 10.4754180908,-66.9747812415 10.4752972555,-66.9748295213 10.4752102178,-66.9747812415 10.4750968051,-66.9747517372 10.4749121795,-66.974692152 10.4748886515,-66.9748268391 10.4745772157,-66.9747571016 10.4743503896,-66.9747115041 10.4742528015,-66.9746118619 10.4739325059	ff00ff04	__export__.isp_zone_10_cc081805	cable
Distribucion PON 6 y PON 7 (OLT 1) Calle merida y Entrada	-66.9759688496 10.4754963699,-66.9757853561 10.4755124206,-66.9756727033 10.4753515329,-66.9755600505 10.47519592,-66.9754259401 10.4750455821,-66.9753284529 10.4748560888,-66.9751791768 10.474615668,-66.9750987106 10.4744574173,-66.9749769723 10.474277424,-66.9748304897 10.4740327775,-66.9747607522 10.4738534263,-66.9746833563 10.4737214964,-66.974629324 10.4735896744,-66.9744657092 10.4733681226,-66.9743954448 10.4732176291,-66.9741630727 10.472662128,-66.9740029265 10.4722866034,-66.9740136554 10.4721389016,-66.973971889 10.471954158,-66.9742282321 10.4718698732,-66.9742121388 10.4717168961,-66.9741058195 10.4716609701,-66.97392503 10.4716341666,-66.9739855559 10.4713219547,-66.9738620683 10.4716275744,-66.9736327364 10.4716006432,-66.9734235694 10.4715533688,-66.9733780072 10.4714334137,-66.9730748822 10.4711049871,-66.9730673403 10.4709690508,-66.9731522219 10.4704874509,-66.9726640365 10.4707973742,-66.9725849113 10.4707723176,-66.9725175763 10.4707553834,-66.9724481186 10.4706206587,-66.9722242903 10.4702983593,-66.9725607714 10.4707103353,-66.9727015874 10.4708039681,-66.9731937727 10.4704571309,-66.9730072446 10.4700854553,-66.9730838022 10.4700443545,-66.9731495163 10.4700654549,-66.9732393703 10.4701313937,-66.9732661924 10.470257996,-66.9733583066 10.4702747638,-66.9734338304 10.4702527209,-66.9734566292 10.4703847206,-66.9735853753 10.4704453841,-66.9736484072 10.4706643005,-66.9737749351 10.4706334872	fffa0004	__export__.isp_zone_10_cc081805	cable
Distribucion PON 8 (OLT 1) Romulo Betancourt	-66.9743954448 10.4732176291,-66.9744225257 10.4735743256,-66.9743611621 10.4731439761,-66.9744057315 10.4731080328,-66.9745210665 10.47321749,-66.974631037 10.4732755155,-66.9747979784 10.4734225692,-66.9748858469 10.4736302622,-66.9749917942 10.4738715951,-66.9750326376 10.4739655581,-66.9752918305 10.4743913471,-66.9753616847 10.4745085455,-66.9754500808 10.4746392732,-66.9756753864 10.4745192665,-66.9756142823 10.4743765249,-66.9754603364 10.4739931591,-66.9753503658 10.4737491887,-66.9753479668 10.473693862,-66.9753170345 10.4734485438,-66.9753156934 10.4731584164,-66.9753242632 10.473005179	ff0000ff	__export__.isp_zone_10_cc081805	cable
Distribucion PON 10 (OLT 1) El Caballo	-66.9759688496 10.4754963699,-66.9763642479 10.475016609,-66.9759998052 10.4755309083,-66.9765200375 10.475649724,-66.9768473832 10.4757366335,-66.9771665661 10.475749821,-66.9772336213 10.475728721,-66.9772228925 10.4759186211,-66.9771585665 10.4759488189,-66.9772175281 10.4759740086,-66.977255079 10.4755889334,-66.9771772949 10.4754227706,-66.9771338111 10.4753330259,-66.9772738545 10.4751616575,-66.9773033588 10.4750324197,-66.9772736319 10.474907328,-66.9771692483 10.4747607562,-66.977088782 10.4746816309,-66.9769187043 10.4745906469,-66.9767776458 10.4745286553,-66.9766864507 10.474475905,-66.9765357675 10.4743898916,-66.9763967721 10.4743123792,-66.9763082592 10.4741963285,-66.976196002 10.4739701805	ff0000ff	__export__.isp_zone_10_cc081805	cable
Distribucion PON 9 (OLT 1) Caballo Media	-66.9778763545 10.476059897,-66.9777431005 10.4757923093,-66.9780510881 10.4760954231,-66.9782281139 10.4762404855,-66.9785607078 10.476248398,-66.9787550225 10.4761774945,-66.9792260082 10.4766357912,-66.9787672379 10.4762826854,-66.9783327201 10.4763143354,-66.9783705177 10.4764688965,-66.9786706784 10.4767020472,-66.9790195278 10.4769670458,-66.979290426 10.4771690379,-66.9796994954 10.4768992519,-66.9792743327 10.4772534376,-66.9793574147 10.4775130454,-66.9795371892 10.4776437857,-66.9797303083 10.4778653344,-66.9797624948 10.478086883,-66.9798483255 10.4782504068,-66.979899092 10.4784179806,-66.9798682466 10.4785195235,-66.9798139521 10.4785191316	ff0000ff	__export__.isp_zone_10_cc081805	cable
Distribucion PON 11 (OLT 1) Romulo Betancourt	-66.97654778 10.4724541621,-66.9765768748 10.4727549699,-66.9767056208 10.4728604709,-66.9768987399 10.4730872981,-66.9770489436 10.4733668756,-66.9772420626 10.4736411778,-66.9773278933 10.4738732794,-66.9769684773 10.4736992032,-66.976874781 10.4735237214,-66.9766841632 10.4735145768,-66.9765393239 10.4733985259,-66.9763408404 10.473293025,-66.9762539125 10.4732898514,-66.97597606 10.4730187225,-66.975639584 10.4727849494,-66.9754610758 10.4726019932,-66.9751163364 10.4722478385,-66.9750802022 10.4721325128,-66.9750641089 10.4719426104,-66.975011529 10.4717660321,-66.9749568205 10.4715891806,-66.9748441678 10.4714625788,-66.974795888 10.4712885012,-66.9747879005 10.4710835766,-66.9745866757 10.4711407989,-66.9744150143 10.471082773,-66.9741813095 10.4709292709,-66.9742326241 10.4706855048,-66.9741736155 10.4703742743,-66.9740502173 10.4702043582	ff0000ff	__export__.isp_zone_10_cc081805	cable
Distribucion PON 13 (OLT 1) El esfuerzo 1	-66.9726030283 10.4740833755,-66.9722255881 10.4737715596,-66.9720840876 10.473386402,-66.9720170324 10.4730039611,-66.9719909534 10.4727294293,-66.9719553416 10.4724448052,-66.9719231551 10.4721283015,-66.9719061136 10.4720436734,-66.9722316091 10.4719594993,-66.972371084 10.4720254377,-66.9724649613 10.4722364403,-66.9724756902 10.4723023786,-66.97239053 10.4724019293	ff00ff04	__export__.isp_zone_10_cc081805	cable
Distribucion PON 13 (OLT 1) El esfuerzo 2	-66.9726030283 10.4740833755,-66.9726128652 10.4742262132,-66.9726611449 10.4743950141,-66.9727255179 10.4745717275,-66.9727216274 10.4746623618,-66.9728113486 10.4747932784,-66.9728918149 10.4750596668,-66.9728488996 10.475138792,-66.9727684333 10.475138792,-66.9725755584 10.4750743642,-66.9723231866 10.4751519795,-66.9721890761 10.4752073672,-66.9721139743 10.4752759423,-66.9721336561 10.4753885728,-66.9722463089 10.4755758356,-66.9722706841 10.4756920389,-66.9723696905 10.4758158483,-66.9725628096 10.4759793733,-66.9726271826 10.4760004733,-66.9727291065 10.4761376233,-66.9728229839 10.4762615857,-66.9728739458 10.4763248856,-66.9727934796 10.476380273,-66.9726513225 10.476422473,-66.9725735384 10.4764435729,-66.9725651523 10.4763557057	ff00ff04	__export__.isp_zone_10_cc081805	cable
Distribucion PON 14 (OLT 1) Calle el Esfuerzo	-66.9730420914 10.4746279095,-66.9732732457 10.4748473516,-66.9733939451 10.47511374,-66.9733430631 10.4751223446,-66.9734100384 10.4753959531,-66.973316161 10.4755489284,-66.9733912629 10.4757678411,-66.9733385407 10.4758896602,-66.9733376187 10.4759788412,-66.9737102478 10.4760736433,-66.9738305156 10.4761805886,-66.9739190285 10.4764126884,-66.9738880504 10.4765210534,-66.9739807193 10.4765102757,-66.974079961 10.4764812632,-66.9741937826 10.4764825087,-66.9740558211 10.476586763,-66.9741389696 10.4767634751,-66.974246258 10.4770061244,-66.9741873901 10.4770540057,-66.9740558211 10.4767977626,-66.9738626452 10.4769795609,-66.9739941303 10.4767001753,-66.9739077133 10.4765495254	ff0000ff	__export__.isp_zone_10_cc081805	cable
Distribucion PON 15 (OLT 1) El esfuerzo 2	-66.9739077133 10.4765495254,-66.9740077969 10.4765601018,-66.9741499539 10.476438777,-66.9743189331 10.4764308645,-66.974522781 10.4765601018,-66.9745297198 10.4765822944	ff00ff37	__export__.isp_zone_10_cc081805	cable
Distribucion PON 15 (OLT 1) El esfuerzo 1	-66.9739077133 10.4765495254,-66.9740104791 10.4765864768,-66.9740507122 10.4766708766,-66.9739595171 10.4769478133,-66.9738710042 10.4770559505,-66.9738200422 10.477172,-66.9737959023 10.4773144245,-66.9737449404 10.4773671742,-66.9736745084 10.4773785903	ff00ff37	__export__.isp_zone_10_cc081805	cable
Distribucion PON 15 (OLT 1) El esfuerzo 3	-66.9739077133 10.4765495254,-66.9740721699 10.4766735141,-66.9742652889 10.477053313,-66.974292111 10.4772115624,-66.9743242975 10.4774647613,-66.9743457552 10.477528061,-66.9744166072 10.4776653101,-66.9746837135 10.4777970845,-66.974817824 10.4779213057,-66.9754680439 10.4778120829,-66.9747743179 10.4780103481,-66.9748526927 10.4781721604,-66.9749385234 10.4782196351,-66.9751960154 10.4783435966,-66.975472283 10.4784728331,-66.9756505013 10.4785996693,-66.9753878587 10.4787520217,-66.9756922241 10.4786363568,-66.9758729734 10.4787629362	ff0000ff	__export__.isp_zone_10_cc081805	cable
Distribucion PON 16 (OLT 1) El Cardon	-66.976361628 10.479252614,-66.9763938447 10.4794524525,-66.9763056886 10.4792702298,-66.9762654555 10.4790143949,-66.9761283345 10.4789172054,-66.9762547266 10.4789695579,-66.9763378751 10.4789932951,-66.9764853966 10.4792253928,-66.9765175831 10.4792781422,-66.9766731512 10.479254405,-66.9768850457 10.4792227553,-66.977052542 10.4792056462,-66.9772069108 10.4792333052,-66.9772900593 10.479204293,-66.9774107587 10.479254405,-66.9775100004 10.4794443029,-66.9775851023 10.4794680401,-66.9776789796 10.479518152,-66.9777621281 10.4796131009,-66.9778265011 10.4797528868,-66.977878651 10.4798379734	ff00ff04	__export__.isp_zone_10_cc081805	cable
Distribucion PON 16 (OLT 1) Caja 1695	-66.9774602887 10.4809592672,-66.9775109092 10.4811750925,-66.9776611129 10.481506093	ff00ff37	__export__.isp_zone_10_cc081805	cable
Distribucion PON 6 (OLT 2) Alberto Adriani	-66.976361628 10.479252614,-66.9764804578 10.4794895897,-66.97648314 10.4796742126,-66.9764375424 10.4798113609,-66.9764911866 10.4801384066,-66.9765159077 10.4802412759,-66.9763704872 10.4802676424,-66.9762685633 10.4802280804,-66.9761994197 10.4801569106,-66.9762739277 10.4801647813,-66.9764053559 10.4802175306,-66.9764563179 10.4801647813,-66.9768157339 10.4809322824,-66.9768735644 10.4809141945,-66.9766923523 10.4805551258,-66.9766704172 10.4803316615,-66.9767594075 10.48025973,-66.9768312241 10.4801367256,-66.9769096112 10.4800223582,-66.9770136075 10.4799111243,-66.9770624971 10.4799537841,-66.9771483278 10.4800249957,-66.9772878027 10.480112032,-66.9773776441 10.4801821552,-66.9774487352 10.4801542314,-66.9775747991 10.480151594,-66.9777598715 10.4802861046,-66.9778376555 10.4804127028,-66.9779246718 10.4805892355	ff0000ff	__export__.isp_zone_10_cc081805	cable
Distribucion PON 7 (OLT 2) Alberto Adriani	-66.976361628 10.479252614,-66.9765089539 10.4794991996,-66.9765035895 10.479681185,-66.9764231232 10.4798025085,-66.9765035895 10.4801427416,-66.9766108779 10.4802772523,-66.9766698865 10.4802614275,-66.9767718104 10.4801190044,-66.9768737343 10.4799554816,-66.9770722178 10.4800240557,-66.9773323921 10.4802376903,-66.9775466738 10.4810023781,-66.9774602887 10.4809592672,-66.9772849404 10.4804626629,-66.9773601415 10.4802175115,-66.9776520269 10.4806706649,-66.9776887486 10.4807159954,-66.9777861374 10.4808998787,-66.9779054957 10.4810673573,-66.9779702034 10.4811143077,-66.9781950276 10.4814230533,-66.9782112366 10.4814275601,-66.9783398669 10.4816656989,-66.9784368116 10.4817926561,-66.9785948843 10.4820151627,-66.978695159 10.4822500321,-66.9787084003 10.4824273622,-66.9788372213 10.4827004851,-66.9790018216 10.4826854177	ff0000ff	__export__.isp_zone_10_cc081805	cable
Distribucion PON 1 y 2 (OLT 2)	-66.9759688496 10.4754963699,-66.9757947475 10.4755807152,-66.9759476334 10.4758550154,-66.9761005193 10.4762295403,-66.9762936384 10.4764537275,-66.9765055329 10.4768018768,-66.9766208679 10.4769495764,-66.9768515379 10.4771315632,-66.9773187529 10.4770346404,-66.9775805275 10.4770814509,-66.9778145252 10.4772758516,-66.9782772328 10.477648773,-66.9783208172 10.4776247735,-66.9782993595 10.4773346499,-66.9780686059 10.4769818557,-66.9772659807 10.4767372985,-66.9779131214 10.4768388017,-66.9782349865 10.4770287011,-66.9783690969 10.4774823492,-66.978395919 10.4777249979,-66.9789317653 10.4779628116,-66.9791667779 10.4780850806,-66.9793666024 10.4781206866,-66.9794363399 10.47816948,-66.9795168061 10.4783237726,-66.9795298416 10.4784162042,-66.9795610626 10.4784807026,-66.9794846985 10.4786464499,-66.9795222495 10.478802061,-66.9795809936 10.4788690145,-66.9795939221 10.4789176181,-66.979684209 10.4790955116,-66.9797391942 10.4791271613,-66.9797982028 10.4790361685,-66.9799148789 10.4789227571,-66.9799859575 10.4789016573,-66.9800294246 10.479105358,-66.9800114385 10.4789095697,-66.9800811759 10.4788950636,-66.9801321379 10.4788568202,-66.9801898054 10.4787091215,-66.9802099219 10.4786286785,-66.9802431143 10.4785121458,-66.9802635661 10.4785772477,-66.9802970937 10.4786352722,-66.9803333035 10.4788080269,-66.9803654901 10.4788924261,-66.9804620496 10.4790097937,-66.9805708916 10.4790098653,-66.9805920586 10.4791422241,-66.9806430206 10.4794628193,-66.9806376562 10.4795419434,-66.9805244702 10.4796702649,-66.980615098 10.4797848271,-66.9807653017 10.479993187,-66.9808940477 10.4801422037,-66.9810270883 10.480297621,-66.9813947415 10.4802422486,-66.9809959586 10.4803441503,-66.9807947929 10.4801041411,-66.9807894285 10.4804496488,-66.9806392248 10.4804812983,-66.9803227242 10.4806975701,-66.9802825089 10.4808547075,-66.9802663978 10.4810879139,-66.9805579423 10.4812255888	ff0000ff	__export__.isp_zone_10_cc081805	cable
Distribucion 20 Respaldo (PON 4, OLT 2)	-66.9726030283 10.4740833755,-66.9734578646 10.4743130942,-66.9736861143 10.4745753497,-66.9738521494 10.47517556,-66.9739344101 10.4752426845	ff00ff37	__export__.isp_zone_10_cc081805	cable
Distribucion PON 5 (OLT 2)	-66.9795939221 10.4789176181,-66.9794343171 10.478896358,-66.9791339097 10.4788989955,-66.978874126 10.4790126627,-66.978803998 10.479202305,-66.9787135198 10.4793027886,-66.9788174091 10.4794660521,-66.9788066802 10.4798221104,-66.9788216882 10.4800379445	ff00ff37	__export__.isp_zone_10_cc081805	cable
Distribucion PON  9 (OLT 2) Alberto Adriani	-66.9822274916 10.4835371075,-66.9819444731 10.4833955901,-66.9817349659 10.4833122655,-66.9817456947 10.4831434695,-66.9817389892 10.4829034624,-66.9816048787 10.4828335702,-66.9814855204 10.4829720359,-66.9814823102 10.4830450251,-66.981300448 10.4832568793,-66.9820079293 10.4838759206,-66.9814946886 10.4835052551,-66.9811703609 10.4831935808,-66.980825697 10.4830867645,-66.9806553767 10.4828639008,-66.9806299187 10.4828360906,-66.9800541304 10.4827419488,-66.9804929084 10.4828693618,-66.980513025 10.4830407954,-66.9805827624 10.4832043167,-66.9808053858 10.4835142155,-66.9809326633 10.4836465841,-66.9810958514 10.4837966502,-66.9813573668 10.4839905015,-66.9815213922 10.4841376167	ff0000ff	__export__.isp_zone_10_cc081805	cable
Distribucion PON 10 (OLT 2) El Manguito	-66.9822274916 10.4835371075,-66.9824977939 10.483616393,-66.9826478326 10.4837518327,-66.9828114473 10.4837280958,-66.9830099308 10.4837254583,-66.9831252658 10.4837386455,-66.983256694 10.4839074412,-66.9833157026 10.483991839,-66.9831950032 10.48414481,-66.9830421173 10.4843109681,-66.9830045664 10.484408553,-66.9830152952 10.4845272372,-66.9829026424 10.4844428395,-66.982849782 10.4844234033,-66.982679861 10.4840895643,-66.9829321467 10.4845826232,-66.9829911553 10.4846010851,-66.9830394351 10.4845747109,-66.9830421173 10.4844428395,-66.983076986 10.4843663541,-66.9831762277 10.4842687692,-66.9832647406 10.4841790966,-66.9833559357 10.4840314005,-66.983358618 10.4840023888,-66.9833827578 10.4839443653,-66.9831950032 10.483778207,-66.9826746547 10.4837280958,-66.9825459086 10.4836252358,-66.9827068412 10.4835039138,-66.9828168117 10.4834168784,-66.9828841007 10.4833670582,-66.9829723799 10.483287644,-66.9831131208 10.4832058834,-66.9831935871 10.48313731,-66.9832803073 10.4831021107,-66.983384024 10.4830871987,-66.9834805835 10.4831082982,-66.9835717786 10.4831689593,-66.983692478 10.4832612696,-66.9837783087 10.4832823691,-66.9839124191 10.4832718194,-66.9840706695 10.4832718194,-66.9841938503 10.4833296485,-66.9845238603 10.4834023221,-66.9845184958 10.483323199,-66.9843521989 10.4832757251,-66.9839284099 10.4831174788,-66.9836440957 10.4829592324,-66.9835670558 10.4826605063,-66.9834080613 10.4825899905,-66.9832095778 10.4824844928,-66.9829389463 10.4826918116	ff0000ff	__export__.isp_zone_10_cc081805	cable
Distribucion PON 11 (OLT 2) Valle AZul	-66.9846641818 10.483395728,-66.9850634933 10.4834911987,-66.9849454761 10.4836758192,-66.9849669338 10.483881539,-66.9851722222 10.4841138889,-66.9852432013 10.4843615513,-66.9847737682 10.4844904347	ff00ff37	__export__.isp_zone_10_cc081805	cable
Distribucion PON 11 (OLT 2) El Progreso Alta	-66.9846641818 10.483395728,-66.9850393534 10.4834542746,-66.985264659 10.4833725141,-66.9854497314 10.4831114077,-66.9854252254 10.48294152,-66.9851815105 10.4824662346,-66.9851176598 10.4823922779,-66.9848381878 10.4819624823,-66.9847067595 10.4818675341,-66.9845860601 10.4817936855,-66.984440227 10.4817727113,-66.9843553901 10.4816987373,-66.9841837288 10.4816064265,-66.984071076 10.4814877411,-66.9839906097 10.4814534542,-66.9841375533 10.4812481212,-66.9839664698 10.4813954302,-66.983778567 10.4812226491,-66.9837653042 10.4811712466,-66.9836139315 10.4810334454,-66.9834288591 10.4808277237,-66.9832652443 10.4805333963,-66.9832325832 10.4805094201	ff0000ff	__export__.isp_zone_10_cc081805	cable
Distribucion PON 12 (OLT 2) 19 de Abril	-66.9846641818 10.483395728,-66.9846286748 10.4829745956,-66.9845667506 10.483352678,-66.985162201 10.483497737,-66.9850280906 10.4839065393,-66.9848651212 10.4839076752,-66.9846257592 10.4838247789,-66.9845452929 10.4837614805,-66.9843870426 10.4837693928,-66.9842042148 10.4838664757,-66.9840946818 10.4838748901,-66.9840124582 10.4841408484,-66.9840142155 10.4839408259,-66.9840142155 10.4838907147,-66.9838640118 10.4838537907,-66.9837241469 10.4838227891,-66.9838157321 10.4838959896,-66.9836869492 10.4839849266,-66.9834321762 10.484014674,-66.9832463176 10.4839290887,-66.9830558559 10.4837229413	ff0000ff	__export__.isp_zone_10_cc081805	cable
Distribucion PON 13 (OLT 2) EL Manguito	-66.9846641818 10.483395728,-66.9845426528 10.4833084373,-66.9845909326 10.4830552432,-66.9847196786 10.4828125987,-66.9849610774 10.4825066553,-66.9850603191 10.4823853328,-66.9847384541 10.481926417,-66.9844407289 10.4817470704,-66.9842449276 10.4820477397,-66.9841538305 10.4822091229,-66.9840303509 10.4821637874,-66.9838506429 10.4821690622,-66.9837781531 10.4823597927,-66.9839659779 10.4824459941,-66.9841832368 10.4826042407,-66.9841868764 10.482614661	ff00ff04	__export__.isp_zone_10_cc081805	cable
Fibra 12 H - D29. LAs Delicias	-66.9846641818 10.483395728,-66.9836045608 10.482927374,-66.9835133657 10.4826003312,-66.9830788478 10.4824473594,-66.9825415313 10.4826520974,-66.9823975667 10.4825317577,-66.9823001325 10.4823286808,-66.9820791855 10.4821710934,-66.9820971593 10.4819778939,-66.9825871289 10.4820777936,-66.9820649728 10.4818829457,-66.9817323789 10.4818038222,-66.9814156741 10.4817777838,-66.9811530217 10.4817246987,-66.9807883725 10.4818460278,-66.9804610118 10.4817141489,-66.9796839729 10.4819604272	ff0000ff	__export__.isp_zone_10_cc081805	cable
Distribucion PON 14 (OLT 2) Fe y Alegria 1	-66.9825309931 10.4797725553,-66.9824858753 10.4797653819,-66.9824600435 10.4798230653,-66.9823527552 10.4798850458,-66.9822877116 10.4799971381,-66.9823333092 10.4801125272,-66.9824063994 10.4802894223,-66.9825367527 10.4804472647,-66.9826504804 10.4805426187,-66.9827792264 10.4806481171,-66.9828878559 10.4806850415,-66.9829681301 10.4807440838	ff00ff37	__export__.isp_zone_10_cc081805	cable
Distribucion PON 14 (OLT 2) Fe y Alegria 2	-66.9825309931 10.4797725553,-66.9828568495 10.4800102701,-66.9830346575 10.4800265507,-66.9832162655 10.4800841191,-66.9833986558 10.4802529168,-66.9835682999 10.4804074803,-66.9836936987 10.4805377627,-66.9839565552 10.4806010618,-66.9840584792 10.4806854605,-66.9841155334 10.4807846927,-66.9841282166 10.4810652545,-66.9840799368 10.4811971273,-66.984299878 10.4813606495,-66.9846002854 10.4814872472,-66.9848667783 10.4815663865,-66.9850508965 10.4816402195,-66.9853191174 10.4816613191,-66.9855336941 10.4817879167,-66.9855642222 10.4818562927	ff0000ff	__export__.isp_zone_10_cc081805	cable
Distribucion PON 14 (OLT 2) Nap 30138	-66.9825309931 10.4797725553,-66.9825348256 10.4797884597	ff11ff00	__export__.isp_zone_10_cc081805	cable
Distribucion PON 15 (OLT 2) El Progreso Alta 1	-66.9825309931 10.4797725553,-66.982262444 10.479224292,-66.9820666428 10.47917418,-66.982008837 10.4792302641,-66.9818118329 10.4796251875,-66.9815537594 10.4797887914,-66.9813799973 10.4798942092,-66.9812190647 10.4797306862,-66.9811627383 10.4796462872,-66.9812056537 10.4795856254,-66.9812861199 10.4795223262,-66.9813692684 10.4794590269,-66.9814338982 10.4793658302,-66.9814416881 10.4791873673,-66.9815516586 10.4789605446,-66.9816777225 10.4788972452,-66.9817769642 10.4787970212,-66.9818762059 10.478702072,-66.9819995875 10.4786862471,-66.9821585776 10.4786176257,-66.9822141643 10.4785517358,-66.9821497912 10.4784356867,-66.9818949814 10.4783908496,-66.9817850108 10.4784673365,-66.9816911335 10.4785517358,-66.9815704341 10.4785754731,-66.9814765568 10.4785490983,-66.9814309592 10.4784778864,-66.9813451285 10.4784145869,-66.9812713392 10.4784036192,-66.9811466451 10.4784462367,-66.9810822721 10.4785200861,-66.9809857125 10.478464699,-66.9809052463 10.4783697498,-66.9807899113 10.478277438,-66.9806692119 10.4782642506,-66.9805672879 10.4782220509,-66.9804866037 10.4781441307	ff0000ff	__export__.isp_zone_10_cc081805	cable
Distribucion PON 15 (OLT 2) Drop a Nap 31133	-66.9815537594 10.4797887914,-66.981479599 10.4799207558,-66.9816539426 10.4801554902,-66.9819731254 10.4805431972,-66.982107263 10.4807702633	ff00ff37	__export__.isp_zone_10_cc081805	cable
Jumper a caja 31138	-66.9804866037 10.4781441307,-66.9802322896 10.4779532153	ff00ff37	__export__.isp_zone_10_cc081805	cable
Distribucion PON 5 (OLT 1) Respaldo 1	-66.9754923657 10.4764494228,-66.9754211854 10.4765726086,-66.9753594946 10.4767730581,-66.9751136315 10.4768578549,-66.974812442 10.4769182971	ff00ff37	__export__.isp_zone_10_cc081805	cable
Distribucion PON 5 (OLT 1) Respaldo 424	-66.9741889571 10.4750429527,-66.9741708558 10.4750259027	ff00ff44	__export__.isp_zone_10_cc081805	cable
Distribucion PON 5 (OLT 1) Respaldo 211	-66.9741708558 10.4750259027,-66.9742058977 10.4749088565,-66.9740989676 10.4746400518,-66.9740815333 10.4745385076,-66.9740533701 10.4743855319,-66.974026548 10.4742998127,-66.97384684 10.4740980428,-66.9737784436 10.4740360611,-66.9735048583 10.4737986846,-66.9734297565 10.4737301091,-66.9733841589 10.473615377,-66.9737492833 10.4739150747	ff00ff44	__export__.isp_zone_10_cc081805	cable
Distribucion PON 5 (OLT 1) Respaldo 211	-66.9733009383 10.4733426745,-66.9732838745 10.4733424191	ff00ff44	__export__.isp_zone_10_cc081805	cable
Distribucion PON 5 (OLT 1) Respaldio 852	-66.9743725017 10.473153281,-66.9743197315 10.4731054448	ff00ff44	__export__.isp_zone_10_cc081805	cable
Distribucion PON 5 (OLT 1) Respaldo 655, 656, 753, 756 y757	-66.9743725017 10.473153281,-66.974156179 10.4726186731,-66.974018411 10.4722775174,-66.9739968338 10.4721632635,-66.9740035394 10.4721421633,-66.9740263381 10.4721052378,-66.9740276793 10.4720432558,-66.9739744308 10.4719764111,-66.9740679124 10.4719581953,-66.9741839179 10.4719140166,-66.9742181161 10.471892257,-66.9741771525 10.4717701703,-66.9741222564 10.4716610601,-66.9738995439 10.4716145556,-66.9737909144 10.4715960929,-66.9736514395 10.4715604861,-66.973465026 10.4715987304,-66.9733134812 10.471383771,-66.9731082922 10.471120017,-66.9730519658 10.470930114,-66.9730466014 10.4707810928,-66.9730960394 10.470653082,-66.9731738235 10.4705713181,-66.9731563891 10.4705264798,-66.9731351403 10.4704812584,-66.9731040861 10.4703444891,-66.9730343486 10.4701005158,-66.9730401788 10.4700691043,-66.9731000627 10.4700635901,-66.9732167388 10.4701268913,-66.9732556309 10.4702521749,-66.973339336 10.4702693957	ff00ff04	__export__.isp_zone_10_cc081805	cable
Distribucion PON 5 (OLT 1) Respaldio 857	-66.9753479668 10.473693862,-66.9753621463 10.4736829236	ff00ff44	__export__.isp_zone_10_cc081805	cable
Distribucion PON 5 (OLT 1) Respaldio 858	-66.9753242632 10.473005179,-66.9752853718 10.4729825219	ff11ff00	__export__.isp_zone_10_cc081805	cable
Jumper Respaldo 857 y 858	-66.9743725017 10.473153281,-66.9743954448 10.4732176291	ff00ff44	__export__.isp_zone_10_cc081805	cable
Distribucion PON 5 (OLT 1) Nap 5213	-66.9759688496 10.4754963699,-66.9758186085 10.4755295721,-66.9758709116 10.4756311159,-66.9760184331 10.4758460723	ff00ff44	__export__.isp_zone_10_cc081805	cable
Distribucion PON 5 (OLT 1) Respaldo 5214, 5215 y 5216	-66.9743725017 10.473153281,-66.9743270717 10.4730980587,-66.9743303639 10.4730263575,-66.9739812424 10.4721525456,-66.9739999296 10.4721371453,-66.974017364 10.4720843946,-66.9740032824 10.4720263689,-66.9739837186 10.4719638735,-66.9740470378 10.4719521438,-66.9741734162 10.4719090485,-66.9742280662 10.4718783872,-66.9742025852 10.471790204,-66.9741925269 10.4717611911,-66.9741382122 10.4717334969,-66.9740885913 10.4717071216,-66.9739544809 10.4716873401,-66.9737276629 10.4716317833,-66.9736740187 10.4716133206,-66.9735251561 10.4716410147,-66.9734741941 10.4716067267,-66.9731084225 10.4710887943,-66.9730346618 10.47090021,-66.9730360029 10.4707986646,-66.9731057403 10.4706615123,-66.9731862066 10.4705665607,-66.973115128 10.4704636963,-66.9729059157 10.4706259054,-66.9726162372 10.4708237213,-66.9725211185 10.4707474531	ff00ff37	__export__.isp_zone_10_cc081805	cable
Distribucion PON 2 (OLT 3) La Casona Nap 33141 hasta la 33146	-66.9861503129 10.4762622785,-66.9863141476 10.4762681638,-66.986418906 10.4763068769,-66.9866842925 10.4765477384,-66.9869919187 10.4775013211,-66.9868353028 10.477950047,-66.9870276152 10.47754471,-66.9873038827 10.4778770331,-66.987484172 10.478167093,-66.9872213012 10.4784837952,-66.9871354705 10.4787369931,-66.9870925552 10.4790218404,-66.987140514 10.4792003246,-66.9874466068 10.4793699868,-66.9877684719 10.4794754856,-66.9881407981 10.4797493599	ff00ffee	__export__.isp_zone_10_cc081805	cable
Distribucion PON 1 (OLT 3) La Casona Nap 32141 hasta la 32146	-66.9861503129 10.4762622785,-66.9863295892 10.476113946,-66.9864944369 10.4759476446,-66.9863564112 10.4761930709,-66.9867127016 10.4765681159,-66.9866836407 10.4767891449,-66.9864905217 10.4769632194,-66.9864426823 10.4769867781,-66.9864583352 10.4771583937,-66.9864368775 10.4774590674,-66.9862980946 10.477500216,-66.9861471989 10.477722816,-66.9858306983 10.4779496396,-66.9857008383 10.478089617,-66.9854909554 10.4784374347	ff00ffee	__export__.isp_zone_10_cc081805	cable
Dist PON 1 32147 y 32148 y Dist PON 2 33147 y 33148	-66.9861503129 10.4762622785,-66.9862925422 10.47619547,-66.9867029202 10.4764592197,-66.9868209374 10.4766306568,-66.9869845522 10.4771634302,-66.9870381963 10.4773216796,-66.9865580809 10.4777858772,-66.9864867677 10.4778730602,-66.9861941061 10.4782577245,-66.9861511846 10.4785333496,-66.9860883669 10.4786274573,-66.9857116546 10.4786654631	ff00ffee	__export__.isp_zone_10_cc081805	cable
Drop de Manga 14 a Nap 32141	-66.9861503129 10.4762622785,-66.9864944369 10.4759476446	ff00ff44	__export__.isp_zone_10_cc081805	cable
Distribucion PON 3 (OLT 3) Santa Ana	-66.9858948774 10.4798153324,-66.9859606773 10.4800528864,-66.985732865 10.4800120919,-66.9854592797 10.4801228654,-66.9853330404 10.4802187169,-66.9849806651 10.4803697117,-66.9851400968 10.4804762855,-66.9853466269 10.4806793699,-66.9854807373 10.4808033305,-66.9857114073 10.4809088289,-66.9857802987 10.4809806134,-66.9859098908 10.4810802636,-66.9860225436 10.4811857618,-66.9861102104 10.481267107,-66.9862585779 10.4811725745,-66.9864324108 10.48110853,-66.9864946123 10.481082901,-66.986810267 10.4812298529,-66.9864168283 10.4810064148,-66.9863068577 10.4808666295,-66.9862371203 10.4806661826,-66.9861940295 10.4804831226	ff0000ff	__export__.isp_zone_10_cc081805	cable
Distribucion PON 4 (OLT 3) Santa Ana	-66.9858948774 10.4798153324,-66.9860337675 10.4796592444,-66.9864395202 10.4794885091,-66.9866939262 10.4795270413,-66.9867781491 10.4795907111,-66.9868713558 10.479615767,-66.9870383233 10.4796025797,-66.9871603638 10.4796065359,-66.9872388185 10.479615767,-66.987309897 10.4796513729,-66.9872669817 10.4797133534,-66.9871871859 10.4797693996,-66.9870490522 10.4799091853,-66.9869613491 10.4799734177,-66.9868830219 10.4799510143,-66.9870270632 10.4800762789,-66.9870847307 10.480213427,-66.9868981093 10.4804013613,-66.9870926224 10.4805270311,-66.9871784531 10.4806298921,-66.9872884236 10.4808092393,-66.9873440266 10.4809034677,-66.9872186862 10.4806575854,-66.9874013588 10.4805012551,-66.9875527017 10.4807067257,-66.987748503 10.4809691528,-66.9878660515 10.4811691915,-66.9881402139 10.4814790743,-66.9882271439 10.4816248116	ff0000ff	__export__.isp_zone_10_cc081805	cable
Alimentacion Distribucion 36 hasta minimanga 1	-66.9858948774 10.4798153324,-66.9861288363 10.4796320014,-66.9864533836 10.4795080403,-66.986574083 10.4795238651,-66.9868664438 10.4795977143,-66.987343877 10.4796768383,-66.9875316316 10.4794658408,-66.9875477098 10.4793418924	ff0000ff	__export__.isp_zone_10_cc081805	cable
Ramal 1 Naps Distribucion 36. de la 1 a la 4	-66.9875477098 10.4793418924,-66.9882126962 10.4798109298,-66.9882314717 10.4799243408,-66.9881054078 10.4799823651,-66.9878237759 10.4801327006,-66.9877047837 10.480212453,-66.9878726878 10.4804197475,-66.9880470314 10.4805990949,-66.9881221333 10.4807230555,-66.9881336018 10.480789068,-66.9881899921 10.4807808128,-66.9882597295 10.4809153231,-66.9883187381 10.4810234589,-66.9883187381 10.4812028059,-66.9883750645 10.4812766547,-66.9883404672 10.4813782098,-66.9885711372 10.4812657883	ff00ffee	__export__.isp_zone_10_cc081805	cable
Ramal 2 Naps distribucion 36. Del 5 al 8	-66.9875477098 10.4793418924,-66.9872839048 10.4792552778,-66.9870800569 10.4790706547,-66.9871337011 10.4786448032,-66.9872731759 10.478433805,-66.9875464847 10.4782347793,-66.9876671841 10.4784827023,-66.987755697 10.478646226,-66.9878234087 10.4787762588,-66.9882539763 10.4790895881,-66.9884900106 10.4791080504,-66.9885663187 10.4791577973,-66.988661672 10.4792082744,-66.9888574733 10.4795511456,-66.989068526 10.4800570426,-66.9890005957 10.4802380677,-66.9892469142 10.4805300603,-66.9893273804 10.4808887548,-66.9892978761 10.4810760142,-66.9892876223 10.4812433699	ff00ffee	__export__.isp_zone_10_cc081805	cable
Linea 1. Distribucion 37 naps 37161 hasta la 37165	-66.9937094359 10.4846955639,-66.9937333251 10.4846580924,-66.9937293018 10.4845914974,-66.9936300601 10.4844794068,-66.9936190545 10.4844620374,-66.9935168695 10.4843031821,-66.9935202222 10.484253071,-66.9935451625 10.4840642184,-66.993574822 10.4839676607,-66.9935666202 10.4838143217,-66.9936323343 10.4836270639,-66.9937520936 10.4833533777,-66.9937386825 10.4833085413,-66.9937826693 10.4832046412,-66.9938674286 10.4832637048,-66.9939790571 10.4832485395,-66.9941445735 10.4830389739,-66.9941740778 10.4830040279,-66.9942746607 10.4829117175,-66.9942252338 10.4828291357,-66.9942800251 10.48279567,-66.9942430854 10.4827357012,-66.994096905 10.4825247057,-66.9940606952 10.4824337139,-66.9939386547 10.4822372242,-66.9938829169 10.4821483454	ff00ff04	__export__.isp_zone_10_cc081805	cable
Linea 2. Distribucion 73 naps 37166  hasta la 37168	-66.9937094359 10.4846955639,-66.9934878037 10.4844399864,-66.9933116064 10.4842576367,-66.9932759091 10.4841445944,-66.9932759091 10.4840048105,-66.9931900785 10.4838834886,-66.9931391165 10.483733155,-66.9931982831 10.4836599287,-66.9933493457 10.4835646343,-66.9933520279 10.4834881487,-66.9933091126 10.4834011133,-66.993250104 10.4832745163,-66.9931857309 10.4831901183,-66.9931642733 10.4831004454,-66.9932071886 10.4830318719,-66.9933493457 10.4829158246,-66.9933893904 10.4827961677	ff00ff04	__export__.isp_zone_10_cc081805	cable
Linea 1. Distribucion 40	-66.9937094359 10.4846955639,-66.9936306521 10.4848314114,-66.9934938594 10.484741739,-66.9933436557 10.4846942653,-66.9931587204 10.4846206127,-66.9929547354 10.4845571191,-66.9927938028 10.4844595343,-66.9926650568 10.4844278852,-66.9925485179 10.4844692903,-66.992552404 10.4845729437,-66.9925819083 10.4846494291,-66.9926114126 10.4847786629,-66.9926248237 10.4849949317,-66.9925877452 10.4850996349,-66.9926704212 10.4851980132,-66.9927669808 10.4853351591,-66.9928581759 10.4854485681,-66.9928903624 10.4855356029,-66.992912963 10.4856327234,-66.9929681464 10.4857914324,-66.9929600998 10.4858969291,-66.9929279133 10.4858811046,-66.9928152605 10.4856947277,-66.9926516458 10.4855628568,-66.9925094887 10.4854652723,-66.992372696 10.4853624129,-66.99224395 10.4851883432,-66.9921849414 10.4850195482,-66.9920915365 10.4848375409,-66.9919247671 10.48478218,-66.9911952063 10.484676683,-66.9911856204 10.4845642377,-66.9912783548 10.4845949228,-66.9918577119 10.4847030572,-66.9920079156 10.4847584432,-66.9921178862 10.4848032794,-66.992179577 10.4849246009,-66.9921903058 10.4848164665,-66.9921473905 10.4847083321,-66.9921178862 10.4846107473,-66.9921554371 10.4844129403,-66.9921797141 10.4843239021,-66.992372696 10.4842652443,-66.9924826666 10.4841782091,-66.9925421476 10.484094116	ff0000ff	__export__.isp_zone_10_cc081805	cable
Fibra 24 - El progreso	-66.9778763545 10.476059897,-66.9782473022 10.4762942362,-66.9788588459 10.4762045612,-66.9787998373 10.4760990613,-66.9786228115 10.4759460863,-66.9783438617 10.4759091613,-66.978268114 10.4757824436,-66.9784833366 10.475518811,-66.9788313779 10.4752140615,-66.9790251428 10.475038785,-66.9789875919 10.474769759,-66.9788300368 10.4746140282,-66.9783761863 10.4741874857,-66.9785278277 10.4747395176,-66.9784828219 10.4748820367,-66.9783686968 10.4750307548,-66.9784565146 10.4748567969,-66.9784920683 10.4746948665,-66.978357968 10.4741181757,-66.9784719878 10.4740553146,-66.9789043614 10.4740220712,-66.979077846 10.4738413626,-66.9789406411 10.4736902599,-66.978487665 10.4735151552,-66.9783536495 10.4733877093,-66.9780751437 10.4731060734,-66.9781027402 10.4726180275,-66.9779470099 10.4725516244,-66.977561056 10.4728845001,-66.9777615191 10.4734388514,-66.9775038531 10.472953124,-66.9773262636 10.4728013707,-66.9770317843 10.4727737723,-66.9766914282 10.4725370444,-66.9771626489 10.4724215666,-66.9766505431 10.4725003453,-66.9767603175 10.4729174219,-66.9766160419 10.4724915567,-66.9763451388 10.4723702303,-66.9761568205 10.4721894638,-66.976087218 10.471882395,-66.9760121162 10.4716872174,-66.9759127395 10.4715881059,-66.9757385309 10.4713496125,-66.9756366069 10.4711544346,-66.9756096499 10.470963009,-66.9755330187 10.4707650833,-66.9756564003 10.4705488046,-66.9756403071 10.4704696782,-66.975547959 10.4702808802,-66.9752585307 10.4698929172,-66.9750544326 10.4696267675,-66.9749062562 10.4694207951	fffa0004	__export__.isp_zone_10_cc081805	cable
D44 Naps 44191, 44192, 44193 y 44195	-66.9798397853 10.4680948201,-66.9797786606 10.4682926831,-66.9798054827 10.4685089633,-66.9798931852 10.4688520286,-66.9800522459 10.4691261526,-66.9801112545 10.469284406,-66.9800415171 10.4693846332,-66.979950322 10.4693688078,-66.9795257226 10.4692377716,-66.9793012274 10.4692738558,-66.9789096249 10.4691683535,-66.9786521328 10.4692633056,-66.978346361 10.4693424323,-66.978244437 10.4693160567,-66.9781656438 10.4693172304,-66.9779678368 10.4693738298,-66.9777747177 10.4693158036,-66.9775440478 10.469289428,-66.9772827253 10.4692519485,-66.9772704624 10.4693738298,-66.9774582171 10.4695320831,-66.9776674294 10.4696164849,-66.9778283619 10.4697272621,-66.9780804896 10.4700015675,-66.9782640785 10.4702314697	ff0000ff	__export__.isp_zone_10_cc081805	cable
D44 nap 44198	-66.9782640785 10.4702314697,-66.9783549383 10.4697656123	ff00ff37	__export__.isp_zone_10_cc081805	cable
D44 nap 44194	-66.9781656438 10.4693172304,-66.9779408874 10.4693762559,-66.9779070094 10.4692084288	ff00ff37	__export__.isp_zone_10_cc081805	cable
D44 nap 44196	-66.9772827253 10.4692519485,-66.9771650315 10.4692518521,-66.9769263149 10.4692281141,-66.976824391 10.4692307516,-66.9766661406 10.4691859132,-66.9765749455 10.4691226118,-66.9764810682 10.4690408475,-66.9762983891 10.4689590831,-66.9762302818 10.4689447554	ff00ff37	__export__.isp_zone_10_cc081805	cable
D45 naps 45201 y 45202	-66.9803105389 10.4722851112,-66.9804563189 10.4722542203,-66.980418768 10.4720643179,-66.980252471 10.4719482665,-66.9801111147 10.471863119,-66.9799681568 10.4718111147,-66.9799252415 10.4716581376,-66.9800754452 10.4715790115,-66.9800698757 10.4714671589	ff00ff37	__export__.isp_zone_10_cc081805	cable
D45 naps 45203 y 45204	-66.9803105389 10.4722851112,-66.9800899923 10.4722043499,-66.9799091482 10.4720273925,-66.9796999359 10.4719482665,-66.9795658255 10.4718638654,-66.9795604611 10.4717583639,-66.9796516562 10.471689788,-66.9796892071 10.4715842865,-66.979601495 10.4715294707	ff00ff37	__export__.isp_zone_10_cc081805	cable
D45 naps 45205, 45206 y 45207	-66.9803105389 10.4722851112,-66.9799842501 10.4725232484,-66.9798747811 10.4724592516,-66.9797053004 10.472317521,-66.9796301985 10.4722014696,-66.9793834353 10.4720221174,-66.9791935 10.4718737194,-66.9788684511 10.4717108883,-66.9787879849 10.4716423123,-66.9785712275 10.4714886391	ff00ff37	__export__.isp_zone_10_cc081805	cable
D45 Nap 45208	-66.9803105389 10.4722851112,-66.9803744497 10.4725050855,-66.9802296104 10.4729112647,-66.9804441872 10.4729851155,-66.9808679762 10.4731908424,-66.9809645357 10.4732752431,-66.9808357897 10.4737025215,-66.9809108915 10.4739609983,-66.9809323492 10.4738343975,-66.9809859934 10.4736814214,-66.9810771885 10.4735970207,-66.9812434854 10.4735284452,-66.9813454094 10.4735389953,-66.9815069646 10.4736004225	ff00ff04	__export__.isp_zone_10_cc081805	cable
D46 Nap 46201 a 46207	-66.9803105389 10.4722851112,-66.9805053994 10.4722333628,-66.9803123421 10.4724785512,-66.9803016132 10.4728530802,-66.9806435332 10.4730391277,-66.9802747911 10.4728346175,-66.9802265114 10.4726790034,-66.980349893 10.4723018366,-66.9801704586 10.4723830427,-66.9803767151 10.4723176618,-66.9801621384 10.4725497645,-66.9800521678 10.4727027411,-66.9799502438 10.4728636303,-66.9798858708 10.4731643081,-66.979759807 10.4731801333,-66.9797249383 10.4731247453,-66.9796364254 10.4730799074,-66.9795042649 10.4729893444,-66.9794486708 10.4729295684,-66.979240408 10.4727426775,-66.9790553356 10.4727268524,-66.9788390771 10.4728548306,-66.9786422754 10.4729747798,-66.9784652496 10.4728930165,-66.9783737138 10.4724545857,-66.9783116305 10.4723504447,-66.9780755961 10.4721315296,-66.9779924476 10.4721209794,-66.9773772731 10.472258749	ff0000ff	__export__.isp_zone_10_cc081805	cable
Jumper Nap 46207	-66.9773772731 10.472258749,-66.9774638012 10.472113386,-66.9774879411 10.4719524965,-66.9774074748 10.4717995195	ff00ff37	__export__.isp_zone_10_cc081805	cable
D47 Naps 47212 y 47219 a 472912	-66.9831503637 10.4772749618,-66.9831467047 10.4778126813,-66.9829600422 10.4774852599,-66.9827025501 10.4774325102,-66.9823324053 10.4774377852,-66.9819832966 10.4774872815,-66.9817745058 10.4774958099,-66.9815209508 10.4774417848,-66.9810342161 10.4771634863,-66.980814275 10.4767625876,-66.9806824252 10.4765994361,-66.980712351 10.4764197133,-66.9807445375 10.4761401386,-66.9807016222 10.4758605636,-66.9807230799 10.4756812135,-66.9807177154 10.4755124133,-66.9805667549 10.4752767298	ff00ff04	__export__.isp_zone_10_cc081805	cable
12H	-66.9831503637 10.4772749618,-66.9831423462 10.4771279237,-66.9831299409 10.4768325246,-66.9834018499 10.4765681159,-66.9835979864 10.4765328394,-66.9838601723 10.4766251517,-66.9837542251 10.476445802,-66.9835594296 10.4761965586,-66.9833274186 10.4761711726,-66.9835544005 10.4761751289,-66.9834719226 10.4757607117,-66.9829291105 10.4756486179,-66.9828375801 10.476027429,-66.9829763845 10.475681257,-66.982768178 10.4756644429,-66.9825147092 10.4755028958,-66.9823822752 10.4754056378,-66.9821241125 10.4754056378,-66.9818998128 10.4753040939	ff0000ff	__export__.isp_zone_10_cc081805	cable
D47 Nap 47218	-66.9835979864 10.4765328394,-66.9838892207 10.4766288283,-66.9843161479 10.4766920781	ff00ff04	__export__.isp_zone_10_cc081805	cable
D47 Nap 47217	-66.9835594296 10.4761965586,-66.9836061726 10.4761249805,-66.9835257063 10.4758559555,-66.9835364351 10.4756924304,-66.9835337529 10.4754840676,-66.9835257063 10.4753627424,-66.9834586511 10.4751649295,-66.9834479222 10.4750884418,-66.9834720621 10.4749196413,-66.9835663986 10.4747029982	ff00ff04	__export__.isp_zone_10_cc081805	cable
D49 a Naps	-66.9772250758 10.469459099,-66.9771573965 10.4693366361,-66.976924694 10.4693161348,-66.9766615381 10.4692549646,-66.9765076936 10.4691294684,-66.9764753894 10.4690549798,-66.9762302818 10.4689447554,-66.97631713 10.4687316899,-66.9764431939 10.4686822356,-66.9764874503 10.4686311329,-66.9766601175 10.4686997095,-66.9768455252 10.4687303711,-66.9768897817 10.4686469582,-66.9767647237 10.468521674	ff0000ff	__export__.isp_zone_10_cc081805	cable
D49 Nap 49221	-66.9772250758 10.469459099,-66.9772257524 10.469308872,-66.9773142653 10.46915985,-66.9772924483 10.4689308257	ff00ff37	__export__.isp_zone_10_cc081805	cable
D49 Nap 49222	-66.9772250758 10.469459099,-66.9771707672 10.4692890903,-66.9768073278 10.4692389767,-66.9768230617 10.4690749024	ff00ff37	__export__.isp_zone_10_cc081805	cable
D49 Nap 49225	-66.9768455252 10.4687303711,-66.9772005826 10.468636408	ff00ff37	__export__.isp_zone_10_cc081805	cable
D49 Nap 49227	-66.9767647237 10.468521674,-66.9767157733 10.46833111	ff11ff00	__export__.isp_zone_10_cc081805	cable
D49 Nap 49229	-66.9767157733 10.46833111,-66.9766634695 10.4681912757,-66.9766369835 10.4681408756	ff00ff04	__export__.isp_zone_10_cc081805	cable
D49 Nap 49228	-66.9767157733 10.46833111,-66.9764019549 10.4683340773	ff00ff37	__export__.isp_zone_10_cc081805	cable
Nap 49229 a 492213	-66.9766369835 10.4681408756,-66.9769431652 10.468068627,-66.9771631063 10.4679472988,-66.9773750008 10.4678497088,-66.9776888193 10.4677151928,-66.9778198376 10.4677571094	ff00ff04	__export__.isp_zone_10_cc081805	cable
Nap 492213 a 492214 y 492215	-66.9778198376 10.4677571094,-66.9777645171 10.4680416371,-66.9776763394 10.4683469354	ff00ff44	__export__.isp_zone_10_cc081805	cable
Nap 492213 a 492216	-66.9778198376 10.4677571094,-66.9777991764 10.4680597601,-66.9778984182 10.468115149,-66.9778366014 10.4682978107	ff00ff44	__export__.isp_zone_10_cc081805	cable
Fibra a Nap 492210	-66.9772250758 10.469459099,-66.9773162627 10.4692321986,-66.9780324125 10.4693825393,-66.9779760861 10.4693297882,-66.9778875732 10.4692612117,-66.9779090309 10.4691794475,-66.9779760861 10.4689948184,-66.9780330732 10.4688882951,-66.9783435487 10.4688919535,-66.9784401083 10.4688154643,-66.9785205745 10.4687310623,-66.9789708406 10.4686726745	ff00ff04	__export__.isp_zone_10_cc081805	cable
Nap 492210 a 492211	-66.9780330732 10.4688882951,-66.9781152159 10.4684530974	ff00ff44	__export__.isp_zone_10_cc081805	cable
Marcador 54	-66.9763230461 10.4701730411,-66.9762575687 10.4701465954,-66.9759947449 10.4701072977,-66.9757206817 10.4699329978,-66.9755082292 10.4698300789,-66.9754293188 10.4697705577,-66.9750715792 10.4694524027,-66.9750212878 10.4691161143,-66.9751456752 10.4688174107,-66.9751627743 10.4684982656,-66.9753907621 10.4684850778,-66.9756509364 10.4684445253,-66.9758705422 10.4683851801,-66.9760324806 10.4683294615	ff00ffee	__export__.isp_zone_10_cc081805	cable
D48 Nap 48232	-66.9750715792 10.4694524027,-66.9751553284 10.4694277218,-66.9752223836 10.4693617829,-66.9752492057 10.4691296779,-66.9752907799 10.4690400009,-66.9753433605 10.4689711394	ff00ff37	__export__.isp_zone_10_cc081805	cable
Drop a cajas 6, 7 y 8 de D48	-66.9763230461 10.4701730411,-66.9763737917 10.4702703736,-66.9763006563 10.4704128304,-66.9761750175 10.4704945944,-66.9760355427 10.4704945944,-66.9759550764 10.4704840442,-66.975963123 10.4706660349,-66.9759432971 10.4707487585,-66.9761025979 10.4708981388,-66.9762823059 10.4709034138,-66.9765827133 10.4709456145,-66.9768092729 10.4711566147,-66.9768237323 10.4712578042	ff00ff04	__export__.isp_zone_10_cc081805	cable
Drop a cajas 9 y 10 de D48	-66.9763230461 10.4701730411,-66.9766310781 10.4703150434,-66.9770708308 10.4704240107,-66.9772828549 10.4705761606,-66.9774974316 10.4707607887,-66.977451834 10.4708794782,-66.9773928254 10.4709691547,-66.9773967 10.471115	ff00ff04	__export__.isp_zone_10_cc081805	cable
Drop Nap 501313	-66.9825309931 10.4797725553,-66.9822405323 10.4799530448,-66.9822673544 10.4800796432,-66.9827126011 10.4805649363,-66.9829432711 10.4806862595,-66.9828735336 10.4809552803,-66.9827018723 10.4811873765,-66.9827072367 10.4812928747,-66.9830505594 10.4814774965,-66.9831632122 10.4815829946,-66.9833187803 10.4816251938,-66.9834792987 10.4815957997	ff00ff44	__export__.isp_zone_10_cc081805	cable
Drop Nap 501315	-66.9825309931 10.4797725553,-66.982310809 10.4798531703,-66.9822518004 10.479913832,-66.982477106 10.4800905422,-66.9831576073 10.4804589972,-66.9835393436 10.4810911683,-66.9838048823 10.4813944756,-66.9841521978 10.4816610766	ff00ff44	__export__.isp_zone_10_cc081805	cable
Drop Nap 501316	-66.9825309931 10.4797725553,-66.9824478426 10.4793690378,-66.9823217787 10.4791791399,-66.9821501174 10.4791290279,-66.9819838204 10.4791976022,-66.9817048707 10.4796512471,-66.9814286031 10.4798464197,-66.9815943763 10.4800842063	ff00ff44	__export__.isp_zone_10_cc081805	cable
Drop Nap 501314	-66.9825309931 10.4797725553,-66.9824510866 10.4793053981,-66.9823384339 10.4791365999,-66.982032662 10.4791471498,-66.9816196018 10.4798487168,-66.9814479405 10.4799753152,-66.9812655502 10.4798487168,-66.9811153465 10.479669369,-66.9811689907 10.4795322206,-66.9813084656 10.4794267218,-66.9813621098 10.4792631986,-66.9813234732 10.479064165	ff00ff44	__export__.isp_zone_10_cc081805	cable
D51 Nap 51221	-66.9799502519 10.4652263428,-66.9798466658 10.4652790124,-66.9797045087 10.4651576832,-66.9796213603 10.4650996561,-66.9794698155 10.4649796457,-66.9793410694 10.4650587735	ff00ff04	__export__.isp_zone_10_cc081805	cable
D51 Nap 51222	-66.9799502519 10.4652263428,-66.9798413014 10.4652908815,-66.9797259664 10.4651801027,-66.9796079492 10.4652447237	ff00ff04	__export__.isp_zone_10_cc081805	cable
Distribucion H12 para Naps D51	-66.9799502519 10.4652263428,-66.979663313 10.4656027,-66.9795501184 10.4657516538,-66.9794734652 10.46584203,-66.9792970878 10.4660513779,-66.9791208883 10.4662608646,-66.9791102361 10.4662738955,-66.9789573502 10.4663398351	ff0000ff	__export__.isp_zone_10_cc081805	cable
Torre B4	-66.979663313 10.4656027,-66.9794133258 10.465474707	ff00ff04	__export__.isp_zone_10_cc081805	cable
Torre B3	-66.9794734652 10.46584203,-66.9792282533 10.465698902	ff00ff04	__export__.isp_zone_10_cc081805	cable
Torre B2	-66.9792970878 10.4660513779,-66.9790083122 10.4659441976	ff00ff04	__export__.isp_zone_10_cc081805	cable
Torre B1	-66.9791208883 10.4662608646,-66.978839333 10.4661367412	ff00ff04	__export__.isp_zone_10_cc081805	cable
Manga 14 a Naps  y 52142	-66.9861503129 10.4762622785,-66.9860172391 10.4762418922,-66.9860440611 10.4760994673,-66.9860762477 10.4759886923,-66.98605479 10.4757776922,-66.985990417 10.4756880172,-66.985990417 10.4756299921,-66.9861728072 10.4754770169,-66.986183536 10.4752185414,-66.9861030697 10.4749600657,-66.985952866 10.4748492903,-66.985813491 10.4746997748,-66.9857543826 10.4745538891,-66.9856363654 10.4744589386,-66.9854754328 10.4743428881,-66.9854056954 10.4741740871,-66.9852435216 10.4740944655	ff00ff37	__export__.isp_zone_10_cc081805	cable
Manga 14 a Naps 52143 hasta 52146	-66.9861503129 10.4762622785,-66.9860705733 10.4762160311,-66.9860973954 10.4760314061,-66.9861242175 10.4759206312,-66.986092031 10.4757887561,-66.985963285 10.475619956,-66.9857004285 10.4757834811,-66.985620372 10.4757346664,-66.9856467843 10.4758415061,-66.985373199 10.4759892062,-66.9850459695 10.4761527311,-66.985078156 10.4765219807,-66.9850430265 10.4766208658,-66.9849869609 10.476237131,-66.9849869609 10.4760103062,-66.985013783 10.4757729311,-66.9849923253 10.475704356,-66.9848045707 10.4755172808,-66.9847238436 10.475505863,-66.9845148921 10.4755120058,-66.9842734933 10.4755805809,-66.9841692969 10.4756776304	ff00ff04	__export__.isp_zone_10_cc081805	cable
Drop 6 hilos	-66.9861503129 10.4762622785,-66.9859982282 10.4762694195,-66.9859898463 10.475991493,-66.9859811291 10.4756285069,-66.985620372 10.4757346664,-66.9855640456 10.4758939055,-66.9852529094 10.4759555571,-66.9849048927 10.4762222742,-66.9850430265 10.4766208658,-66.9852103293 10.4768968135,-66.9852297753 10.4771681454,-66.9850990176 10.4774200256,-66.9847597182 10.4775225579,-66.9846185669 10.4777124569,-66.9847597182 10.4779989535,-66.9848887995 10.4782600642,-66.9849635661 10.4785897491,-66.9852234051 10.4787994285,-66.9856052846 10.4790147124	ff00ff04	__export__.isp_zone_10_cc081805	cable
Fibra 12	-66.9835165143 10.478777999,-66.9837206975 10.4788910808,-66.9839708135 10.4790489996,-66.9840767607 10.4791792248,-66.9843037426 10.4792326336,-66.9844355062 10.4794597858,-66.984770447 10.4792553818,-66.9847771525 10.4792632942,-66.9844355062 10.4794597858,-66.9843037426 10.4792326336,-66.9844988734 10.4790239436,-66.9843567163 10.4787272276,-66.984231323 10.4784868875,-66.9840660319 10.4781426963,-66.9838990644 10.4776890492,-66.9841739908 10.4775034361,-66.9843329117 10.4773432087,-66.9847245142 10.477189575,-66.9849652424 10.4771463861,-66.9852297753 10.4771681454,-66.9852103293 10.4768968135,-66.9850430265 10.4766208658,-66.9849048927 10.4762222742,-66.9852529094 10.4759555571,-66.9855640456 10.4758939055,-66.985620372 10.4757346664,-66.9859811291 10.4756285069,-66.9859898463 10.475991493,-66.9859982282 10.4762694195,-66.9861507788 10.4762252414,-66.9861503129 10.4762622785	ff0000ff	__export__.isp_zone_10_cc081805	cable
