Distribucion PON 1 (OLT 1) San Francisco	-66.9482712273 10.4854175509,-66.9483664199 10.48541024,-66.9484723671 10.4855117806	ff00ff37	__export__.isp_zone_1_8c968949	cable
Distribucion PON 1 (OLT 1) SAM	-66.9482712273 10.4854175509,-66.9482266961 10.4854596131,-66.9484385907 10.4857655536,-66.9483436211 10.4858299317,-66.948265837 10.4858774052	ff00ff37	__export__.isp_zone_1_8c968949	cable
Distribucion PON 1 (OLT 1) Talleres	-66.9482712273 10.4854175509,-66.9482167489 10.4854709597,-66.9480941757 10.485452781,-66.9480660125 10.4854699242	ff00ff37	__export__.isp_zone_1_8c968949	cable
Distribucion PON 1 (OLT 1) Rotaria	-66.9482712273 10.4854175509,-66.9482260027 10.4854618609,-66.9485103168 10.4858693418,-66.9484401806 10.485891911,-66.9483771487 10.4859393845,-66.9483181401 10.485977627	ff00ff37	__export__.isp_zone_1_8c968949	cable
Distribucion PON 1 (OLT 1) Filomena	-66.9482712273 10.4854175509,-66.9478907265 10.4849567947,-66.9478018149 10.4850255188,-66.9477240308 10.4850835421	ff00ff37	__export__.isp_zone_1_8c968949	cable
Distribucion PON 1 (OLT 1) Phrofinca	-66.9482712273 10.4854175509,-66.9481784587 10.4855054557,-66.9478525703 10.4857296362,-66.9476970021 10.4856597446,-66.947566915 10.4854790815,-66.9475776438 10.4854025963,-66.9474960431 10.4852747552,-66.9474531277 10.4852233255	ff00ff37	__export__.isp_zone_1_8c968949	cable
Distribucion PON 1 (OLT 1) Alfredo Bassano	-66.9482712273 10.4854175509,-66.9481841692 10.485504137,-66.9479977556 10.485567435,-66.9477241703 10.4857586478,-66.9477304875 10.4858493544,-66.9477841317 10.4858559479,-66.9478216826 10.4858994653	ff00ff37	__export__.isp_zone_1_8c968949	cable
Distribucion PON 2 (OLT 1) Calle Ciega	-66.9486968528 10.4861119706,-66.9487160298 10.4860570388,-66.9485792371 10.4858961565,-66.9485550973 10.4858354959,-66.948783085 10.4857194496,-66.9488229092 10.4856778468,-66.949074927 10.4855177943	ff00ff37	__export__.isp_zone_1_8c968949	cable
Distribucion PON 2 (OLT 1) La Linea	-66.9486968528 10.4861119706,-66.9489388416 10.486039491,-66.948995168 10.4858865209,-66.9491423894 10.4857517111,-66.9493644462 10.4853352983,-66.94942573 10.4850098802,-66.9495442632 10.4846769607,-66.9497411168 10.484350325,-66.9499456732 10.4840811512	ffff002b	__export__.isp_zone_1_8c968949	cable
Distribucion PON 2 (OLT 1) C. Antimano	-66.9486968528 10.4861119706,-66.9489120195 10.4861739991,-66.9492764547 10.4859818452,-66.9495270963 10.4858451855,-66.9498463736 10.485395467,-66.9501405982 10.4850557752,-66.950317497 10.4847682548,-66.9504315058 10.4847389308	ffff002b	__export__.isp_zone_1_8c968949	cable
Distribucion PON 2 (OLT 1) Tamaira	-66.9486968528 10.4861119706,-66.9485690508 10.4862287775,-66.9482498679 10.4863870222,-66.9480942998 10.4864450452,-66.9479988525 10.4863351456	ff00ff37	__export__.isp_zone_1_8c968949	cable
Distribucion PON 2 (OLT 1) Funchal	-66.9504315058 10.4847389308,-66.9502792949 10.4849911249,-66.9501549838 10.4850670722,-66.9499554554 10.4849386513,-66.9498857982 10.4848934753,-66.9498241074 10.4848460017	ff00ff04	__export__.isp_zone_1_8c968949	cable
Distribucion PON 3 (OLT 1) San Michael	-66.9491149974 10.4845042803,-66.949165247 10.4844892912,-66.94923626 10.4844848336,-66.9492761579 10.4844828555,-66.9493234318 10.4844828555	ff00ff37	__export__.isp_zone_1_8c968949	cable
Distribucion PON 3 (OLT 1) Emma	-66.9491149974 10.4845042803,-66.9490592997 10.4844286304,-66.9491859686 10.4843529622,-66.9492530238 10.4843107633	ff00ff37	__export__.isp_zone_1_8c968949	cable
Distribucion PON 3 (OLT 1) Marina Suites	-66.9491149974 10.4845042803,-66.9490774046 10.4846600243,-66.949055947 10.4847859614,-66.9490177255 10.4848512376,-66.9491826158 10.4849272617,-66.9492355894 10.4849477018,-66.9492865514 10.4849720979	ff00ff37	__export__.isp_zone_1_8c968949	cable
Distribucion PON 3 (OLT 1) Santa Fe	-66.9491149974 10.4845042803,-66.9490820985 10.4846659585,-66.9490727108 10.4847325535,-66.94923626 10.4847202239,-66.9493113618 10.4847169271	ff00ff37	__export__.isp_zone_1_8c968949	cable
Distribucion PON 3 (OLT 1) Ulises	-66.9491149974 10.4845042803,-66.9490472298 10.4845162845,-66.9489667635 10.4845090316,-66.9488822084 10.4845646157	ff00ff37	__export__.isp_zone_1_8c968949	cable
Distribucion PON 3 (OLT 1) Calle	-66.9491149974 10.4845042803,-66.9490987968 10.4845125266	ff00ff37	__export__.isp_zone_1_8c968949	cable
Distribucion PON 3 (OLT 1) Cultura	-66.9491149974 10.4845042803,-66.9490476898 10.4845200633,-66.9490339435 10.4844979748,-66.9490087978 10.4844719302,-66.9487003437 10.4846509456,-66.9486279241 10.4846769901,-66.9485891771 10.4846107707,-66.9485452989 10.4845413356	ff00ff37	__export__.isp_zone_1_8c968949	cable
Distribucion PON 3 (OLT 1) Talleres	-66.9482712273 10.4854175509,-66.9482136442 10.4854689816,-66.9481246536 10.4854349244	ff00ff37	__export__.isp_zone_1_8c968949	cable
Distribucion PON 4 (OLT 1) PPP07 A	-66.9507322653 10.4823047514,-66.9508028499 10.4823400027,-66.9508675577 10.4822683763,-66.9508407356 10.4822466174,-66.9508145841 10.482222221,-66.9507931264 10.4822017808,-66.9507703276 10.4821787031,-66.9507515521 10.482160241	ff11ff00	__export__.isp_zone_1_8c968949	cable
Distribucion PON 4 (OLT 1) PPP07 B	-66.9507322653 10.4823047514,-66.9507522227 10.4823705773,-66.9507280828 10.4823514558,-66.9507046135 10.4823283782,-66.9506851675 10.4823092567,-66.9506630393 10.4822888165,-66.9506422521 10.4822657389	ff11ff00	__export__.isp_zone_1_8c968949	cable
Distribucion PON 5 (OLT 1) PPP07 C	-66.9507322653 10.4823047514,-66.9507806913 10.4823687894,-66.9506429227 10.4824609098,-66.9506231079 10.4824455135,-66.9506029914 10.4824263921,-66.9505801926 10.4824079299,-66.9505587349 10.4823841929,-66.9505332539 10.4823564998	ff11ff00	__export__.isp_zone_1_8c968949	cable
Distribucion PON 5 (OLT 1) PPP07 D	-66.9507322653 10.4823047514,-66.950793606 10.4823649397,-66.9505386183 10.4825437583,-66.9505171607 10.4825239775,-66.950495703 10.4825081528,-66.9504775981 10.4824923282,-66.9504581521 10.4824725473,-66.9504340122 10.4824488103	ff11ff00	__export__.isp_zone_1_8c968949	cable
Distribucion PON 6 (OLT 1) PPP07 E	-66.9501144978 10.4822291614,-66.9502052584 10.4823022999,-66.9503487566 10.4821750431,-66.9503334294 10.4821573284,-66.9502730797 10.4820979858,-66.9502180944 10.4820531492,-66.950161768 10.48201095	ff11ff00	__export__.isp_zone_1_8c968949	cable
Distribucion PON 6 (OLT 1) PPP07 F	-66.9501144978 10.4822291614,-66.9502032467 10.482275266,-66.950239552 10.4822430454,-66.9502020011 10.4822034837,-66.9501604269 10.4821744718,-66.9501215348 10.4821415037,-66.9500893483 10.4821111731,-66.9500585029 10.4820847986	ff11ff00	__export__.isp_zone_1_8c968949	cable
Distribucion PON 7 (OLT 1) PPP07 G	-66.9501144978 10.4822291614,-66.9501488573 10.4823022999,-66.9501282404 10.482335356,-66.9500866661 10.4823155752,-66.9500477741 10.4822839258,-66.9500196109 10.4822522765,-66.9499927888 10.4822219458,-66.9499606023 10.4821889778	ff11ff00	__export__.isp_zone_1_8c968949	cable
Distribucion PON 7 (OLT 1) PPP07 H	-66.9501144978 10.4822291614,-66.9501622683 10.4823036186,-66.9501441634 10.4823491145,-66.9500236342 10.4824184356,-66.9499901066 10.4823879046,-66.9499659667 10.4823615302,-66.949931098 10.4823364744,-66.9498989115 10.4823035064,-66.949866725 10.482271857	ff11ff00	__export__.isp_zone_1_8c968949	cable
Distribucion PON 8 (OLT 1) PPP07 I	-66.9501144978 10.4822291614,-66.9501957959 10.4823273556,-66.9499203692 10.4824986773,-66.9498855005 10.482476259,-66.9498586784 10.482452522,-66.9498291741 10.4824301037,-66.9497969876 10.4823997731,-66.9497567544 10.4823615302	ff11ff00	__export__.isp_zone_1_8c968949	cable
Distribucion PON 8 (OLT 1) PPP07 J	-66.9501144978 10.4822291614,-66.9502118892 10.482328015,-66.9498103986 10.4825936253,-66.9497808943 10.4825659321,-66.9497487078 10.48254747,-66.9497192035 10.482523733,-66.9496883581 10.4824973586,-66.9496548305 10.4824683467	ff11ff00	__export__.isp_zone_1_8c968949	cable
Distribucion PON 1 (OLT 2) Guayanita 13A51	-66.9520747615 10.4823774738,-66.9520813265 10.482294907,-66.951777629 10.4812838709	ff00ff37	__export__.isp_zone_1_8c968949	cable
Distribucion PON 1 (OLT 2) Guayanita 13A52 a 13A54	-66.9520747615 10.4823774738,-66.9518501274 10.4825454756,-66.9511788938 10.4829495564,-66.9506677796 10.4832148558,-66.9505336691 10.4833810143,-66.9504565863 10.4834931332	ff00ff04	__export__.isp_zone_1_8c968949	cable
Distribucion PON 1 (OLT 2) Mares	-66.9520747615 10.4823774738,-66.9510633774 10.483002024,-66.9506735933 10.4832479652,-66.9504394002 10.483484686,-66.9504876799 10.4835216101,-66.9507233444 10.4833682183,-66.950758621 10.4833518203,-66.9507881253 10.4833386331,-66.9508256763 10.4833201711	ff00ff04	__export__.isp_zone_1_8c968949	cable
Distribucion PON 1 (OLT 2) Giuseppe	-66.9520747615 10.4823774738,-66.9518044547 10.4825178696,-66.9518864568 10.4826809844,-66.9519271193 10.4826660859	ff00ff37	__export__.isp_zone_1_8c968949	cable
Drop 2 Nap 13A511	-66.9520747615 10.4823774738,-66.9514514411 10.4827722542	ff00ff44	__export__.isp_zone_1_8c968949	cable
Distribucion PON 2 (OLT 2) Linea 2	-66.9520747615 10.4823774738,-66.9506571766 10.4832530634,-66.9504318674 10.4834825311,-66.9504855116 10.483515499,-66.9506691667 10.4833496732,-66.9509117727 10.4832074698,-66.9511373428 10.4831039242,-66.9513628364 10.483028769,-66.9515676565 10.4829309079,-66.9517580934 10.4829480512,-66.951876229 10.4829064375	ff0000ff	__export__.isp_zone_1_8c968949	cable
Distribucion PON 3 (OLT 2) Elena	-66.9520747615 10.4823774738,-66.9506344391 10.4832270115,-66.9504627777 10.4833615209,-66.9501355482 10.4830423908,-66.9500944731 10.4829302525,-66.9500636277 10.4829038781,-66.9500314412 10.4828735475	ff00ff37	__export__.isp_zone_1_8c968949	cable
Distribucion PON 3 (OLT 2) Blanca	-66.9520747615 10.4823774738,-66.9505968882 10.4832454736,-66.9502902744 10.4830146506,-66.9503184376 10.4829869574	ff00ff37	__export__.isp_zone_1_8c968949	cable
Distribucion PON 4 (OLT 2) Vista Bella	-66.9462621259 10.4874167144,-66.9474481087 10.4868475559,-66.9475875836 10.4869741515,-66.9478692155 10.4868211819,-66.9480270358 10.4868684214,-66.9481588617 10.4870090712,-66.9480381947 10.486789533,-66.9493578415 10.4859587484,-66.9497574907 10.4856739075,-66.9499757648 10.4860828139,-66.9498111349 10.4856448959,-66.9499174386 10.4856660286,-66.95033337 10.4854967271,-66.9504675034 10.4857977198,-66.9503787785 10.4854655848,-66.9507051867 10.4852878875,-66.9508106142 10.485246679,-66.9511785618 10.4860995319,-66.9505676126 10.4865013774,-66.9508204951 10.4863564253,-66.9512183099 10.4861645001,-66.9514436155 10.4865627492,-66.9509281107 10.4868147721,-66.9516821501 10.4864060681,-66.9520254706 10.4863448203,-66.9522872681 10.4865810732,-66.9525297019 10.4868485577,-66.9524530351 10.4870225605,-66.9528541617 10.4872955195,-66.9524975154 10.4869962525,-66.9525860283 10.4868722943,-66.9528680612 10.4870106745,-66.9531059471 10.4872200728,-66.9537125561 10.4876028553,-66.9537288 10.4879894345,-66.9537381952 10.4879950043	fffa0004	__export__.isp_zone_1_8c968949	cable
Distribucion PON 1 (OLT 3) Miranda	-66.9481588617 10.4870090712,-66.9480428046 10.4868587358,-66.9480468279 10.4868765383,-66.9479975424 10.4869035717,-66.9480173236 10.4869391767	ff00ff44	__export__.isp_zone_1_8c968949	cable
Distribucion PON 1 (OLT 3) INTI	-66.9475419224 10.4879088115,-66.9479026959 10.4886951492,-66.9478034542 10.4886292144,-66.9475152293 10.4886965043,-66.9471048513 10.4888362861,-66.9467481175 10.4890340903	ff00ff37	__export__.isp_zone_1_8c968949	cable
Distribucion PON 1 (OLT 3) Rio	-66.9481588617 10.4870090712,-66.9482455391 10.4870007704,-66.9482991833 10.4871049479,-66.9481959183 10.4871853888	ff00ff44	__export__.isp_zone_1_8c968949	cable
Distribucion PON 1 (OLT 3)Helio	-66.9481588617 10.4870090712,-66.9481918949 10.4870706616,-66.9479598838 10.4871801139,-66.9479089219 10.487232862,-66.9479652483 10.4873317646	ff00ff44	__export__.isp_zone_1_8c968949	cable
Distribucion PON 1 (OLT 3) Mago	-66.9475419224 10.4879088115,-66.9476015768 10.4878652433,-66.947770556 10.4877900774,-66.9478197384 10.487853511	ff00ff44	__export__.isp_zone_1_8c968949	cable
Distribucion PON 1 (OLT 3) San Juan	-66.9475419224 10.4879088115,-66.9477772615 10.4884032722,-66.947989156 10.4883281064,-66.9480320714 10.4883043699,-66.9480823628 10.4882773366	ff00ff37	__export__.isp_zone_1_8c968949	cable
Distribucion PON 1 (OLT 3) Simon Bolivar	-66.9475419224 10.4879088115,-66.9476713143 10.4881474448,-66.9478948403 10.4880354915,-66.9479271671 10.4880209814,-66.9479606947 10.4880038384	ff00ff37	__export__.isp_zone_1_8c968949	cable
Caja Helio 5B1014	-66.9479652483 10.4873317646,-66.9479404768 10.4873434114	ff00ff44	__export__.isp_zone_1_8c968949	cable
Caja 5B1015 San Jose	-66.9481588617 10.4870090712,-66.9482603051 10.4870051166,-66.9483461357 10.4871422617,-66.9483890511 10.4870895136	ff00ff44	__export__.isp_zone_1_8c968949	cable
Distribucion PON 2 (OLT 3) Libertador	-66.9487109694 10.4884083889,-66.9483274462 10.4885593504,-66.9483515861 10.4884446238,-66.9486305359 10.4882942923,-66.948555434 10.4881228616,-66.9484555716 10.4881600809,-66.9483979041 10.4881956857,-66.9483469422 10.4882312906	ff00ff37	__export__.isp_zone_1_8c968949	cable
Subtroncal 1 de Distribucion de Manga 13 a P	-66.9487109694 10.4884083889,-66.9483358799 10.4885491339,-66.9483573376 10.4884482536,-66.9486416518 10.4882860539,-66.948567891 10.488093524,-66.9484579205 10.4879058801,-66.9487734134 10.4877288663	ff00ff04	__export__.isp_zone_1_8c968949	cable
Subtroncal 2 de Distribucion de Manga 13 a P	-66.9487109694 10.4884083889,-66.948339568 10.4885447892,-66.948359014 10.4884508321,-66.9486453398 10.4882863246,-66.9484678263 10.4879110063,-66.9487734134 10.4877288663	ff00ff04	__export__.isp_zone_1_8c968949	cable
Distribucion PON 2 (OLT 3) Santa Maria	-66.9487734134 10.4877288663,-66.9488741809 10.487938699,-66.94878146 10.4879795691,-66.9487157459 10.4880191301,-66.9486513729 10.4880481415	ff00ff37	__export__.isp_zone_1_8c968949	cable
Distribucion PON 2 (OLT 3) San Gaetano	-66.9487734134 10.4877288663,-66.9486836418 10.4875383283,-66.9487841422 10.4874824193,-66.9488297398 10.4874652762	ff00ff37	__export__.isp_zone_1_8c968949	cable
Distribucion PON 2 (OLT 3) San Vicente	-66.9487734134 10.4877288663,-66.9486688896 10.4875139324,-66.9485695655 10.4875561166,-66.9485038514 10.4875930402	ff00ff37	__export__.isp_zone_1_8c968949	cable
Distribucion PON 2 (OLT 3) Clinica	-66.9487109694 10.4884083889,-66.9487345214 10.4883923216	ff00ff44	__export__.isp_zone_1_8c968949	cable
Distribucion PON 3 (OLT 3) Vista Bella	-66.9510096145 10.4846791785,-66.9508469149 10.4843374795,-66.9510148372 10.4842287699,-66.9510644581 10.4842129453,-66.9511167612 10.4841984395	ff00ff04	__export__.isp_zone_1_8c968949	cable
Distribucion PON 3 (OLT 3) San Jose	-66.9510096145 10.4846791785,-66.9511888965 10.4850455751,-66.9511135636 10.4851005911	ff00ff44	__export__.isp_zone_1_8c968949	cable
Distribucion PON 3 (OLT 3) Iglesia	-66.9510096145 10.4846791785,-66.951221083 10.4851088732,-66.9513256892 10.4853066798,-66.951337528 10.4855386162	ff00ff37	__export__.isp_zone_1_8c968949	cable
Distribucion PON 3 (OLT 3) Piedra Azul 7B128	-66.9519530634 10.4848190121,-66.9521532744 10.4846233029,-66.9524578244 10.4849224193	ff00ff04	__export__.isp_zone_1_8c968949	cable
Distribucion PON 3 (OLT 3) Piedra Azul 7B126 y 7B127	-66.9519530634 10.4848190121,-66.9519897789 10.4847773609,-66.9523679704 10.4851347318	ff00ff37	__export__.isp_zone_1_8c968949	cable
Distribucion PON 3 (OLT 3) Piedra Azul 7B129	-66.9523679704 10.4851347318,-66.9522922244 10.4852157892,-66.9523847606 10.4852962306	ff00ff44	__export__.isp_zone_1_8c968949	cable
Troncal PON 3 (OLT 3) Piedra Azul	-66.9510096145 10.4846791785,-66.951249234 10.4851398299,-66.9513592046 10.4853257681,-66.9515804868 10.4851490609,-66.9517722648 10.4849960904,-66.9519530634 10.4848190121	ff0000ff	__export__.isp_zone_1_8c968949	cable
Distribucion PON 4 (OLT 3) Araguaney	-66.952523561 10.4888677274,-66.9524853593 10.4889129524,-66.9525882834 10.4890435535	ff00ff37	__export__.isp_zone_1_8c968949	cable
Distribucion PON 4 (OLT 3) Santa Rosa	-66.952523561 10.4888677274,-66.9525621843 10.4889116337,-66.952943058 10.4886439386,-66.9530000025 10.4886743188,-66.9530563289 10.4886453075	ff00ff04	__export__.isp_zone_1_8c968949	cable
Distribucion PON 4 (OLT 3) Victoria	-66.952523561 10.4888677274,-66.9525353623 10.488923502,-66.9523368788 10.489065921,-66.9524776948 10.4891648231,-66.9525004935 10.4892558129,-66.9523864997 10.4893362532,-66.9524193042 10.4894039064,-66.9524353975 10.4894395112,-66.9524608785 10.489483028	ff00ff04	__export__.isp_zone_1_8c968949	cable
Distribucion PON 4 (OLT 3) Monte Blanco	-66.952523561 10.4888677274,-66.9525568199 10.4889169085,-66.9526882482 10.488832512,-66.9527183705 10.488867198	ff00ff37	__export__.isp_zone_1_8c968949	cable
Distribucion PON 4 (OLT 3) Vista Hermosa	-66.952523561 10.4888677274,-66.9525434089 10.4889300955,-66.9523154211 10.4890936136,-66.9523750478 10.4891915968,-66.9522851938 10.4891915968	ff00ff37	__export__.isp_zone_1_8c968949	cable
Distribucion PON 4 (OLT 3) Calle 15 izquierda	-66.9537381952 10.4879950043,-66.9537285885 10.4876641449,-66.9537258717 10.4875903911,-66.9539522689 10.4874633393,-66.9548555049 10.487569451	ff00ff37	__export__.isp_zone_1_8c968949	cable
Distribucion PON 4 (OLT 3) Calle 15 Derecha	-66.9537381952 10.4879950043,-66.953753988 10.4877745527,-66.953768787 10.4876484139,-66.953935084 10.4875640171,-66.9545877388 10.487659299	ff00ff04	__export__.isp_zone_1_8c968949	cable
Distribucion PON 4 (OLT 3) Calle 7A	-66.9537381952 10.4879950043,-66.9537841117 10.4879997869,-66.9537967993 10.4880021145,-66.9545589911 10.4881440902	ff00ff44	__export__.isp_zone_1_8c968949	cable
Distribucion PON 4 (OLT 3) Calle 7	-66.952523561 10.4888677274,-66.9524769744 10.4888512024,-66.9523838921 10.4889289647	ff00ff44	__export__.isp_zone_1_8c968949	cable
Distribucion PON 4 (OLT 3) Calle 12	-66.952523561 10.4888677274,-66.9521175584 10.4892296677,-66.9519888123 10.4892599976,-66.952146502 10.4895111166,-66.952458609 10.4899545125,-66.9524987014 10.4901247072	ff00ff04	__export__.isp_zone_1_8c968949	cable
Distribucion PON 5 (OLT 3) 9B1612 a 9B616	-66.9553940185 10.4888214167,-66.9555471722 10.4893621104,-66.9558261219 10.4899607964,-66.9560031477 10.4899660712,-66.9560494467 10.4899595172,-66.9561393007 10.489909407,-66.9561889215 10.4897366585,-66.9562372013 10.4895045687,-66.9562170847 10.4892311902,-66.956207697 10.4890452543,-66.9561814864 10.4889983702,-66.9562144025 10.4888250323,-66.9562398835 10.4886245906,-66.9563388177 10.4882162786,-66.9563710042 10.4880633096,-66.9563473852 10.487997251,-66.9563111753 10.4879286786,-66.9558966868 10.4873780943,-66.9558225069 10.4873107061,-66.9557393584 10.4872566393,-66.9554832075 10.4872276279,-66.9553437326 10.4872052099,-66.9553598259 10.4871616928,-66.955784956 10.4872170783,-66.9558507625 10.4872462905,-66.9563701174 10.4878679689,-66.9564148708 10.4880005882,-66.9564081652 10.4881680629,-66.956353452 10.4885053875	ff00ff04	__export__.isp_zone_1_8c968949	cable
Distribucion PON 5 (OLT 3) 9B1611	-66.9553940185 10.4888214167,-66.9555274591 10.4893553696,-66.9556401119 10.4895953716,-66.9557453886 10.4896580095,-66.9558981964 10.4899365522,-66.9559223363 10.4900262231,-66.9560966799 10.489984025,-66.9561825106 10.489907541,-66.9562361548 10.4898125953,-66.9562683413 10.4895224831,-66.956289799 10.489398526,-66.9562661565 10.4891777077	ff00ff44	__export__.isp_zone_1_8c968949	cable
Distribucion PON 5 (OLT 3) 9B164	-66.9553940185 10.4888214167,-66.9553574507 10.488771618	ff00ff37	__export__.isp_zone_1_8c968949	cable
Distribucion PON 5 (OLT 3) 9B167 a 9B610	-66.9553940185 10.4888214167,-66.9550150883 10.4883620755,-66.9553952601 10.4887862464,-66.9554890801 10.4890556544,-66.9554172683 10.4891811116,-66.9550988187 10.4891927986,-66.9549727549 10.4891875238,-66.9548533965 10.4891440069,-66.9546951462 10.4890042253,-66.9545945634 10.4888987297,-66.9545422603 10.4888367511,-66.95446893 10.488811516,-66.9540165473 10.4886283972,-66.9539897252 10.4885624623,-66.9540104235 10.4883339146	ff00ff37	__export__.isp_zone_1_8c968949	cable
Distribucion PON 5 (OLT 3) 9B162 a 9B66	-66.9553940185 10.4888214167,-66.9555106933 10.4890793118,-66.9556661921 10.489410415,-66.9559698924 10.4900188485,-66.9558288343 10.4900421813,-66.9556526588 10.4896219425,-66.9554600684 10.4891714679,-66.9554140994 10.489074836,-66.955037249 10.4891104408,-66.9548816809 10.4890735173,-66.9547891447 10.4889878022,-66.9546751508 10.4888704384,-66.9545732269 10.4887741736,-66.9544954428 10.488716151,-66.9544462193 10.4886907032	ff00ff04	__export__.isp_zone_1_8c968949	cable
Distribucion PON 6 (OLT 3) Calle 5 Izquierda	-66.948277859 10.4895052317,-66.9484267503 10.4898710106,-66.948807624 10.4896230966,-66.9494889051 10.489166829	ff00ff04	__export__.isp_zone_1_8c968949	cable
Distribucion PON 6 (OLT 3) Calle 5 Derecha	-66.948277859 10.4895052317,-66.9484696657 10.4899422199,-66.9489390522 10.4896283714,-66.9496015579 10.4891958402,-66.9503197194 10.4887178134,-66.9502813195 10.4886270541,-66.950116542 10.4887422093	ff00ff04	__export__.isp_zone_1_8c968949	cable
Troncal 1 La Paz	-66.9483995681 10.4854813765,-66.9482712273 10.4854175509,-66.9486968528 10.4861119706,-66.948494993 10.4862380149,-66.9473228676 10.4868129703,-66.9465638025 10.4871769323,-66.9462621259 10.4874167144,-66.9459522588 10.4874142986,-66.9457162244 10.4869975887,-66.9455301367 10.4871644874	ffff002b	__export__.isp_zone_1_8c968949	cable
SubTroncal Manga 1 a 3	-66.9482712273 10.4854175509,-66.948254047 10.4853758365,-66.9486161452 10.485191217,-66.9488924127 10.4850065975,-66.9491096717 10.4846320832,-66.9491149974 10.4845042803	ff00ff37	__export__.isp_zone_1_8c968949	cable
SubTroncal Manga 4 a 5	-66.9499456732 10.4840811512,-66.9501156049 10.4837351095,-66.9504589277 10.4834449916,-66.9505876737 10.4832498213,-66.9509309965 10.4830652006,-66.9518000322 10.482548262,-66.9520747615 10.4823774738	ff0000ff	__export__.isp_zone_1_8c968949	cable
SubTroncal Manga 5 a 6	-66.9520747615 10.4823774738,-66.9517356592 10.4809235923,-66.9514781671 10.4811293139,-66.951091929 10.4816409799,-66.9509518139 10.4816783563	ff00ff04	__export__.isp_zone_1_8c968949	cable
SubTroncal Manga 6 a 7	-66.9509518139 10.4816783563,-66.9507322653 10.4823047514	ff00ff04	__export__.isp_zone_1_8c968949	cable
SubTroncal Manga 6 a 8	-66.9509518139 10.4816783563,-66.9501144978 10.4822291614	ff00ff04	__export__.isp_zone_1_8c968949	cable
SubTroncal Manga 10 a 11	-66.9481588617 10.4870090712,-66.9480273809 10.486851607,-66.9478812006 10.4868120459,-66.9475874987 10.4869689716,-66.947437295 10.48683842,-66.9464014771 10.48725513,-66.9465194943 10.4874107368,-66.9467421176 10.4875188703,-66.9471310379 10.4873474392,-66.9475253226 10.4877245876,-66.9475419224 10.4879088115	ff0000ff	__export__.isp_zone_1_8c968949	cable
SubTroncal 11 a 13	-66.9475419224 10.4879088115,-66.9479325409 10.4887890992,-66.9483080501 10.4885754705,-66.9485789532 10.4884910739,-66.9487109694 10.4884083889	ff00ff37	__export__.isp_zone_1_8c968949	cable
Subtroncal 14A55 a Manga 12	-66.951876229 10.4829064375,-66.9519777592 10.4830821634,-66.9518651064 10.4832694215,-66.95134744 10.4834830539,-66.9510282572 10.4836518497,-66.9508780535 10.4838338327,-66.9507814939 10.4840975759,-66.9508217271 10.4843138451,-66.95091024 10.4845485762,-66.9510096145 10.4846791785	ff0000ff	__export__.isp_zone_1_8c968949	cable
SubTroncal Manga 14 a 15	-66.9537381952 10.4879950043,-66.9533440473 10.4881039259,-66.9530535378 10.4884001764,-66.9531273929 10.4884657631,-66.9526545765 10.4888051849,-66.9525606991 10.4888783724,-66.952523561 10.4888677274	ff0000ff	__export__.isp_zone_1_8c968949	cable
Subtroncal Manga 14 a 16	-66.9537381952 10.4879950043,-66.9537554878 10.4876398279,-66.9539826667 10.4875633408,-66.9554529653 10.4877633382,-66.9554881948 10.4880486247,-66.9556140645 10.4883025641,-66.955630352 10.488470608,-66.9553940185 10.4888214167	ff00ff37	__export__.isp_zone_1_8c968949	cable
SubTroncal Manga 11 a 17	-66.9475419224 10.4879088115,-66.9479137987 10.4887984118,-66.9480371803 10.4888300605,-66.948277859 10.4895052317	ff00ff04	__export__.isp_zone_1_8c968949	cable
Distribucion PON 9 (OLT 3) Linea 3	-66.9455018027 10.4885696222,-66.9455076545 10.4885411094,-66.9454927527 10.488271673,-66.9449415587 10.4886171715,-66.9450756692 10.4887701403,-66.9449858894 10.4889859004,-66.9449469232 10.4891103635,-66.9448986434 10.4892686067,-66.9448905968 10.4894505864,-66.9448342704 10.4895930051,-66.9446813845 10.4899174032,-66.9446055969 10.4899555365,-66.9443328902 10.4895451672,-66.9442736887 10.4894743228,-66.9442093157 10.4893477283,-66.9441288494 10.4893160797,-66.9440403365 10.4894664107,-66.9438002252 10.4898005787,-66.9435545155 10.4902747011,-66.9441418613 10.4892850852,-66.9445683325 10.4899813545,-66.9441552723 10.4900367395,-66.9440533484 10.4901686085,-66.9439487422 10.4902899279,-66.9438736404 10.4904086099,-66.943881687 10.4905589403,-66.9438758419 10.4906241433	ff0000ff	__export__.isp_zone_1_8c968949	cable
Troncal 2 Princaipal Atlantico-Moran	-66.9483995681 10.4854813765,-66.9482607741 10.4854130773,-66.9482744387 10.4855158102,-66.9485112812 10.4858002239,-66.9486112653 10.4859394419,-66.9487191872 10.486137277,-66.9484628923 10.4862670863,-66.9481887578 10.4864929508,-66.9478490505 10.4865922017,-66.9475956741 10.4868187766,-66.9473932113 10.4868186437,-66.946953555 10.4870588265,-66.9465670997 10.4873072637,-66.9470029036 10.4872735567,-66.9466052573 10.4877801296,-66.9466147999 10.4877344863,-66.9463244622 10.4879133392,-66.9460206604 10.4881187938,-66.9458024362 10.4883117241,-66.9455270686 10.4882830071,-66.9454957677 10.4885656661,-66.9454913674 10.4886073301,-66.9454615555 10.48884054,-66.94544172 10.4890298558,-66.9454611234 10.4891227437,-66.9454977743 10.4893435835,-66.9455996024 10.4897556033,-66.9456823035 10.4901263902,-66.9457540204 10.4903579993,-66.9458650394 10.4906851368,-66.9460192435 10.4910092281,-66.9461184836 10.4912363948,-66.9462699888 10.4915862355,-66.9464451605 10.4919257895,-66.946574846 10.4921931964,-66.946685558 10.4924719293,-66.946800372 10.4926807005,-66.9468002652 10.4926872287,-66.9469051094 10.4928655734,-66.9469710227 10.4932437538,-66.9468487762 10.4935479056,-66.9468394588 10.4935722803,-66.9466547991 10.4937488298,-66.9466497165 10.4937559433,-66.9464388333 10.493815379,-66.9460743791 10.4938394569,-66.9458649365 10.4938375797,-66.9457709959 10.4937785622,-66.9455013427 10.4937261754,-66.9452805233 10.4937138447,-66.9450448368 10.4937562207,-66.9449708476 10.4937912506,-66.9449222034 10.4937976033,-66.9444902331 10.4935304757,-66.9444938902 10.4935314936,-66.9442970039 10.493345639,-66.9440781073 10.4933171635,-66.9437603023 10.49354389,-66.94359283 10.4935098147,-66.9434296564 10.4937299185,-66.9432574617 10.4938558979,-66.9430644792 10.4940170503,-66.9430064676 10.4939355926,-66.9428774133 10.4937765001,-66.9427033367 10.4934874836,-66.9425826433 10.4932729685,-66.9424013938 10.4930609182,-66.942294753 10.4929410097,-66.9421631671 10.4929562333,-66.9416781273 10.492142926,-66.9413283297 10.4923530208,-66.9410964574 10.4925319862,-66.9417431177 10.4934450157,-66.9418694709 10.4936413063,-66.9421014361 10.4939839297,-66.9421531824 10.4940806924,-66.9419024244 10.4941327152,-66.9416353545 10.4942691165,-66.9414435604 10.4944397516,-66.9412188584 10.4947430646,-66.9409036203 10.4948888328,-66.9405837166 10.4950807435,-66.9402376611 10.4951671867,-66.9396665374 10.4956381544,-66.9390409975 10.4957281531,-66.9388971818 10.495691491,-66.9381958861 10.496066579,-66.9377588104 10.4961128078,-66.937200274 10.4961724718,-66.9366064927 10.4964253495,-66.9364244273 10.4965004544,-66.9361410623 10.4966153865,-66.9359846283 10.4969874086,-66.9358035672 10.497190619,-66.9350885536 10.49749918,-66.9352854612 10.4978674036,-66.9348774754 10.4981746306,-66.9348112145 10.4984961493	ffff00fb	__export__.isp_zone_1_8c968949	cable
Jumper T1 a Manga 1	-66.9454913674 10.4886073301,-66.9455018027 10.4885696222	ff0000ff	__export__.isp_zone_1_8c968949	cable
Subtroncal La Moran	-66.9449222034 10.4937976033,-66.944766644 10.4939189659,-66.9446539912 10.4941642391,-66.9446405802 10.4944200614,-66.9447773728 10.4947207184,-66.9449678097 10.4948868708,-66.9453708442 10.4952713714,-66.9455793533 10.4955910394,-66.9456134043 10.4957457951,-66.9455785356 10.4959567816,-66.9455087982 10.4964394125,-66.9454760457 10.4965256883,-66.9454894567 10.4966839277,-66.9455645586 10.4968896389,-66.9457308555 10.4971661671,-66.9458596015 10.4975512154,-66.9458971525 10.4977120917,-66.9458515549 10.497891429,-66.9458055704 10.498060204,-66.9457385152 10.4983819558,-66.945698282 10.4987485416,-66.9457970621 10.4992038873,-66.9460062744 10.4997339845,-66.9463078294 10.500516128,-66.9465380121 10.5010472635,-66.9468661867 10.5015889862,-66.9474209357 10.5021111425	ff00a2ff	__export__.isp_zone_1_8c968949	cable
Distribucion Manga T2 a Manga 2	-66.9453708442 10.4952713714,-66.9454401883 10.4952520582,-66.9456459576 10.4953689943	ff00ffee	__export__.isp_zone_1_8c968949	cable
Distribuciones Manga T3 a Manga 3	-66.9348112145 10.4984961493,-66.9348499381 10.4981981912,-66.9353059136 10.4978698458,-66.9351007246 10.4975006218,-66.9358222083 10.497210917,-66.9360421494 10.4969287238,-66.9361118868 10.4967388366,-66.9361716409 10.4967438011	ff0000ff	__export__.isp_zone_1_8c968949	cable
Subtroncal T2 a M4 (La quebradita)	-66.9449222034 10.4937976033,-66.9448822242 10.493566213,-66.9447829825 10.4935345648	ff0000ff	__export__.isp_zone_1_8c968949	cable
Distribucion PON 11 (OLT 3). Semitroncal Los Pinos	-66.9456459576 10.4953689943,-66.9459058319 10.4954729516,-66.9459140178 10.4957834627,-66.9459823834 10.495524657,-66.9461585517 10.4955592986,-66.946336435 10.495635425,-66.9465361199 10.4955917057,-66.9467763172 10.495603777,-66.9469962584 10.495556305,-66.947088655 10.4955943431,-66.9472215639 10.495619601,-66.9473610388 10.4956565237,-66.9474695286 10.4957024736,-66.9475595223 10.4957514676,-66.9475756155 10.4956723477,-66.9476507174 10.495651249,-66.9477633702 10.4956406997,-66.947756525 10.4957486269,-66.9476009568 10.496016316	ff0000ff	__export__.isp_zone_1_8c968949	cable
Distribucion PON 12 (OLT 3).Moran	-66.9456459576 10.4953689943,-66.9456671923 10.4954787063,-66.9457363965 10.4957705497,-66.9457060844 10.4959712279,-66.9455939928 10.496588566,-66.9455873966 10.4968438532,-66.9457762026 10.4973852364,-66.9458935037 10.4977412007,-66.9457225584 10.4983531997,-66.9457382709 10.4984651426,-66.9457252406 10.4987336684,-66.9458261132 10.4991534793,-66.9460621476 10.4997633549,-66.9464591146 10.5007401423,-66.9468698278 10.5015158339	ff0000ff	__export__.isp_zone_1_8c968949	cable
Distribucion 22	-66.9361716409 10.4967438011,-66.9359150156 10.497088135,-66.936169087 10.4967155838,-66.9363468513 10.4975170288,-66.9364587655 10.4977494127,-66.936477609 10.4979584494,-66.936522536 10.4981456985,-66.9367484441 10.4985564299,-66.9367739931 10.4986382159,-66.9370005718 10.4988201605,-66.9370764121 10.4989553519,-66.9370649448 10.4995638797,-66.9370542839 10.4996245671,-66.9370469078 10.499873462	ff0000ff	__export__.isp_zone_1_8c968949	cable
D23. La Quebradita 12	-66.9447829825 10.4935345648,-66.9447316546 10.4933365795,-66.9447169024 10.4932838325,-66.9447008092 10.4932376788,-66.9446833748 10.4931849318	ff00ff04	__export__.isp_zone_1_8c968949	cable
Subtroncal Manga T4 a Manga 5	-66.9348112145 10.4984961493,-66.934424094 10.4985152884,-66.9340056694 10.4986049569,-66.9335443294 10.4989530812,-66.9332117355 10.499317029,-66.932948879 10.4996335049,-66.9326893756 10.4998425249	ff0000ff	__export__.isp_zone_1_8c968949	cable
